*RUNTIME PARAMETERS*
Window Size: 20
Amino Acid(s): Q
Composition Threshold(s): 40
Linear Dispersion Threshold: 0.5
Composition to Ignore Dispersion: 70.0

Protein ID	Domain Sequence	Domain Boundaries	Final Domain Composition	Final Domain Linear Dispersion	A	C	D	E	F	G	H	I	K	L	M	N	P	Q	R	S	T	V	W	Y
sp|P14680|YAK1_YEAST	QGSQRSPQQQHQNHHQQQQQQQQQQQQNSQ	(56-85)	63.33	0.5092	0.0	0.0	0.0	0.0	0.0	3.33	10.0	0.0	0.0	0.0	0.0	6.67	3.33	63.33	3.33	10.0	0.0	0.0	0.0	0.0
sp|P14680|YAK1_YEAST	QYPSGYQQQQQQVYQQGAIHPSQ	(164-186)	43.48	0.4861	4.35	0.0	0.0	0.0	0.0	8.7	4.35	4.35	0.0	0.0	0.0	0.0	8.7	43.48	0.0	8.7	0.0	4.35	0.0	13.04
sp|P34761|WHI3_YEAST	QQQSQQQQQQPQQPQQHSTQKHSPQQCNQQQ	(247-277)	61.29	0.7438	0.0	3.23	0.0	0.0	0.0	0.0	6.45	0.0	3.23	0.0	0.0	3.23	9.68	61.29	0.0	9.68	3.23	0.0	0.0	0.0
sp|P05453|ERF3_YEAST	QGNNQQNYQQYSQNGNQQQGNNRYQGYQ	(6-33)	39.29	0.776	0.0	0.0	0.0	0.0	0.0	14.29	0.0	0.0	0.0	0.0	0.0	25.0	0.0	39.29	3.57	3.57	0.0	0.0	0.0	14.29
sp|P05453|ERF3_YEAST	QQQYNPQGGYQQYNPQGGYQQQFNPQ	(70-95)	42.31	0.7378	0.0	0.0	0.0	0.0	3.85	15.38	0.0	0.0	0.0	0.0	0.0	11.54	11.54	42.31	0.0	0.0	0.0	0.0	0.0	15.38
