Protein ID	Domain Sequence	Domain Boundaries	LCD Class	Final Domain Composition	Final Domain Linear Dispersion
tr|A0A133U5Y8|A0A133U5Y8_9EURY UPF0280 protein AKJ57_05095 OS=candidate division MSBL1 archaeon SCGC-AAA259A05 OX=1698259 GN=AKJ57_05095 PE=3 SV=1	ADAVAVISEESSIADAAATA	(163-182)	A	40.0	0.5272
tr|A0A133U668|A0A133U668_9EURY Arsenic transporter OS=candidate division MSBL1 archaeon SCGC-AAA259A05 OX=1698259 GN=AKJ57_04985 PE=3 SV=1	AAPAAEIGASNFFELAVAVA	(298-317)	A	40.0	0.6657
tr|A0A133U6L8|A0A133U6L8_9EURY Pyridoxal 5'-phosphate synthase subunit PdxS OS=candidate division MSBL1 archaeon SCGC-AAA259A05 OX=1698259 GN=pdxS PE=3 SV=1	AQIAEEAGAVAVMALQAVPA	(39-58)	A	40.0	0.9416
tr|A0A133U816|A0A133U816_9EURY NFACT-R_1 domain-containing protein OS=candidate division MSBL1 archaeon SCGC-AAA259A05 OX=1698259 GN=AKJ57_04220 PE=4 SV=1	AAKFAAIHSRAWRRGQAAA	(519-537)	A	42.11	0.5867
tr|A0A133U8H9|A0A133U8H9_9EURY 50S ribosomal protein L12 OS=candidate division MSBL1 archaeon SCGC-AAA259A05 OX=1698259 GN=rpl12p PE=3 SV=1	AIEAAAAPVTPAAGAPSEAEKEKA	(53-76)	A	41.67	0.7006
tr|A0A133U9H0|A0A133U9H0_9EURY Peptidase_M10 domain-containing protein OS=candidate division MSBL1 archaeon SCGC-AAA259A05 OX=1698259 GN=AKJ57_03545 PE=4 SV=1	AQKGIATIAAVVAIVAVAGAAIGTPIA	(5-31)	A	37.04	0.8111
tr|A0A133U9T9|A0A133U9T9_9EURY Acetyl-CoA decarbonylase/synthase complex subunit delta OS=candidate division MSBL1 archaeon SCGC-AAA259A05 OX=1698259 GN=cdhD PE=3 SV=1	AVLEAAAEAAEGERCLLASA	(221-240)	A	40.0	0.5622
tr|A0A133UBM9|A0A133UBM9_9EURY Uncharacterized protein OS=candidate division MSBL1 archaeon SCGC-AAA259A05 OX=1698259 GN=AKJ57_00505 PE=4 SV=1	AAVLGVGAELALAAATSA	(178-195)	A	44.44	0.6214
tr|A0A133U2P5|A0A133U2P5_9EURY Uncharacterized protein OS=candidate division MSBL1 archaeon SCGC-AAA259A05 OX=1698259 GN=AKJ57_06885 PE=4 SV=1	EERKAELEEEFEEKIQQLREKWE	(140-162)	E	43.48	0.6516
tr|A0A133U2S1|A0A133U2S1_9EURY HEPN domain-containing protein OS=candidate division MSBL1 archaeon SCGC-AAA259A05 OX=1698259 GN=AKJ57_06875 PE=4 SV=1	EAKEEREDSDYEAFVEVEEKEAE	(90-112)	E	43.48	0.7999
tr|A0A133U2T6|A0A133U2T6_9EURY TrmB domain-containing protein OS=candidate division MSBL1 archaeon SCGC-AAA259A05 OX=1698259 GN=AKJ57_06825 PE=4 SV=1	EIIERMVQNKEEEMEQEIEKIRSTEE	(80-105)	E	38.46	0.7007
tr|A0A133U2T6|A0A133U2T6_9EURY TrmB domain-containing protein OS=candidate division MSBL1 archaeon SCGC-AAA259A05 OX=1698259 GN=AKJ57_06825 PE=4 SV=1	ELLEEENEPVQNESVQTFEEEMPE	(186-209)	E	41.67	0.6902
tr|A0A133U2T9|A0A133U2T9_9EURY PAC domain-containing protein OS=candidate division MSBL1 archaeon SCGC-AAA259A05 OX=1698259 GN=AKJ57_06855 PE=4 SV=1	EELGVECEERAREYYEDEE	(7-25)	E	47.37	0.7097
tr|A0A133U307|A0A133U307_9EURY Uncharacterized protein OS=candidate division MSBL1 archaeon SCGC-AAA259A05 OX=1698259 GN=AKJ57_06690 PE=4 SV=1	EELGIDPEEVEKAREEKKE	(78-96)	E	42.11	0.6611
tr|A0A133U309|A0A133U309_9EURY Uncharacterized protein OS=candidate division MSBL1 archaeon SCGC-AAA259A05 OX=1698259 GN=AKJ57_06670 PE=4 SV=1	ENCPVEKSWEKGEVEREEVE	(204-223)	E	40.0	0.8102
tr|A0A133U3A5|A0A133U3A5_9EURY DDE_Tnp_1 domain-containing protein OS=candidate division MSBL1 archaeon SCGC-AAA259A05 OX=1698259 GN=AKJ57_06510 PE=4 SV=1	EERLETLEEIRKEKEKE	(213-229)	E	47.06	0.7378
tr|A0A133U3B0|A0A133U3B0_9EURY Rhamnulokinase OS=candidate division MSBL1 archaeon SCGC-AAA259A05 OX=1698259 GN=AKJ57_06500 PE=4 SV=1	EKSLEIRKYEPEKSEEWEE	(458-476)	E	42.11	0.7468
tr|A0A133U3E5|A0A133U3E5_9EURY Beta-galactosidase OS=candidate division MSBL1 archaeon SCGC-AAA259A05 OX=1698259 GN=AKJ57_06440 PE=3 SV=1	EEEKVLELKIPELGLEEE	(202-219)	E	44.44	0.5887
tr|A0A133U3T2|A0A133U3T2_9EURY Uncharacterized protein OS=candidate division MSBL1 archaeon SCGC-AAA259A05 OX=1698259 GN=AKJ57_06230 PE=3 SV=1	EFGFEEDPEEVLEGVSHEVE	(70-89)	E	40.0	0.7743
tr|A0A133U3Z4|A0A133U3Z4_9EURY Cation:proton antiporter OS=candidate division MSBL1 archaeon SCGC-AAA259A05 OX=1698259 GN=AKJ57_06165 PE=4 SV=1	EERKGRETFRDEEAEEAAEEIEEDE	(147-171)	E	48.0	0.6941
tr|A0A133U435|A0A133U435_9EURY Uncharacterized protein OS=candidate division MSBL1 archaeon SCGC-AAA259A05 OX=1698259 GN=AKJ57_06095 PE=4 SV=1	EQEKSEEEKRKEYFEELGVEPKRTEEFEREDSGVPVVEPDEEEEKERKERKEKELEE	(10-66)	E	42.11	0.8367
tr|A0A133U453|A0A133U453_9EURY Glycoside hydrolase family 2 OS=candidate division MSBL1 archaeon SCGC-AAA259A05 OX=1698259 GN=AKJ57_06060 PE=3 SV=1	ENEEFVEEWLEGVDEEKVE	(423-441)	E	47.37	0.7289
tr|A0A133U4N5|A0A133U4N5_9EURY V-type ATP synthase beta chain OS=candidate division MSBL1 archaeon SCGC-AAA259A05 OX=1698259 GN=atpB PE=3 SV=1	ELLSELPEEELKRIEPEHIE	(417-436)	E	40.0	0.7574
tr|A0A133U4P6|A0A133U4P6_9EURY Uncharacterized protein OS=candidate division MSBL1 archaeon SCGC-AAA259A05 OX=1698259 GN=AKJ57_05755 PE=4 SV=1	EEDWEWAESVLEAMEREEEVPEIRDLE	(45-71)	E	40.74	0.8176
tr|A0A133U4Q8|A0A133U4Q8_9EURY Uncharacterized protein OS=candidate division MSBL1 archaeon SCGC-AAA259A05 OX=1698259 GN=AKJ57_05730 PE=4 SV=1	EIENGNDPEYESEIVEGEEE	(24-43)	E	45.0	0.6978
tr|A0A133U4T2|A0A133U4T2_9EURY Adenylate kinase OS=candidate division MSBL1 archaeon SCGC-AAA259A05 OX=1698259 GN=AKJ57_05710 PE=3 SV=1	EEKPVEEMMEEIYTAIEE	(79-96)	E	44.44	0.5887
tr|A0A133U4W2|A0A133U4W2_9EURY Uncharacterized protein OS=candidate division MSBL1 archaeon SCGC-AAA259A05 OX=1698259 GN=AKJ57_05640 PE=4 SV=1	ELEGRIEELEEENAE	(20-34)	E	53.33	0.6667
tr|A0A133U4Z5|A0A133U4Z5_9EURY Uncharacterized protein OS=candidate division MSBL1 archaeon SCGC-AAA259A05 OX=1698259 GN=AKJ57_05580 PE=4 SV=1	EEAREKYEWAEEHAREIIEEGVE	(164-186)	E	43.48	0.815
tr|A0A133U519|A0A133U519_9EURY DHHA1 domain-containing protein OS=candidate division MSBL1 archaeon SCGC-AAA259A05 OX=1698259 GN=AKJ57_05520 PE=4 SV=1	EELDVEKEEELRDEILDRIE	(247-266)	E	40.0	0.6657
tr|A0A133U5B2|A0A133U5B2_9EURY Uncharacterized protein OS=candidate division MSBL1 archaeon SCGC-AAA259A05 OX=1698259 GN=AKJ57_05415 PE=4 SV=1	EKVETKEGFEEGPEEGEFEDEKVETKEEFEEEPEEEGELGEEE	(53-95)	E	53.49	0.858
tr|A0A133U5F1|A0A133U5F1_9EURY Phage_integrase domain-containing protein OS=candidate division MSBL1 archaeon SCGC-AAA259A05 OX=1698259 GN=AKJ57_05355 PE=4 SV=1	EVLREHIAEREEQKIVEKEE	(396-415)	E	40.0	0.7574
tr|A0A133U5Z5|A0A133U5Z5_9EURY Uncharacterized protein OS=candidate division MSBL1 archaeon SCGC-AAA259A05 OX=1698259 GN=AKJ57_05105 PE=4 SV=1	EEMVDIVEEEGEVGAAEE	(28-45)	E	44.44	0.5426
tr|A0A133U620|A0A133U620_9EURY Rho_N domain-containing protein OS=candidate division MSBL1 archaeon SCGC-AAA259A05 OX=1698259 GN=AKJ57_05025 PE=4 SV=1	ENYKKSEVKTWPEIEEEVEETEEPQEEEPEEIVEEEEISGIEPVETAKPEE	(42-92)	E	45.1	0.7826
tr|A0A133U6B0|A0A133U6B0_9EURY Cell division protein FtsZ OS=candidate division MSBL1 archaeon SCGC-AAA259A05 OX=1698259 GN=ftsZ PE=3 SV=1	EGPTGERREPGGEELELELE	(339-358)	E	40.0	0.8102
tr|A0A133U6E7|A0A133U6E7_9EURY Uncharacterized protein OS=candidate division MSBL1 archaeon SCGC-AAA259A05 OX=1698259 GN=AKJ57_04875 PE=4 SV=1	EPPEDLEVIEGAQEEEE	(44-60)	E	47.06	0.628
tr|A0A133U6F1|A0A133U6F1_9EURY Uncharacterized protein OS=candidate division MSBL1 archaeon SCGC-AAA259A05 OX=1698259 GN=AKJ57_04880 PE=4 SV=1	EDIMEENEEIEVEGPKVEYENKE	(4-26)	E	43.48	0.7999
tr|A0A133U6F8|A0A133U6F8_9EURY HMA domain-containing protein OS=candidate division MSBL1 archaeon SCGC-AAA259A05 OX=1698259 GN=AKJ57_04910 PE=3 SV=1	ENGVDPSLMEEELEELEKE	(519-537)	E	42.11	0.4592
tr|A0A133U6Q0|A0A133U6Q0_9EURY Uncharacterized protein OS=candidate division MSBL1 archaeon SCGC-AAA259A05 OX=1698259 GN=AKJ57_04825 PE=4 SV=1	EGGAAKSVEEVEEEVEIEPVGEVESGPGPEE	(40-70)	E	38.71	0.7119
tr|A0A133U6Q0|A0A133U6Q0_9EURY Uncharacterized protein OS=candidate division MSBL1 archaeon SCGC-AAA259A05 OX=1698259 GN=AKJ57_04825 PE=4 SV=1	EGFPEEVSVQAEGERSEEGEPGVWEELEGELEE	(91-123)	E	42.42	0.802
tr|A0A133U755|A0A133U755_9EURY DDE_Tnp_1 domain-containing protein OS=candidate division MSBL1 archaeon SCGC-AAA259A05 OX=1698259 GN=AKJ57_04605 PE=4 SV=1	EEDWEWAESVLEAMEKEEEVPEIRDLE	(45-71)	E	40.74	0.8176
tr|A0A133U792|A0A133U792_9EURY SMC_N domain-containing protein OS=candidate division MSBL1 archaeon SCGC-AAA259A05 OX=1698259 GN=AKJ57_04535 PE=4 SV=1	EIREKEEKIGKINEKIEEIEGRSEE	(217-241)	E	40.0	0.7345
tr|A0A133U7C3|A0A133U7C3_9EURY Uncharacterized protein OS=candidate division MSBL1 archaeon SCGC-AAA259A05 OX=1698259 GN=AKJ57_04530 PE=4 SV=1	EEEDELLEELDFDLPELE	(75-92)	E	44.44	0.5576
tr|A0A133U7M4|A0A133U7M4_9EURY Uncharacterized protein OS=candidate division MSBL1 archaeon SCGC-AAA259A05 OX=1698259 GN=AKJ57_04375 PE=4 SV=1	EVGEEVVIGKPELEGEEVPEGIEE	(227-250)	E	41.67	0.7221
tr|A0A133U816|A0A133U816_9EURY NFACT-R_1 domain-containing protein OS=candidate division MSBL1 archaeon SCGC-AAA259A05 OX=1698259 GN=AKJ57_04220 PE=4 SV=1	ETEEELERLREEGIEGIE	(421-438)	E	50.0	0.7104
tr|A0A133U818|A0A133U818_9EURY Uncharacterized protein OS=candidate division MSBL1 archaeon SCGC-AAA259A05 OX=1698259 GN=AKJ57_04225 PE=4 SV=1	EDVEEWHEEEEEIMETEEAIVGKEE	(470-494)	E	52.0	0.6184
tr|A0A133U818|A0A133U818_9EURY Uncharacterized protein OS=candidate division MSBL1 archaeon SCGC-AAA259A05 OX=1698259 GN=AKJ57_04225 PE=4 SV=1	EEKAREMFEDDKRVMEEEE	(596-614)	E	42.11	0.5329
tr|A0A133U8H3|A0A133U8H3_9EURY Alanine--tRNA ligase OS=candidate division MSBL1 archaeon SCGC-AAA259A05 OX=1698259 GN=alaS PE=3 SV=1	ESHSHPEEEAEEASKIPEEFNLEDLPE	(474-500)	E	37.04	0.722
tr|A0A133U8H9|A0A133U8H9_9EURY 50S ribosomal protein L12 OS=candidate division MSBL1 archaeon SCGC-AAA259A05 OX=1698259 GN=rpl12p PE=3 SV=1	EAEKEKAEEKAEEAEEAEEEAEEEAEEEE	(70-98)	E	65.52	0.8939
tr|A0A133U8N3|A0A133U8N3_9EURY Uncharacterized protein OS=candidate division MSBL1 archaeon SCGC-AAA259A05 OX=1698259 GN=AKJ57_04080 PE=4 SV=1	EIEKIAEELGVSPEEVEE	(59-76)	E	44.44	0.6214
tr|A0A133U977|A0A133U977_9EURY Uncharacterized protein OS=candidate division MSBL1 archaeon SCGC-AAA259A05 OX=1698259 GN=AKJ57_03945 PE=4 SV=1	EESIEEVSEESSDLKEFE	(27-44)	E	44.44	0.6385
tr|A0A133U998|A0A133U998_9EURY Uncharacterized protein OS=candidate division MSBL1 archaeon SCGC-AAA259A05 OX=1698259 GN=AKJ57_03630 PE=4 SV=1	EKDLMEEIREWEEREQERRREEFRESFEESLEEVEE	(56-91)	E	47.22	0.8099
tr|A0A133U9A5|A0A133U9A5_9EURY Aldo_ket_red domain-containing protein OS=candidate division MSBL1 archaeon SCGC-AAA259A05 OX=1698259 GN=AKJ57_03875 PE=4 SV=1	EEVSEEEFSETQPERNE	(35-51)	E	47.06	0.6688
tr|A0A133U9C4|A0A133U9C4_9EURY Uncharacterized protein OS=candidate division MSBL1 archaeon SCGC-AAA259A05 OX=1698259 GN=AKJ57_03690 PE=4 SV=1	EKWRERRRREKKEEEKEEKISPGE	(115-138)	E	37.5	0.7301
tr|A0A133U9E7|A0A133U9E7_9EURY Uncharacterized protein OS=candidate division MSBL1 archaeon SCGC-AAA259A05 OX=1698259 GN=AKJ57_03535 PE=4 SV=1	ERITREEFLELEIPTEEELSEVMNE	(9-33)	E	40.0	0.7883
tr|A0A133U9E8|A0A133U9E8_9EURY Glutamyl-tRNA reductase OS=candidate division MSBL1 archaeon SCGC-AAA259A05 OX=1698259 GN=hemA PE=3 SV=1	ESIIEKELESLLKEYEEME	(312-330)	E	42.11	0.7857
tr|A0A133U9G6|A0A133U9G6_9EURY Uncharacterized protein OS=candidate division MSBL1 archaeon SCGC-AAA259A05 OX=1698259 GN=AKJ57_03550 PE=4 SV=1	ECDKKEKEHPEFEEARKKEEE	(29-49)	E	42.86	0.7007
tr|A0A133U9H9|A0A133U9H9_9EURY Uncharacterized protein OS=candidate division MSBL1 archaeon SCGC-AAA259A05 OX=1698259 GN=AKJ57_03620 PE=4 SV=1	ELESELEGKMELGEREREKRLEEVEDIIE	(60-88)	E	41.38	0.8974
tr|A0A133U9I1|A0A133U9I1_9EURY Uncharacterized protein OS=candidate division MSBL1 archaeon SCGC-AAA259A05 OX=1698259 GN=AKJ57_03515 PE=4 SV=1	ENENQYESVVVESEEEIIE	(28-46)	E	42.11	0.7285
tr|A0A133U9K8|A0A133U9K8_9EURY Uncharacterized protein OS=candidate division MSBL1 archaeon SCGC-AAA259A05 OX=1698259 GN=AKJ57_03345 PE=4 SV=1	ELKTSEAVERFEKMEESREE	(96-115)	E	40.0	0.7919
tr|A0A133U9K9|A0A133U9K9_9EURY 30S ribosomal protein S24e OS=candidate division MSBL1 archaeon SCGC-AAA259A05 OX=1698259 GN=rps24e PE=3 SV=1	EKSEETKKETEESEDESEKGEE	(95-116)	E	50.0	0.7881
tr|A0A133U9L0|A0A133U9L0_9EURY Uncharacterized protein OS=candidate division MSBL1 archaeon SCGC-AAA259A05 OX=1698259 GN=AKJ57_03260 PE=4 SV=1	EEELGEIEDQIKNREREIQE	(363-382)	E	40.0	0.6657
tr|A0A133U9M5|A0A133U9M5_9EURY Uncharacterized protein OS=candidate division MSBL1 archaeon SCGC-AAA259A05 OX=1698259 GN=AKJ57_03210 PE=4 SV=1	EEEIRERMKPELEKFEWE	(3-20)	E	44.44	0.7131
tr|A0A133U9M5|A0A133U9M5_9EURY Uncharacterized protein OS=candidate division MSBL1 archaeon SCGC-AAA259A05 OX=1698259 GN=AKJ57_03210 PE=4 SV=1	ENFLEKAGKAEEEEREISEAVE	(26-47)	E	40.91	0.6908
tr|A0A133U9P3|A0A133U9P3_9EURY Glyco_transf_20 domain-containing protein OS=candidate division MSBL1 archaeon SCGC-AAA259A05 OX=1698259 GN=AKJ57_03190 PE=4 SV=1	EEENSYELKRIHLSEEEVE	(73-91)	E	42.11	0.483
tr|A0A133U9R7|A0A133U9R7_9EURY Uncharacterized protein OS=candidate division MSBL1 archaeon SCGC-AAA259A05 OX=1698259 GN=AKJ57_03125 PE=4 SV=1	ERERFIEEAVRRLREEEE	(110-127)	E	44.44	0.4859
tr|A0A133U9T9|A0A133U9T9_9EURY Acetyl-CoA decarbonylase/synthase complex subunit delta OS=candidate division MSBL1 archaeon SCGC-AAA259A05 OX=1698259 GN=cdhD PE=3 SV=1	EEVEIEEYEPALKEWENQIQE	(73-93)	E	42.86	0.7446
tr|A0A133U9W1|A0A133U9W1_9EURY PK_C domain-containing protein OS=candidate division MSBL1 archaeon SCGC-AAA259A05 OX=1698259 GN=AKJ57_02940 PE=4 SV=1	EAYSEEGWTMNDEEKSEIEE	(66-85)	E	40.0	0.6382
tr|A0A133U9X5|A0A133U9X5_9EURY Uncharacterized protein OS=candidate division MSBL1 archaeon SCGC-AAA259A05 OX=1698259 GN=AKJ57_02815 PE=4 SV=1	EELEEELDGDHPEEGVSKE	(139-157)	E	42.11	0.5329
tr|A0A133U9Y6|A0A133U9Y6_9EURY Uncharacterized protein OS=candidate division MSBL1 archaeon SCGC-AAA259A05 OX=1698259 GN=AKJ57_02920 PE=4 SV=1	EAEREALEWIGENAGELTEE	(24-43)	E	40.0	0.8492
tr|A0A133U9Z0|A0A133U9Z0_9EURY Nse4_C domain-containing protein OS=candidate division MSBL1 archaeon SCGC-AAA259A05 OX=1698259 GN=AKJ57_02775 PE=4 SV=1	ERGTELETTETSPEEISREELSE	(137-159)	E	39.13	0.8336
tr|A0A133U9Z5|A0A133U9Z5_9EURY Tyrosyl-tRNA synthetase OS=candidate division MSBL1 archaeon SCGC-AAA259A05 OX=1698259 GN=AKJ57_02750 PE=3 SV=1	ELEERKELVLRSTEEVVTEEELEELLEE	(2-29)	E	46.43	0.68
tr|A0A133UA22|A0A133UA22_9EURY Uncharacterized protein OS=candidate division MSBL1 archaeon SCGC-AAA259A05 OX=1698259 GN=AKJ57_02790 PE=4 SV=1	EEFLRKIREFIEEDEYEE	(182-199)	E	44.44	0.5729
tr|A0A133UA37|A0A133UA37_9EURY SMC_N domain-containing protein OS=candidate division MSBL1 archaeon SCGC-AAA259A05 OX=1698259 GN=AKJ57_02780 PE=4 SV=1	EKLSEDFEELERSSKEADEE	(332-351)	E	40.0	0.7743
tr|A0A133UA64|A0A133UA64_9EURY Uncharacterized protein OS=candidate division MSBL1 archaeon SCGC-AAA259A05 OX=1698259 GN=AKJ57_02590 PE=4 SV=1	EEVEGKAPKEKEIEEIESAEAGVGEPEEGLGEPSEEGAKKREE	(19-61)	E	39.53	0.8332
tr|A0A133UA92|A0A133UA92_9EURY Uncharacterized protein OS=candidate division MSBL1 archaeon SCGC-AAA259A05 OX=1698259 GN=AKJ57_02570 PE=4 SV=1	EKEEVPKSGGTEEDENPEDESEESETVSEEESDGWDGE	(350-387)	E	39.47	0.7499
tr|A0A133UA95|A0A133UA95_9EURY Pyruvate ferredoxin oxidoreductase OS=candidate division MSBL1 archaeon SCGC-AAA259A05 OX=1698259 GN=AKJ57_02415 PE=4 SV=1	EMKFEEEETWEPLYTEILPEE	(384-404)	E	42.86	0.6603
tr|A0A133UAA2|A0A133UAA2_9EURY Short-chain dehydrogenase OS=candidate division MSBL1 archaeon SCGC-AAA259A05 OX=1698259 GN=AKJ57_02530 PE=3 SV=1	EKAKEKYEKGEVIEPEEVAE	(199-218)	E	40.0	0.8702
tr|A0A133UAC4|A0A133UAC4_9EURY Uncharacterized protein OS=candidate division MSBL1 archaeon SCGC-AAA259A05 OX=1698259 GN=AKJ57_02310 PE=4 SV=1	ENERDVEEETEEEEPIEEEPIKEEIEESEELSTGE	(9-43)	E	54.29	0.7616
tr|A0A133UAD0|A0A133UAD0_9EURY Uncharacterized protein OS=candidate division MSBL1 archaeon SCGC-AAA259A05 OX=1698259 GN=AKJ57_02285 PE=4 SV=1	EEQKARIEELEEEVEKFRE	(23-41)	E	47.37	0.5806
tr|A0A133UAF2|A0A133UAF2_9EURY Uncharacterized protein OS=candidate division MSBL1 archaeon SCGC-AAA259A05 OX=1698259 GN=AKJ57_02190 PE=4 SV=1	EKHENEDDVEEVEDIIEKE	(135-153)	E	42.11	0.8284
tr|A0A133UAF5|A0A133UAF5_9EURY FAD_binding_3 domain-containing protein OS=candidate division MSBL1 archaeon SCGC-AAA259A05 OX=1698259 GN=AKJ57_02300 PE=4 SV=1	EDEPSEENLEEYENAVQE	(303-320)	E	44.44	0.7336
tr|A0A133UAH1|A0A133UAH1_9EURY Uncharacterized protein OS=candidate division MSBL1 archaeon SCGC-AAA259A05 OX=1698259 GN=AKJ57_02040 PE=4 SV=1	EEEVESLEKAIERGSKERKE	(48-67)	E	40.0	0.7574
tr|A0A133UAH5|A0A133UAH5_9EURY Uncharacterized protein OS=candidate division MSBL1 archaeon SCGC-AAA259A05 OX=1698259 GN=AKJ57_02205 PE=4 SV=1	EGFEGSKPKETEEEPEDTPE	(44-63)	E	40.0	0.7096
tr|A0A133UAJ3|A0A133UAJ3_9EURY 3-dehydroquinate synthase OS=candidate division MSBL1 archaeon SCGC-AAA259A05 OX=1698259 GN=aroB' PE=3 SV=1	EGVEEIRKTCETLEELEE	(168-185)	E	44.44	0.6385
tr|A0A133UAK0|A0A133UAK0_9EURY Uncharacterized protein OS=candidate division MSBL1 archaeon SCGC-AAA259A05 OX=1698259 GN=AKJ57_02005 PE=4 SV=1	EKVREEEGLSEVYYEVGTEE	(159-178)	E	40.0	0.7251
tr|A0A133UAK0|A0A133UAK0_9EURY Uncharacterized protein OS=candidate division MSBL1 archaeon SCGC-AAA259A05 OX=1698259 GN=AKJ57_02005 PE=4 SV=1	EGLEELERKERETIEGKEVE	(286-305)	E	45.0	0.8721
tr|A0A133UAK3|A0A133UAK3_9EURY Uncharacterized protein OS=candidate division MSBL1 archaeon SCGC-AAA259A05 OX=1698259 GN=AKJ57_02080 PE=4 SV=1	EKDETFLSEEFERLEEKLYE	(345-364)	E	40.0	0.7743
tr|A0A133UAL8|A0A133UAL8_9EURY Uncharacterized protein OS=candidate division MSBL1 archaeon SCGC-AAA259A05 OX=1698259 GN=AKJ57_01985 PE=4 SV=1	ENEAEDVADRWIEESVENEEE	(205-225)	E	42.86	0.5875
tr|A0A133UAN1|A0A133UAN1_9EURY T2SP_E domain-containing protein OS=candidate division MSBL1 archaeon SCGC-AAA259A05 OX=1698259 GN=AKJ57_01940 PE=4 SV=1	ELSSEEREIMREVREQAIEEIE	(66-87)	E	40.91	0.8152
tr|A0A133UAN1|A0A133UAN1_9EURY T2SP_E domain-containing protein OS=candidate division MSBL1 archaeon SCGC-AAA259A05 OX=1698259 GN=AKJ57_01940 PE=4 SV=1	EEREELFYQGVKERLEDEE	(97-115)	E	42.11	0.5459
tr|A0A133UAN7|A0A133UAN7_9EURY T2SSF domain-containing protein OS=candidate division MSBL1 archaeon SCGC-AAA259A05 OX=1698259 GN=AKJ57_01935 PE=4 SV=1	ELKRLETEGPEVEEVEWEEEEWEERRAELE	(3-32)	E	50.0	0.7504
tr|A0A133UAP5|A0A133UAP5_9EURY Uncharacterized protein OS=candidate division MSBL1 archaeon SCGC-AAA259A05 OX=1698259 GN=AKJ57_01895 PE=4 SV=1	EFELEAENEDSEIEVDIELGESEKEVE	(161-187)	E	44.44	0.9365
tr|A0A133UAQ0|A0A133UAQ0_9EURY Uncharacterized protein OS=candidate division MSBL1 archaeon SCGC-AAA259A05 OX=1698259 GN=AKJ57_01760 PE=4 SV=1	EERKEKRRESEGEPEGRFGE	(20-39)	E	40.0	0.8102
tr|A0A133UAQ4|A0A133UAQ4_9EURY Tryptophan synthase beta chain OS=candidate division MSBL1 archaeon SCGC-AAA259A05 OX=1698259 GN=trpB PE=3 SV=1	ELEEAFEKYYPDPEFREEYE	(37-56)	E	40.0	0.68
tr|A0A133UAS0|A0A133UAS0_9EURY Uncharacterized protein OS=candidate division MSBL1 archaeon SCGC-AAA259A05 OX=1698259 GN=AKJ57_01840 PE=4 SV=1	EEILVEDYPETDEIGEAVEEWMEVVEVDE	(40-68)	E	37.93	0.8959
tr|A0A133UAU7|A0A133UAU7_9EURY DUF2293 domain-containing protein OS=candidate division MSBL1 archaeon SCGC-AAA259A05 OX=1698259 GN=AKJ57_01800 PE=4 SV=1	EERELAEKLVEENRESIREEME	(90-111)	E	45.45	0.7751
tr|A0A133UAW2|A0A133UAW2_9EURY UPF0282 protein AKJ57_01615 OS=candidate division MSBL1 archaeon SCGC-AAA259A05 OX=1698259 GN=AKJ57_01615 PE=3 SV=1	EARRKELHEEEPIEEEWYERLEEGELGEGLEE	(286-317)	E	46.88	0.7752
tr|A0A133UAW4|A0A133UAW4_9EURY Acetylglutamate kinase OS=candidate division MSBL1 archaeon SCGC-AAA259A05 OX=1698259 GN=argB PE=3 SV=1	ESEEELGFVGEVEEINPEIVE	(133-153)	E	42.86	0.6869
tr|A0A133UAY1|A0A133UAY1_9EURY Arginine--tRNA ligase OS=candidate division MSBL1 archaeon SCGC-AAA259A05 OX=1698259 GN=argS PE=3 SV=1	ERVESEPELEEEAREVLSRIEEGEGELAQE	(192-221)	E	43.33	0.8043
tr|A0A133UAY4|A0A133UAY4_9EURY Formylmethanofuran dehydrogenase OS=candidate division MSBL1 archaeon SCGC-AAA259A05 OX=1698259 GN=AKJ57_01545 PE=3 SV=1	EGNQERKLEDFFDVEEEEEDEGTIE	(39-63)	E	40.0	0.677
tr|A0A133UB36|A0A133UB36_9EURY Uncharacterized protein OS=candidate division MSBL1 archaeon SCGC-AAA259A05 OX=1698259 GN=AKJ57_01230 PE=4 SV=1	EEIERKEKEFREKSGMEFEEFEESWE	(45-70)	E	46.15	0.8026
tr|A0A133UB52|A0A133UB52_9EURY Uncharacterized protein OS=candidate division MSBL1 archaeon SCGC-AAA259A05 OX=1698259 GN=AKJ57_01300 PE=4 SV=1	ETEFEDLDVDYLEERAEEE	(148-166)	E	42.11	0.5329
tr|A0A133UB54|A0A133UB54_9EURY Uncharacterized protein OS=candidate division MSBL1 archaeon SCGC-AAA259A05 OX=1698259 GN=AKJ57_01275 PE=3 SV=1	ESFKEVLEERGVEREIEARESSEERIE	(75-101)	E	40.74	0.8755
tr|A0A133UB58|A0A133UB58_9EURY Uncharacterized protein OS=candidate division MSBL1 archaeon SCGC-AAA259A05 OX=1698259 GN=AKJ57_01355 PE=4 SV=1	EEEEKEGLVENLKESLENLE	(2-21)	E	45.0	0.6978
tr|A0A133UB63|A0A133UB63_9EURY Phage_integrase domain-containing protein OS=candidate division MSBL1 archaeon SCGC-AAA259A05 OX=1698259 GN=AKJ57_01245 PE=4 SV=1	ELIESEKEEIESLVQEFGDE	(15-34)	E	40.0	0.8102
tr|A0A133UB88|A0A133UB88_9EURY DOD-type homing endonuclease domain-containing protein OS=candidate division MSBL1 archaeon SCGC-AAA259A05 OX=1698259 GN=AKJ57_01350 PE=4 SV=1	EIEYGKRFEKETEPEREIETE	(395-415)	E	42.86	0.8108
tr|A0A133UB88|A0A133UB88_9EURY DOD-type homing endonuclease domain-containing protein OS=candidate division MSBL1 archaeon SCGC-AAA259A05 OX=1698259 GN=AKJ57_01350 PE=4 SV=1	EPERKEEEEDEEEEEPVPE	(855-873)	E	63.16	0.6708
tr|A0A133UBB0|A0A133UBB0_9EURY AA_TRNA_LIGASE_II domain-containing protein OS=candidate division MSBL1 archaeon SCGC-AAA259A05 OX=1698259 GN=AKJ57_01145 PE=4 SV=1	ESEFEIFVEHPETEEMVE	(272-289)	E	44.44	0.827
tr|A0A133UBC0|A0A133UBC0_9EURY DNA-directed RNA polymerase subunit N OS=candidate division MSBL1 archaeon SCGC-AAA259A05 OX=1698259 GN=rpoN PE=3 SV=1	EEFEKRVNEGEDPEEVLDE	(19-37)	E	42.11	0.7468
tr|A0A133UBC9|A0A133UBC9_9EURY Uncharacterized protein OS=candidate division MSBL1 archaeon SCGC-AAA259A05 OX=1698259 GN=AKJ57_01015 PE=4 SV=1	EELEEEEVSEIEELDSTAAE	(106-125)	E	50.0	0.5295
tr|A0A133UBE9|A0A133UBE9_9EURY Uncharacterized protein OS=candidate division MSBL1 archaeon SCGC-AAA259A05 OX=1698259 GN=AKJ57_01010 PE=4 SV=1	EAEMFGESKEENLEAMEERE	(299-318)	E	45.0	0.8046
tr|A0A133UBH3|A0A133UBH3_9EURY Uncharacterized protein OS=candidate division MSBL1 archaeon SCGC-AAA259A05 OX=1698259 GN=AKJ57_00855 PE=4 SV=1	EEKESEKKERETLKESPEKME	(3-23)	E	42.86	0.8689
tr|A0A133UBI4|A0A133UBI4_9EURY Uncharacterized protein OS=candidate division MSBL1 archaeon SCGC-AAA259A05 OX=1698259 GN=AKJ57_00925 PE=4 SV=1	EKEEEKRRKREREERRKGEEDESGEEKE	(78-105)	E	46.43	0.7123
tr|A0A133UBI4|A0A133UBI4_9EURY Uncharacterized protein OS=candidate division MSBL1 archaeon SCGC-AAA259A05 OX=1698259 GN=AKJ57_00925 PE=4 SV=1	EWGIDAMKELTEEEYEEE	(380-397)	E	44.44	0.4462
tr|A0A133UBN4|A0A133UBN4_9EURY 5'-deoxynucleotidase OS=candidate division MSBL1 archaeon SCGC-AAA259A05 OX=1698259 GN=AKJ57_00770 PE=3 SV=1	EVSTEIGSEVKEEIEERIWE	(121-140)	E	40.0	0.7919
tr|A0A133UBP1|A0A133UBP1_9EURY Signal recognition particle 54 kDa protein OS=candidate division MSBL1 archaeon SCGC-AAA259A05 OX=1698259 GN=srp54 PE=3 SV=1	EEEALMEEMKEISQEIGPDE	(196-215)	E	40.0	0.7096
tr|A0A133UBP1|A0A133UBP1_9EURY Signal recognition particle 54 kDa protein OS=candidate division MSBL1 archaeon SCGC-AAA259A05 OX=1698259 GN=srp54 PE=3 SV=1	ETLLEKIEETTEPEEIERE	(300-318)	E	47.37	0.7703
tr|A0A133UBP2|A0A133UBP2_9EURY Uncharacterized protein OS=candidate division MSBL1 archaeon SCGC-AAA259A05 OX=1698259 GN=AKJ57_00625 PE=4 SV=1	EVEEGPETRVEILIDEEE	(46-63)	E	44.44	0.6562
tr|A0A133UBQ9|A0A133UBQ9_9EURY ABC transporter domain-containing protein OS=candidate division MSBL1 archaeon SCGC-AAA259A05 OX=1698259 GN=AKJ57_00640 PE=4 SV=1	EEIEDLEKEFSANEVEVE	(217-234)	E	44.44	0.7777
tr|A0A133UBS2|A0A133UBS2_9EURY Uncharacterized protein OS=candidate division MSBL1 archaeon SCGC-AAA259A05 OX=1698259 GN=AKJ57_00430 PE=4 SV=1	EVEGLEWETPERFESEIE	(116-133)	E	44.44	0.9174
tr|A0A133UBT0|A0A133UBT0_9EURY Uncharacterized protein OS=candidate division MSBL1 archaeon SCGC-AAA259A05 OX=1698259 GN=AKJ57_00405 PE=4 SV=1	EELEERVEELEGKNQELKE	(16-34)	E	47.37	0.6914
tr|A0A133UBT0|A0A133UBT0_9EURY Uncharacterized protein OS=candidate division MSBL1 archaeon SCGC-AAA259A05 OX=1698259 GN=AKJ57_00405 PE=4 SV=1	EEENCPECGAELGEPREIE	(102-120)	E	42.11	0.7658
tr|A0A133UBZ5|A0A133UBZ5_9EURY Uncharacterized protein OS=candidate division MSBL1 archaeon SCGC-AAA259A05 OX=1698259 GN=AKJ57_00310 PE=3 SV=1	ENLEEAINKTEEIEKMEE	(149-166)	E	44.44	0.6385
tr|A0A133UC05|A0A133UC05_9EURY Cell division protein FtsZ OS=candidate division MSBL1 archaeon SCGC-AAA259A05 OX=1698259 GN=ftsZ PE=3 SV=1	EYSERDEEALERAIEEARAE	(3-22)	E	40.0	0.8102
tr|A0A133UC11|A0A133UC11_9EURY Uncharacterized protein OS=candidate division MSBL1 archaeon SCGC-AAA259A05 OX=1698259 GN=AKJ57_00145 PE=4 SV=1	EIEVYGSEEEVEEISRKVQELVEESE	(42-67)	E	42.31	0.6914
tr|A0A133U3Q1|A0A133U3Q1_9EURY Uncharacterized protein OS=candidate division MSBL1 archaeon SCGC-AAA259A05 OX=1698259 GN=AKJ57_06270 PE=4 SV=1	FFMIPIFFAFYYFYFF	(233-248)	F	50.0	0.6429
tr|A0A133U3Z7|A0A133U3Z7_9EURY 30S ribosomal protein S12 OS=candidate division MSBL1 archaeon SCGC-AAA259A05 OX=1698259 GN=rps12 PE=3 SV=1	GIGGAEGGAKGDIPGVG	(105-121)	G	47.06	0.7378
tr|A0A133U6K1|A0A133U6K1_9EURY O-acetylhomoserine aminocarboxypropyltransferase OS=candidate division MSBL1 archaeon SCGC-AAA259A05 OX=1698259 GN=AKJ57_04870 PE=4 SV=1	GFGGVVGFGIEGGAEGGKKFIEG	(88-110)	G	43.48	0.7448
tr|A0A133U8H3|A0A133U8H3_9EURY Alanine--tRNA ligase OS=candidate division MSBL1 archaeon SCGC-AAA259A05 OX=1698259 GN=alaS PE=3 SV=1	GVLGGGGGGKPSLGQGGG	(872-889)	G	61.11	0.5416
tr|A0A133UAN2|A0A133UAN2_9EURY T2SSF domain-containing protein OS=candidate division MSBL1 archaeon SCGC-AAA259A05 OX=1698259 GN=AKJ57_01930 PE=4 SV=1	GGMFSGVSLRGAAGLGAGAG	(233-252)	G	40.0	0.8102
tr|A0A133UAP7|A0A133UAP7_9EURY Thermosome subunit OS=candidate division MSBL1 archaeon SCGC-AAA259A05 OX=1698259 GN=AKJ57_01945 PE=3 SV=1	GPSGAPGGAPGGAPGGAPGGMPGGMPG	(533-559)	G	48.15	0.782
tr|A0A133UAW9|A0A133UAW9_9EURY Isocitrate dehydrogenase (NADP(+)) OS=candidate division MSBL1 archaeon SCGC-AAA259A05 OX=1698259 GN=AKJ57_01725 PE=3 SV=1	GQVGGLGIAPGSNIGDGKG	(298-316)	G	42.11	0.8284
tr|A0A133UBL3|A0A133UBL3_9EURY Phage_integrase domain-containing protein OS=candidate division MSBL1 archaeon SCGC-AAA259A05 OX=1698259 GN=AKJ57_00730 PE=4 SV=1	GQVRGRAGSLGGNRGEGRGDNPEGPG	(376-401)	G	38.46	0.8758
tr|A0A133U620|A0A133U620_9EURY Rho_N domain-containing protein OS=candidate division MSBL1 archaeon SCGC-AAA259A05 OX=1698259 GN=AKJ57_05025 PE=4 SV=1	IGAIIVLIIVVIILI	(115-129)	I	53.33	0.725
tr|A0A133U6X6|A0A133U6X6_9EURY DUF4234 domain-containing protein OS=candidate division MSBL1 archaeon SCGC-AAA259A05 OX=1698259 GN=AKJ57_04705 PE=4 SV=1	IIISIILIILSTI	(42-54)	I	61.54	0.7171
tr|A0A133U9V0|A0A133U9V0_9EURY Uncharacterized protein OS=candidate division MSBL1 archaeon SCGC-AAA259A05 OX=1698259 GN=AKJ57_03240 PE=4 SV=1	IIIIAIGWHLGIIGI	(2-16)	I	53.33	0.4628
tr|A0A133UA31|A0A133UA31_9EURY Uncharacterized protein OS=candidate division MSBL1 archaeon SCGC-AAA259A05 OX=1698259 GN=AKJ57_02705 PE=4 SV=1	IFGEYIPRILIGTIIIFVVI	(152-171)	I	40.0	0.7574
tr|A0A133UBT4|A0A133UBT4_9EURY Uncharacterized protein OS=candidate division MSBL1 archaeon SCGC-AAA259A05 OX=1698259 GN=AKJ57_00585 PE=4 SV=1	IISITILPIMEEWIFRGII	(98-116)	I	42.11	0.7468
tr|A0A133UC20|A0A133UC20_9EURY Uncharacterized protein OS=candidate division MSBL1 archaeon SCGC-AAA259A05 OX=1698259 GN=AKJ57_00035 PE=4 SV=1	ITTVAVIIYSIAIISIMSLIGGGI	(70-93)	I	37.5	0.7859
tr|A0A133U3V2|A0A133U3V2_9EURY DDE_Tnp_1 domain-containing protein OS=candidate division MSBL1 archaeon SCGC-AAA259A05 OX=1698259 GN=AKJ57_06185 PE=4 SV=1	KKTNLVKKACKKFKK	(156-170)	K	53.33	0.5905
tr|A0A133U426|A0A133U426_9EURY Uncharacterized protein OS=candidate division MSBL1 archaeon SCGC-AAA259A05 OX=1698259 GN=AKJ57_06075 PE=4 SV=1	KVKKHLRWKIEDRKKSRKK	(81-99)	K	42.11	0.6771
tr|A0A133U447|A0A133U447_9EURY Prefoldin subunit beta OS=candidate division MSBL1 archaeon SCGC-AAA259A05 OX=1698259 GN=pfdB PE=3 SV=1	KTQKKEIREKAKEKQKELKEKAEK	(93-116)	K	41.67	0.8638
tr|A0A133U4T3|A0A133U4T3_9EURY DDE_Tnp_1 domain-containing protein OS=candidate division MSBL1 archaeon SCGC-AAA259A05 OX=1698259 GN=AKJ57_05770 PE=4 SV=1	KKTNPVKKTCKKFKK	(116-130)	K	53.33	0.5905
tr|A0A133U563|A0A133U563_9EURY Uncharacterized protein OS=candidate division MSBL1 archaeon SCGC-AAA259A05 OX=1698259 GN=AKJ57_05485 PE=4 SV=1	KSRQTYFNKKKKLKKLVEK	(163-181)	K	42.11	0.471
tr|A0A133U762|A0A133U762_9EURY Uncharacterized protein OS=candidate division MSBL1 archaeon SCGC-AAA259A05 OX=1698259 GN=AKJ57_04540 PE=4 SV=1	KREKKCAEYKDKGYKKCSK	(85-103)	K	42.11	0.7658
tr|A0A133U779|A0A133U779_9EURY Ribosomal RNA large subunit methyltransferase E OS=candidate division MSBL1 archaeon SCGC-AAA259A05 OX=1698259 GN=rlmE PE=3 SV=1	KRWQKKRKNEHYYKKAKK	(3-20)	K	44.44	0.6214
tr|A0A133U792|A0A133U792_9EURY SMC_N domain-containing protein OS=candidate division MSBL1 archaeon SCGC-AAA259A05 OX=1698259 GN=AKJ57_04535 PE=4 SV=1	KRKIKEKEEEIKQKKK	(2-17)	K	50.0	0.6664
tr|A0A133U792|A0A133U792_9EURY SMC_N domain-containing protein OS=candidate division MSBL1 archaeon SCGC-AAA259A05 OX=1698259 GN=AKJ57_04535 PE=4 SV=1	KDPKKLEKGKKKIEKKIEKLK	(287-307)	K	52.38	0.7588
tr|A0A133U7I4|A0A133U7I4_9EURY Uncharacterized protein OS=candidate division MSBL1 archaeon SCGC-AAA259A05 OX=1698259 GN=AKJ57_04445 PE=4 SV=1	KLKKEEDYKISNQKKEKGKNKVAVIEKEKKQKIK	(23-56)	K	41.18	0.815
tr|A0A133U816|A0A133U816_9EURY NFACT-R_1 domain-containing protein OS=candidate division MSBL1 archaeon SCGC-AAA259A05 OX=1698259 GN=AKJ57_04220 PE=4 SV=1	KSRKKKQEKRLQELKNKVKETKAK	(296-319)	K	41.67	0.7806
tr|A0A133U822|A0A133U822_9EURY Uncharacterized protein OS=candidate division MSBL1 archaeon SCGC-AAA259A05 OX=1698259 GN=AKJ57_04250 PE=4 SV=1	KSKDRKRKIEKYLKKK	(106-121)	K	50.0	0.7452
tr|A0A133U8W5|A0A133U8W5_9EURY Isoleucine--tRNA ligase OS=candidate division MSBL1 archaeon SCGC-AAA259A05 OX=1698259 GN=ileS PE=3 SV=1	KKAPKKYEPSKKEKEIQKWWK	(3-23)	K	42.86	0.7446
tr|A0A133U9G4|A0A133U9G4_9EURY Phage_integrase domain-containing protein OS=candidate division MSBL1 archaeon SCGC-AAA259A05 OX=1698259 GN=AKJ57_03540 PE=4 SV=1	KKPKVRKQKPKIIKK	(277-291)	K	53.33	0.7926
tr|A0A133U9L0|A0A133U9L0_9EURY Uncharacterized protein OS=candidate division MSBL1 archaeon SCGC-AAA259A05 OX=1698259 GN=AKJ57_03260 PE=4 SV=1	KKSKQKRKEYNRRKKRIRRK	(196-215)	K	40.0	0.6946
tr|A0A133U9L0|A0A133U9L0_9EURY Uncharacterized protein OS=candidate division MSBL1 archaeon SCGC-AAA259A05 OX=1698259 GN=AKJ57_03260 PE=4 SV=1	KKNKLEKSIRNKKSELKK	(337-354)	K	44.44	0.6744
tr|A0A133U9X2|A0A133U9X2_9EURY DOD-type homing endonuclease domain-containing protein OS=candidate division MSBL1 archaeon SCGC-AAA259A05 OX=1698259 GN=AKJ57_03060 PE=4 SV=1	KWKEKKKSRKKSKKSKNYYFTPVRK	(480-504)	K	44.0	0.5966
tr|A0A133UA37|A0A133UA37_9EURY SMC_N domain-containing protein OS=candidate division MSBL1 archaeon SCGC-AAA259A05 OX=1698259 GN=AKJ57_02780 PE=4 SV=1	KMYKDHKEMLKELKEKAKK	(454-472)	K	42.11	0.8515
tr|A0A133UA66|A0A133UA66_9EURY Putative nickel insertion protein OS=candidate division MSBL1 archaeon SCGC-AAA259A05 OX=1698259 GN=AKJ57_02605 PE=3 SV=1	KLEREKKKVQTKYGKIKVK	(330-348)	K	42.11	0.7285
tr|A0A133UAI1|A0A133UAI1_9EURY Uncharacterized protein OS=candidate division MSBL1 archaeon SCGC-AAA259A05 OX=1698259 GN=AKJ57_02105 PE=4 SV=1	KIEKKEEKELWKKLTRLRKK	(196-215)	K	40.0	0.6946
tr|A0A133UAR3|A0A133UAR3_9EURY Uncharacterized protein OS=candidate division MSBL1 archaeon SCGC-AAA259A05 OX=1698259 GN=AKJ57_01750 PE=4 SV=1	KRTVKRIKKKTVEGIKKKK	(23-41)	K	47.37	0.5138
tr|A0A133UAU7|A0A133UAU7_9EURY DUF2293 domain-containing protein OS=candidate division MSBL1 archaeon SCGC-AAA259A05 OX=1698259 GN=AKJ57_01800 PE=4 SV=1	KAKKRGQKKREKRITRKLKKK	(218-238)	K	47.62	0.6663
tr|A0A133UBB0|A0A133UBB0_9EURY AA_TRNA_LIGASE_II domain-containing protein OS=candidate division MSBL1 archaeon SCGC-AAA259A05 OX=1698259 GN=AKJ57_01145 PE=4 SV=1	KIKKKPETKSGKKLAEKIK	(354-372)	K	47.37	0.6914
tr|A0A133UBC2|A0A133UBC2_9EURY Uncharacterized protein OS=candidate division MSBL1 archaeon SCGC-AAA259A05 OX=1698259 GN=AKJ57_00965 PE=4 SV=1	KKKISEFEKIREKLKKWLK	(105-123)	K	42.11	0.6454
tr|A0A133UBS5|A0A133UBS5_9EURY 50S ribosomal protein L21e OS=candidate division MSBL1 archaeon SCGC-AAA259A05 OX=1698259 GN=rpl21e PE=3 SV=1	KSKGKKSKTRKKLRKNVKERGK	(4-25)	K	45.45	0.8258
tr|A0A133UBT0|A0A133UBT0_9EURY Uncharacterized protein OS=candidate division MSBL1 archaeon SCGC-AAA259A05 OX=1698259 GN=AKJ57_00405 PE=4 SV=1	KEKLALKDEKIKRLHKKLRK	(33-52)	K	40.0	0.8492
tr|A0A133UBT7|A0A133UBT7_9EURY DEDD_Tnp_IS110 domain-containing protein OS=candidate division MSBL1 archaeon SCGC-AAA259A05 OX=1698259 GN=AKJ57_00370 PE=4 SV=1	KQKKPKKVAKIAAARKLTK	(295-313)	K	42.11	0.7108
tr|A0A133U2R8|A0A133U2R8_9EURY Uncharacterized protein OS=candidate division MSBL1 archaeon SCGC-AAA259A05 OX=1698259 GN=AKJ57_06895 PE=4 SV=1	LPPLTLLPFPSLLFLAALVSALL	(21-43)	L	43.48	0.7714
tr|A0A133U3R7|A0A133U3R7_9EURY Uncharacterized protein OS=candidate division MSBL1 archaeon SCGC-AAA259A05 OX=1698259 GN=AKJ57_06275 PE=3 SV=1	LLNLFVLWTLTSLLGFYYL	(313-331)	L	42.11	0.7658
tr|A0A133U3Z4|A0A133U3Z4_9EURY Cation:proton antiporter OS=candidate division MSBL1 archaeon SCGC-AAA259A05 OX=1698259 GN=AKJ57_06165 PE=4 SV=1	LFLMLISPFLLLLFLWDGSL	(106-125)	L	45.0	0.6384
tr|A0A133U492|A0A133U492_9EURY PadR domain-containing protein OS=candidate division MSBL1 archaeon SCGC-AAA259A05 OX=1698259 GN=AKJ57_05980 PE=4 SV=1	LKKKTREELLWPYLLKLLL	(6-24)	L	42.11	0.4951
tr|A0A133U4G3|A0A133U4G3_9EURY Uncharacterized protein OS=candidate division MSBL1 archaeon SCGC-AAA259A05 OX=1698259 GN=AKJ57_05895 PE=4 SV=1	LDIGLKWILLIAVGILLLIL	(179-198)	L	40.0	0.6657
tr|A0A133U668|A0A133U668_9EURY Arsenic transporter OS=candidate division MSBL1 archaeon SCGC-AAA259A05 OX=1698259 GN=AKJ57_04985 PE=3 SV=1	LEKIGNLTIIGLLLTLILL	(233-251)	L	42.11	0.6153
tr|A0A133U671|A0A133U671_9EURY Uncharacterized protein OS=candidate division MSBL1 archaeon SCGC-AAA259A05 OX=1698259 GN=AKJ57_05000 PE=4 SV=1	LGSFLLLFLAISLLL	(33-47)	L	53.33	0.5673
tr|A0A133U683|A0A133U683_9EURY Uncharacterized protein OS=candidate division MSBL1 archaeon SCGC-AAA259A05 OX=1698259 GN=AKJ57_04970 PE=4 SV=1	LGHPLYLLLNVGLPLL	(26-41)	L	50.0	0.6429
tr|A0A133U6K5|A0A133U6K5_9EURY MFS domain-containing protein OS=candidate division MSBL1 archaeon SCGC-AAA259A05 OX=1698259 GN=AKJ57_04815 PE=4 SV=1	LLTLILAVPLTILIALL	(63-79)	L	47.06	0.7378
tr|A0A133U6Q3|A0A133U6Q3_9EURY Polysacc_synt_C domain-containing protein OS=candidate division MSBL1 archaeon SCGC-AAA259A05 OX=1698259 GN=AKJ57_04790 PE=4 SV=1	LVLPLKLVSFSLPLVLLGGIL	(128-148)	L	42.86	0.8108
tr|A0A133U6Q3|A0A133U6Q3_9EURY Polysacc_synt_C domain-containing protein OS=candidate division MSBL1 archaeon SCGC-AAA259A05 OX=1698259 GN=AKJ57_04790 PE=4 SV=1	LLALSFLGVLSVYLISCLLGLLVVGL	(182-207)	L	42.31	0.8242
tr|A0A133U6Q3|A0A133U6Q3_9EURY Polysacc_synt_C domain-containing protein OS=candidate division MSBL1 archaeon SCGC-AAA259A05 OX=1698259 GN=AKJ57_04790 PE=4 SV=1	LPIILLIYLLGYLFLLLL	(464-481)	L	55.56	0.6744
tr|A0A133U6R6|A0A133U6R6_9EURY Uncharacterized protein OS=candidate division MSBL1 archaeon SCGC-AAA259A05 OX=1698259 GN=AKJ57_04750 PE=4 SV=1	LPLLLLLFQLMDLFSYEAFQL	(13-33)	L	42.86	0.5121
tr|A0A133U6U7|A0A133U6U7_9EURY Uncharacterized protein OS=candidate division MSBL1 archaeon SCGC-AAA259A05 OX=1698259 GN=AKJ57_04710 PE=4 SV=1	LNLENWILLGLLAGFGFWLL	(82-101)	L	40.0	0.6119
tr|A0A133U7K8|A0A133U7K8_9EURY Uncharacterized protein OS=candidate division MSBL1 archaeon SCGC-AAA259A05 OX=1698259 GN=AKJ57_04385 PE=3 SV=1	LLNQILRLRDKKEKELLLL	(373-391)	L	42.11	0.471
tr|A0A133U9D7|A0A133U9D7_9EURY Uncharacterized protein OS=candidate division MSBL1 archaeon SCGC-AAA259A05 OX=1698259 GN=AKJ57_03600 PE=4 SV=1	LAMLLLLEMKLKLKDKCPNL	(6-25)	L	40.0	0.5991
tr|A0A133U9M3|A0A133U9M3_9EURY Uncharacterized protein OS=candidate division MSBL1 archaeon SCGC-AAA259A05 OX=1698259 GN=AKJ57_03220 PE=4 SV=1	LKLPTLIIYGVGILLPLVLL	(225-244)	L	40.0	0.6119
tr|A0A133U9T1|A0A133U9T1_9EURY Uncharacterized protein OS=candidate division MSBL1 archaeon SCGC-AAA259A05 OX=1698259 GN=AKJ57_03040 PE=4 SV=1	LSILLLLAAGLVSREVGLL	(7-25)	L	42.11	0.5329
tr|A0A133U9T1|A0A133U9T1_9EURY Uncharacterized protein OS=candidate division MSBL1 archaeon SCGC-AAA259A05 OX=1698259 GN=AKJ57_03040 PE=4 SV=1	LMPVLGWVLLHLLEVGSLGLKTGVLML	(230-256)	L	37.04	0.8211
tr|A0A133U9V0|A0A133U9V0_9EURY Uncharacterized protein OS=candidate division MSBL1 archaeon SCGC-AAA259A05 OX=1698259 GN=AKJ57_03240 PE=4 SV=1	LRLIEIDLLQALRKLLKKL	(33-51)	L	42.11	0.7658
tr|A0A133U9V2|A0A133U9V2_9EURY PDZ domain-containing protein OS=candidate division MSBL1 archaeon SCGC-AAA259A05 OX=1698259 GN=AKJ57_03145 PE=4 SV=1	LKWMFALNLLIALFNLLPLKPL	(345-366)	L	40.91	0.77
tr|A0A133UA43|A0A133UA43_9EURY Uncharacterized protein OS=candidate division MSBL1 archaeon SCGC-AAA259A05 OX=1698259 GN=AKJ57_02665 PE=4 SV=1	LSEMLLVGLLFLLTGLAVLSLL	(58-79)	L	50.0	0.7549
tr|A0A133UA81|A0A133UA81_9EURY Rad51 domain-containing protein OS=candidate division MSBL1 archaeon SCGC-AAA259A05 OX=1698259 GN=AKJ57_02520 PE=4 SV=1	LDPLLEALPDLALETEMLL	(144-162)	L	42.11	0.7658
tr|A0A133UA88|A0A133UA88_9EURY Uncharacterized protein OS=candidate division MSBL1 archaeon SCGC-AAA259A05 OX=1698259 GN=AKJ57_02565 PE=4 SV=1	LFLYNPRGLPFSHLLSLLCL	(14-33)	L	40.0	0.6946
tr|A0A133UAM0|A0A133UAM0_9EURY Uncharacterized protein OS=candidate division MSBL1 archaeon SCGC-AAA259A05 OX=1698259 GN=AKJ57_01905 PE=4 SV=1	LILSGIALLLILPALLITSTYL	(15-36)	L	40.91	0.6908
tr|A0A133UAM6|A0A133UAM6_9EURY Uncharacterized protein OS=candidate division MSBL1 archaeon SCGC-AAA259A05 OX=1698259 GN=AKJ57_01885 PE=4 SV=1	LFAIILLLLTLTTLVNL	(20-36)	L	47.06	0.5902
tr|A0A133UAN7|A0A133UAN7_9EURY T2SSF domain-containing protein OS=candidate division MSBL1 archaeon SCGC-AAA259A05 OX=1698259 GN=AKJ57_01935 PE=4 SV=1	LLYLLVIPSLLLYL	(294-307)	L	57.14	0.6048
tr|A0A133UAT1|A0A133UAT1_9EURY Uncharacterized protein OS=candidate division MSBL1 archaeon SCGC-AAA259A05 OX=1698259 GN=AKJ57_01690 PE=4 SV=1	LGSFLPLPVLILLISFLL	(308-325)	L	44.44	0.7551
tr|A0A133UBC2|A0A133UBC2_9EURY Uncharacterized protein OS=candidate division MSBL1 archaeon SCGC-AAA259A05 OX=1698259 GN=AKJ57_00965 PE=4 SV=1	LKKPLLILPFLALFLWSVDL	(314-333)	L	40.0	0.8102
tr|A0A133UBE5|A0A133UBE5_9EURY Na_H_Exchanger domain-containing protein OS=candidate division MSBL1 archaeon SCGC-AAA259A05 OX=1698259 GN=AKJ57_00985 PE=4 SV=1	LILGVASVLLGVGLADLLGL	(14-33)	L	40.0	0.7251
tr|A0A133UBG5|A0A133UBG5_9EURY Uncharacterized protein OS=candidate division MSBL1 archaeon SCGC-AAA259A05 OX=1698259 GN=AKJ57_01025 PE=4 SV=1	LALSYVFLRDLEDLTRLLVL	(262-281)	L	40.0	0.8293
tr|A0A133UBK1|A0A133UBK1_9EURY Uncharacterized protein OS=candidate division MSBL1 archaeon SCGC-AAA259A05 OX=1698259 GN=AKJ57_00745 PE=4 SV=1	LTHVLSLPPLYLCVLLLALTYL	(29-50)	L	45.45	0.8081
tr|A0A133UBM2|A0A133UBM2_9EURY Uncharacterized protein OS=candidate division MSBL1 archaeon SCGC-AAA259A05 OX=1698259 GN=AKJ57_00705 PE=4 SV=1	LSLLPPFLVWMPELMGLSLLLLWVPLILATAL	(228-259)	L	40.62	0.787
tr|A0A133UBS8|A0A133UBS8_9EURY Uncharacterized protein OS=candidate division MSBL1 archaeon SCGC-AAA259A05 OX=1698259 GN=AKJ57_00460 PE=4 SV=1	LLHSLLTLVPTLAASFLL	(49-66)	L	44.44	0.6744
tr|A0A133UBS8|A0A133UBS8_9EURY Uncharacterized protein OS=candidate division MSBL1 archaeon SCGC-AAA259A05 OX=1698259 GN=AKJ57_00460 PE=4 SV=1	LTHLLLDFLGDGIVPLLYPL	(85-104)	L	40.0	0.6382
tr|A0A133UBT9|A0A133UBT9_9EURY MacB_PCD domain-containing protein OS=candidate division MSBL1 archaeon SCGC-AAA259A05 OX=1698259 GN=AKJ57_00485 PE=4 SV=1	LLSSLSGLGAGYGLTLLL	(325-342)	L	44.44	0.6214
tr|A0A133UBX4|A0A133UBX4_9EURY Uncharacterized protein OS=candidate division MSBL1 archaeon SCGC-AAA259A05 OX=1698259 GN=AKJ57_00315 PE=4 SV=1	LTALGSLGALLLSAMLVGPLTPL	(98-120)	L	39.13	0.8336
tr|A0A133UC18|A0A133UC18_9EURY Zinc permease OS=candidate division MSBL1 archaeon SCGC-AAA259A05 OX=1698259 GN=AKJ57_00185 PE=4 SV=1	LPVLAASLLSALLCTLGIL	(6-24)	L	42.11	0.8065
tr|A0A133UC42|A0A133UC42_9EURY Na_H_Exchanger domain-containing protein OS=candidate division MSBL1 archaeon SCGC-AAA259A05 OX=1698259 GN=AKJ57_00195 PE=4 SV=1	LPFIPALLLILLAAGAGRLLSL	(5-26)	L	40.91	0.5903
tr|A0A133UC42|A0A133UC42_9EURY Na_H_Exchanger domain-containing protein OS=candidate division MSBL1 archaeon SCGC-AAA259A05 OX=1698259 GN=AKJ57_00195 PE=4 SV=1	LLLFLTGLSLDLERFKEL	(67-84)	L	44.44	0.6562
tr|A0A133UB98|A0A133UB98_9EURY Prefoldin subunit beta OS=candidate division MSBL1 archaeon SCGC-AAA259A05 OX=1698259 GN=pfdB PE=3 SV=1	QLPPQVQQQISQLQKVQQQAQTLARQKQQ	(3-31)	Q	48.28	0.741
tr|A0A133U4D6|A0A133U4D6_9EURY Phage_integrase domain-containing protein OS=candidate division MSBL1 archaeon SCGC-AAA259A05 OX=1698259 GN=AKJ57_05910 PE=4 SV=1	RRRRMRASRPQTQDRAGR	(95-112)	R	44.44	0.5887
tr|A0A133U4W2|A0A133U4W2_9EURY Uncharacterized protein OS=candidate division MSBL1 archaeon SCGC-AAA259A05 OX=1698259 GN=AKJ57_05640 PE=4 SV=1	RRLGSSHSKRRTSRRKPGRRRDPKGVTR	(65-92)	R	35.71	0.6426
tr|A0A133U5U1|A0A133U5U1_9EURY Transcription initiation factor IIB OS=candidate division MSBL1 archaeon SCGC-AAA259A05 OX=1698259 GN=tfb PE=3 SV=1	RRSRMYRLRKWQRRVR	(109-124)	R	50.0	0.7452
tr|A0A133U6C9|A0A133U6C9_9EURY Phage_integrase domain-containing protein OS=candidate division MSBL1 archaeon SCGC-AAA259A05 OX=1698259 GN=AKJ57_04955 PE=4 SV=1	RRRKMEKGRPRTRDRAGKR	(99-117)	R	42.11	0.6771
tr|A0A133U7C0|A0A133U7C0_9EURY Transcription initiation factor IIB OS=candidate division MSBL1 archaeon SCGC-AAA259A05 OX=1698259 GN=tfb PE=3 SV=1	RSLSPERRSRMYRLRKWQRRIR	(100-121)	R	40.91	0.7559
tr|A0A133UAB6|A0A133UAB6_9EURY Uncharacterized protein OS=candidate division MSBL1 archaeon SCGC-AAA259A05 OX=1698259 GN=AKJ57_02260 PE=4 SV=1	RGKGDGSRRRSRRKKRPRGSFSHR	(50-73)	R	37.5	0.6701
tr|A0A133UAT5|A0A133UAT5_9EURY Type 2 DNA topoisomerase 6 subunit B OS=candidate division MSBL1 archaeon SCGC-AAA259A05 OX=1698259 GN=top6B PE=3 SV=1	RKLRRFLRKKIRRKERRQR	(457-475)	R	47.37	0.7289
tr|A0A133UB63|A0A133UB63_9EURY Phage_integrase domain-containing protein OS=candidate division MSBL1 archaeon SCGC-AAA259A05 OX=1698259 GN=AKJ57_01245 PE=4 SV=1	RHWEEDERTKRRLRRRSVQR	(196-215)	R	40.0	0.6249
tr|A0A133UB95|A0A133UB95_9EURY 50S ribosomal protein L15e OS=candidate division MSBL1 archaeon SCGC-AAA259A05 OX=1698259 GN=AKJ57_01075 PE=3 SV=1	RARVRRGGRRKERPRKGRRPKR	(57-78)	R	50.0	0.8061
tr|A0A133UBK6|A0A133UBK6_9EURY Uncharacterized protein OS=candidate division MSBL1 archaeon SCGC-AAA259A05 OX=1698259 GN=AKJ57_00655 PE=4 SV=1	RRGRGRRGYGRRPAVR	(20-35)	R	50.0	0.6664
tr|A0A133U320|A0A133U320_9EURY Uncharacterized protein OS=candidate division MSBL1 archaeon SCGC-AAA259A05 OX=1698259 GN=AKJ57_06675 PE=4 SV=1	SGMIYRSRSESLSSFQVSESSPCSNVLPSDS	(208-238)	S	38.71	0.8315
tr|A0A133U3L6|A0A133U3L6_9EURY Uncharacterized protein OS=candidate division MSBL1 archaeon SCGC-AAA259A05 OX=1698259 GN=AKJ57_06335 PE=4 SV=1	SNSAASLSASSVHSSAFLESSS	(19-40)	S	50.0	0.7104
tr|A0A133U4N7|A0A133U4N7_9EURY Uncharacterized protein OS=candidate division MSBL1 archaeon SCGC-AAA259A05 OX=1698259 GN=AKJ57_05800 PE=4 SV=1	SSNNSIIRSESFSLRIFLSS	(31-50)	S	40.0	0.7251
tr|A0A133UA04|A0A133UA04_9EURY Uncharacterized protein OS=candidate division MSBL1 archaeon SCGC-AAA259A05 OX=1698259 GN=AKJ57_02905 PE=4 SV=1	SYVTVGPSCSTSSPDSRTSSKLIVS	(5-29)	S	36.0	0.7514
tr|A0A133UA20|A0A133UA20_9EURY Uncharacterized protein OS=candidate division MSBL1 archaeon SCGC-AAA259A05 OX=1698259 GN=AKJ57_02710 PE=4 SV=1	SCSSQKFGKTSSSGESS	(56-72)	S	47.06	0.4749
tr|A0A133UAH8|A0A133UAH8_9EURY Uncharacterized protein OS=candidate division MSBL1 archaeon SCGC-AAA259A05 OX=1698259 GN=AKJ57_02075 PE=4 SV=1	SWVGRSGSGSYSKEISGLSS	(40-59)	S	40.0	0.8102
tr|A0A133UB93|A0A133UB93_9EURY Uncharacterized protein OS=candidate division MSBL1 archaeon SCGC-AAA259A05 OX=1698259 GN=AKJ57_01125 PE=4 SV=1	SSNKDKIRISSRSRSGVSS	(256-274)	S	42.11	0.5459
tr|A0A133UBT0|A0A133UBT0_9EURY Uncharacterized protein OS=candidate division MSBL1 archaeon SCGC-AAA259A05 OX=1698259 GN=AKJ57_00405 PE=4 SV=1	SSKRRGSSKSKSSSSS	(60-75)	S	62.5	0.5929
tr|A0A133U4M0|A0A133U4M0_9EURY Uncharacterized protein OS=candidate division MSBL1 archaeon SCGC-AAA259A05 OX=1698259 GN=AKJ57_05820 PE=4 SV=1	VKNYVVKDVVSEVSVVDVDSDVEV	(261-284)	V	45.83	0.7971
tr|A0A133U668|A0A133U668_9EURY Arsenic transporter OS=candidate division MSBL1 archaeon SCGC-AAA259A05 OX=1698259 GN=AKJ57_04985 PE=3 SV=1	VWVAVCIVAGVVLGRVVPAV	(28-47)	V	45.0	0.8046
tr|A0A133U6S1|A0A133U6S1_9EURY Lar_N domain-containing protein OS=candidate division MSBL1 archaeon SCGC-AAA259A05 OX=1698259 GN=AKJ57_04730 PE=4 SV=1	VNVVFDGEGKVVDVVCGHPV	(156-175)	V	40.0	0.6119
tr|A0A133U925|A0A133U925_9EURY Uncharacterized protein OS=candidate division MSBL1 archaeon SCGC-AAA259A05 OX=1698259 GN=AKJ57_03980 PE=4 SV=1	VIIWVYKMENDVRVSVVVPV	(7-26)	V	40.0	0.6518
tr|A0A133U9Y1|A0A133U9Y1_9EURY Uncharacterized protein OS=candidate division MSBL1 archaeon SCGC-AAA259A05 OX=1698259 GN=AKJ57_02785 PE=4 SV=1	VFEVQDKGIVVGVTRNSVVV	(203-222)	V	40.0	0.6518
tr|A0A133UAR6|A0A133UAR6_9EURY Uncharacterized protein OS=candidate division MSBL1 archaeon SCGC-AAA259A05 OX=1698259 GN=AKJ57_01910 PE=4 SV=1	VYFVDSFVPVEKNDVVKVRV	(211-230)	V	40.0	0.8102
tr|A0A133UBL6|A0A133UBL6_9EURY Uncharacterized protein OS=candidate division MSBL1 archaeon SCGC-AAA259A05 OX=1698259 GN=AKJ57_00760 PE=4 SV=1	VVEVAVVGQPHEVKGEVPAV	(557-576)	V	40.0	0.7251
