Protein ID	Domain Sequence	Domain Boundaries	LCD Class	Final Domain Composition	Final Domain Linear Dispersion
tr|A0A2W0FQJ3|A0A2W0FQJ3_9EURY Uncharacterized protein OS=Halogeometricum sp. wsp3 OX=2218585 GN=C8039_01945 PE=4 SV=1	AVASAANRSVSANHASGAPAAPSGAASDATVSAAARNEAA	(10-49)	A	42.5	0.8248
tr|A0A2W0FRE6|A0A2W0FRE6_9EURY Uncharacterized protein OS=Halogeometricum sp. wsp3 OX=2218585 GN=C8039_19145 PE=4 SV=1	AFLKAAGGTAAAATHLPAGRVAALRTA	(9-35)	A	40.74	0.7312
tr|A0A2W0FRJ5|A0A2W0FRJ5_9EURY Adenosylcobinamide-GDP ribazoletransferase OS=Halogeometricum sp. wsp3 OX=2218585 GN=cobS PE=3 SV=1	AVLALGTALLALALAALAVARLPPLVA	(92-118)	A	37.04	0.8111
tr|A0A2W0FRM6|A0A2W0FRM6_9EURY Uncharacterized protein OS=Halogeometricum sp. wsp3 OX=2218585 GN=C8039_03455 PE=4 SV=1	APALPDTHADANRAREAAA	(14-32)	A	42.11	0.6937
tr|A0A2W0FRM7|A0A2W0FRM7_9EURY 50S ribosomal protein L7Ae OS=Halogeometricum sp. wsp3 OX=2218585 GN=rpl7ae PE=3 SV=1	AAGLEVGSAAAAVTDAGEADADVEDIA	(87-113)	A	37.04	0.6827
tr|A0A2W0FRQ4|A0A2W0FRQ4_9EURY Uncharacterized protein OS=Halogeometricum sp. wsp3 OX=2218585 GN=C8039_12165 PE=4 SV=1	ADDAASDSSEETADGAADAA	(56-75)	A	40.0	0.5866
tr|A0A2W0FSB7|A0A2W0FSB7_9EURY Tritrans,polycis-undecaprenyl-diphosphate synthase (geranylgeranyl-diphosphate specific) OS=Halogeometricum sp. wsp3 OX=2218585 GN=uppS PE=3 SV=1	ALAYGGRAELLGAARDVAAA	(153-172)	A	40.0	0.68
tr|A0A2W0FTD7|A0A2W0FTD7_9EURY AA_kinase domain-containing protein OS=Halogeometricum sp. wsp3 OX=2218585 GN=pyrH PE=4 SV=1	AAQTTDAVAAAFAEYVGA	(114-131)	A	44.44	0.6214
tr|A0A2W0FUY9|A0A2W0FUY9_9EURY UPF0104 family protein OS=Halogeometricum sp. wsp3 OX=2218585 GN=C8039_04885 PE=4 SV=1	AAAASALHTSIFALYYGVAA	(112-131)	A	40.0	0.5158
tr|A0A2W0FV71|A0A2W0FV71_9EURY Uncharacterized protein OS=Halogeometricum sp. wsp3 OX=2218585 GN=C8039_09830 PE=4 SV=1	AFEGGDRVARTAAHALAAADRTLEAGSNATLA	(113-144)	A	34.38	0.7533
tr|A0A2W0FVV6|A0A2W0FVV6_9EURY Uncharacterized protein OS=Halogeometricum sp. wsp3 OX=2218585 GN=C8039_13215 PE=4 SV=1	AKARVAVVVGIAAYATETAATA	(38-59)	A	40.91	0.7559
tr|A0A2W0FWB7|A0A2W0FWB7_9EURY Uncharacterized protein OS=Halogeometricum sp. wsp3 OX=2218585 GN=C8039_10155 PE=4 SV=1	ASSFAPDKFIASAGAAGVAALA	(39-60)	A	40.91	0.7559
tr|A0A2W0FWF6|A0A2W0FWF6_9EURY Uncharacterized protein OS=Halogeometricum sp. wsp3 OX=2218585 GN=C8039_11730 PE=4 SV=1	ADAREFADAWAAVTPTGAA	(22-40)	A	42.11	0.6937
tr|A0A2W0G404|A0A2W0G404_9EURY Uncharacterized protein OS=Halogeometricum sp. wsp3 OX=2218585 GN=C8039_06830 PE=4 SV=1	AEGPLVLPAQLAAVAIAAVAGAILVPTRA	(211-239)	A	34.48	0.7163
tr|A0A2W0G543|A0A2W0G543_9EURY Uncharacterized protein OS=Halogeometricum sp. wsp3 OX=2218585 GN=C8039_16025 PE=4 SV=1	ALALAAAADHPEAA	(142-155)	A	57.14	0.5517
tr|A0A2W0G6Z2|A0A2W0G6Z2_9EURY Uncharacterized protein OS=Halogeometricum sp. wsp3 OX=2218585 GN=C8039_15385 PE=4 SV=1	ALAGIAAVGATLLAAFA	(52-68)	A	47.06	0.7378
tr|A0A2W0G787|A0A2W0G787_9EURY Uncharacterized protein OS=Halogeometricum sp. wsp3 OX=2218585 GN=C8039_14805 PE=4 SV=1	AAAALQASTKHAAAVATEAPA	(46-66)	A	52.38	0.6395
tr|A0A2W0G7I9|A0A2W0G7I9_9EURY Uncharacterized protein OS=Halogeometricum sp. wsp3 OX=2218585 GN=C8039_01065 PE=4 SV=1	AIDIGIPAAAGALAALGLAAGA	(27-48)	A	45.45	0.6187
tr|A0A2W0FRV7|A0A2W0FRV7_9EURY Uncharacterized protein OS=Halogeometricum sp. wsp3 OX=2218585 GN=C8039_02390 PE=4 SV=1	DDDDQEHQEGDVDDD	(47-61)	D	53.33	0.3388
tr|A0A2W0FW55|A0A2W0FW55_9EURY Uncharacterized protein OS=Halogeometricum sp. wsp3 OX=2218585 GN=C8039_16480 PE=4 SV=1	DDEWFIEDTEDHSDADDED	(107-125)	D	42.11	0.7108
tr|A0A2W0FSX7|A0A2W0FSX7_9EURY AAA_23 domain-containing protein OS=Halogeometricum sp. wsp3 OX=2218585 GN=C8039_11805 PE=4 SV=1	EQRRTELREQIEEKREELAEREEE	(168-191)	E	45.83	0.7444
tr|A0A2W0FW22|A0A2W0FW22_9EURY V-type proton ATPase subunit E OS=Halogeometricum sp. wsp3 OX=2218585 GN=atpE PE=3 SV=1	EEREAEVERTIEQERE	(45-60)	E	50.0	0.8078
tr|A0A2W0GH72|A0A2W0GH72_9EURY 30S ribosomal protein S3 OS=Halogeometricum sp. wsp3 OX=2218585 GN=rps3 PE=3 SV=1	ESVEELLEGEPEDSETAEELDE	(211-232)	E	45.45	0.8446
tr|A0A2W0GH72|A0A2W0GH72_9EURY 30S ribosomal protein S3 OS=Halogeometricum sp. wsp3 OX=2218585 GN=rps3 PE=3 SV=1	EADEEFVDEEIVEEDVE	(243-259)	E	47.06	0.6906
tr|A0A2W0GH72|A0A2W0GH72_9EURY 30S ribosomal protein S3 OS=Halogeometricum sp. wsp3 OX=2218585 GN=rps3 PE=3 SV=1	ELEEAVDEELDEDVEAEAEELMDEMDEEGDDE	(273-304)	E	43.75	0.8441
tr|A0A2W0FVY6|A0A2W0FVY6_9EURY TPP_enzyme_C domain-containing protein OS=Halogeometricum sp. wsp3 OX=2218585 GN=C8039_06705 PE=4 SV=1	GLTVVAAGGDGDGYGIGG	(92-109)	G	44.44	0.6048
tr|A0A2W0FWV5|A0A2W0FWV5_9EURY Uncharacterized protein OS=Halogeometricum sp. wsp3 OX=2218585 GN=C8039_15525 PE=4 SV=1	GTGGGNGGNGDSGSGGSGGDAGGNTGAGGSGGGDTGSSDGGGTGDGDGTDAGSVGDGG	(27-84)	G	53.45	0.8796
tr|A0A2W0FRJ5|A0A2W0FRJ5_9EURY Adenosylcobinamide-GDP ribazoletransferase OS=Halogeometricum sp. wsp3 OX=2218585 GN=cobS PE=3 SV=1	LALGTALLALALAALAVARL	(94-113)	L	40.0	0.8102
tr|A0A2W0FRX8|A0A2W0FRX8_9EURY Twin-arginine translocase TatA/TatE family subunit OS=Halogeometricum sp. wsp3 OX=2218585 GN=C8039_02695 PE=4 SV=1	LLIVLLVLVLLFGANKIPKL	(7-26)	L	40.0	0.5158
tr|A0A2W0FTN4|A0A2W0FTN4_9EURY Uncharacterized protein OS=Halogeometricum sp. wsp3 OX=2218585 GN=C8039_17760 PE=4 SV=1	LLELLLSTLLAAGLTVGGAL	(9-28)	L	45.0	0.6246
tr|A0A2W0FUP8|A0A2W0FUP8_9EURY Polysacc_synt_C domain-containing protein OS=Halogeometricum sp. wsp3 OX=2218585 GN=C8039_05310 PE=4 SV=1	LLLPAGVGLALLADDIILL	(8-26)	L	42.11	0.5459
tr|A0A2W0FUY9|A0A2W0FUY9_9EURY UPF0104 family protein OS=Halogeometricum sp. wsp3 OX=2218585 GN=C8039_04885 PE=4 SV=1	LILAIPLLRVELILLLALATSLYFAAGLAIL	(135-165)	L	38.71	0.8155
tr|A0A2W0FV50|A0A2W0FV50_9EURY Uncharacterized protein OS=Halogeometricum sp. wsp3 OX=2218585 GN=C8039_20080 PE=4 SV=1	LLYAALLSLLVSRELLDL	(33-50)	L	50.0	0.6338
tr|A0A2W0FVX0|A0A2W0FVX0_9EURY Uncharacterized protein OS=Halogeometricum sp. wsp3 OX=2218585 GN=C8039_17735 PE=4 SV=1	LLVLGPLLGQEALLLAGVVVL	(75-95)	L	42.86	0.635
tr|A0A2W0G3Z7|A0A2W0G3Z7_9EURY BatA domain-containing protein OS=Halogeometricum sp. wsp3 OX=2218585 GN=C8039_06425 PE=4 SV=1	LAPLGLAALLLTVPIVVLYL	(10-29)	L	40.0	0.6657
tr|A0A2W0G3Z7|A0A2W0G3Z7_9EURY BatA domain-containing protein OS=Halogeometricum sp. wsp3 OX=2218585 GN=C8039_06425 PE=4 SV=1	LTEPALLLQVLVVLVLAVGL	(61-80)	L	40.0	0.7574
tr|A0A2W0G5L5|A0A2W0G5L5_9EURY Uncharacterized protein OS=Halogeometricum sp. wsp3 OX=2218585 GN=C8039_19980 PE=4 SV=1	LLLLLVYLFGAELWMIIAL	(16-34)	L	42.11	0.5201
tr|A0A2W0FRB8|A0A2W0FRB8_9EURY Uncharacterized protein OS=Halogeometricum sp. wsp3 OX=2218585 GN=C8039_01410 PE=4 SV=1	PLPPRPRRPPCGPLVCAPPEHAP	(23-45)	P	43.48	0.7714
tr|A0A2W0G6B2|A0A2W0G6B2_9EURY Uncharacterized protein OS=Halogeometricum sp. wsp3 OX=2218585 GN=C8039_05070 PE=4 SV=1	PPPPPPPPPPPPPPPPPPPPP	(13-33)	P	100.0	0.0
tr|A0A2W0FQ27|A0A2W0FQ27_9EURY Uncharacterized protein OS=Halogeometricum sp. wsp3 OX=2218585 GN=C8039_18410 PE=4 SV=1	RARIVRRLIRRYRAYIQLIR	(19-38)	R	40.0	0.68
tr|A0A2W0FQ55|A0A2W0FQ55_9EURY Uncharacterized protein OS=Halogeometricum sp. wsp3 OX=2218585 GN=C8039_18855 PE=4 SV=1	RRRQSRGQPRNEPLRSRNFR	(35-54)	R	40.0	0.7574
tr|A0A2W0FQE0|A0A2W0FQE0_9EURY Uncharacterized protein OS=Halogeometricum sp. wsp3 OX=2218585 GN=C8039_00375 PE=4 SV=1	RTTPRRCRGSRTRERPLHRRDGTR	(23-46)	R	41.67	0.8339
tr|A0A2W0FQY1|A0A2W0FQY1_9EURY Uncharacterized protein OS=Halogeometricum sp. wsp3 OX=2218585 GN=C8039_04460 PE=4 SV=1	RSSGTLSVRRSPRRGRRRRR	(6-25)	R	50.0	0.4226
tr|A0A2W0FQY1|A0A2W0FQY1_9EURY Uncharacterized protein OS=Halogeometricum sp. wsp3 OX=2218585 GN=C8039_04460 PE=4 SV=1	RIAGEQPRVRRRARPVLRRLRRRRR	(166-190)	R	52.0	0.5688
tr|A0A2W0FQZ9|A0A2W0FQZ9_9EURY Uncharacterized protein OS=Halogeometricum sp. wsp3 OX=2218585 GN=C8039_19090 PE=4 SV=1	RGCTVEERKRVRLARGRFRR	(37-56)	R	40.0	0.7096
tr|A0A2W0FR65|A0A2W0FR65_9EURY Uncharacterized protein OS=Halogeometricum sp. wsp3 OX=2218585 GN=C8039_20110 PE=4 SV=1	RGARSRSPDRSRYLVSDRRR	(50-69)	R	40.0	0.7096
tr|A0A2W0FRD0|A0A2W0FRD0_9EURY Uncharacterized protein OS=Halogeometricum sp. wsp3 OX=2218585 GN=C8039_01685 PE=4 SV=1	RRDRFRRTETVRRRSTR	(35-51)	R	52.94	0.628
tr|A0A2W0FRG5|A0A2W0FRG5_9EURY Uncharacterized protein OS=Halogeometricum sp. wsp3 OX=2218585 GN=C8039_19425 PE=4 SV=1	RARSDKRRSVRDLRTRYVYRR	(50-70)	R	42.86	0.8108
tr|A0A2W0FRG5|A0A2W0FRG5_9EURY Uncharacterized protein OS=Halogeometricum sp. wsp3 OX=2218585 GN=C8039_19425 PE=4 SV=1	RLELRCRERTPESRSRTWRRTR	(125-146)	R	40.91	0.8315
tr|A0A2W0FRG7|A0A2W0FRG7_9EURY DNA_LIGASE_A3 domain-containing protein OS=Halogeometricum sp. wsp3 OX=2218585 GN=C8039_02370 PE=4 SV=1	RRFARNRRKSPTRSRSCRDR	(11-30)	R	45.0	0.7659
tr|A0A2W0FRG8|A0A2W0FRG8_9EURY Uncharacterized protein OS=Halogeometricum sp. wsp3 OX=2218585 GN=C8039_09075 PE=4 SV=1	RSRVAAGTRRSRRRLVQERSVVSTPRR	(13-39)	R	37.04	0.6827
tr|A0A2W0FRI3|A0A2W0FRI3_9EURY Uncharacterized protein OS=Halogeometricum sp. wsp3 OX=2218585 GN=C8039_19855 PE=4 SV=1	RISSFPSRRFLTRWYRRRRRAATGCRPRR	(52-80)	R	41.38	0.6462
tr|A0A2W0FRI5|A0A2W0FRI5_9EURY Aldo_ket_red domain-containing protein OS=Halogeometricum sp. wsp3 OX=2218585 GN=C8039_09860 PE=4 SV=1	RDHSRRSVRARGRVRRVHQR	(265-284)	R	45.0	0.7848
tr|A0A2W0FRJ5|A0A2W0FRJ5_9EURY Adenosylcobinamide-GDP ribazoletransferase OS=Halogeometricum sp. wsp3 OX=2218585 GN=cobS PE=3 SV=1	RRGTPSSGRRSVPARRLRRRRPRR	(6-29)	R	50.0	0.5563
tr|A0A2W0FRJ5|A0A2W0FRJ5_9EURY Adenosylcobinamide-GDP ribazoletransferase OS=Halogeometricum sp. wsp3 OX=2218585 GN=cobS PE=3 SV=1	RGSARRYRRERPAPPRRRTRRLTPGRHYR	(145-173)	R	44.83	0.7518
tr|A0A2W0FRJ7|A0A2W0FRJ7_9EURY Uncharacterized protein OS=Halogeometricum sp. wsp3 OX=2218585 GN=C8039_02880 PE=4 SV=1	RRFDGRRGRSERTEIEMRRIRMR	(18-40)	R	43.48	0.7321
tr|A0A2W0FRJ7|A0A2W0FRJ7_9EURY Uncharacterized protein OS=Halogeometricum sp. wsp3 OX=2218585 GN=C8039_02880 PE=4 SV=1	RPSPLTPQRTRRRNSQRSRRVSRR	(62-85)	R	41.67	0.6317
tr|A0A2W0FRL6|A0A2W0FRL6_9EURY Uncharacterized protein OS=Halogeometricum sp. wsp3 OX=2218585 GN=C8039_03300 PE=4 SV=1	RASRDERDARYPRARRLHHR	(6-25)	R	40.0	0.8702
tr|A0A2W0FRM6|A0A2W0FRM6_9EURY Uncharacterized protein OS=Halogeometricum sp. wsp3 OX=2218585 GN=C8039_03455 PE=4 SV=1	RRRRRCRITDARYRTPTLVMGRPRRDGANRRRASSSLRRCRRMTTAVTR	(38-86)	R	38.78	0.7493
tr|A0A2W0FRR4|A0A2W0FRR4_9EURY Uncharacterized protein OS=Halogeometricum sp. wsp3 OX=2218585 GN=C8039_04465 PE=4 SV=1	RTAILSRRRPEPLRQRPVRRR	(151-171)	R	42.86	0.6227
tr|A0A2W0FRY3|A0A2W0FRY3_9EURY Uncharacterized protein OS=Halogeometricum sp. wsp3 OX=2218585 GN=C8039_05750 PE=4 SV=1	RRGERLVEERVRRFERDSRRVHRRR	(78-102)	R	48.0	0.7154
tr|A0A2W0FRY8|A0A2W0FRY8_9EURY Uncharacterized protein OS=Halogeometricum sp. wsp3 OX=2218585 GN=C8039_14245 PE=4 SV=1	RSSRIGRRTAEMRVTRGTRR	(92-111)	R	40.0	0.7919
tr|A0A2W0FS67|A0A2W0FS67_9EURY Uncharacterized protein OS=Halogeometricum sp. wsp3 OX=2218585 GN=C8039_04535 PE=4 SV=1	RIRSRERSERSERRTAVRIRSR	(9-30)	R	45.45	0.8645
tr|A0A2W0FS77|A0A2W0FS77_9EURY Uncharacterized protein OS=Halogeometricum sp. wsp3 OX=2218585 GN=C8039_17585 PE=4 SV=1	RRPGTRQPSRLPRVIPRSRR	(24-43)	R	40.0	0.7919
tr|A0A2W0FS77|A0A2W0FS77_9EURY Uncharacterized protein OS=Halogeometricum sp. wsp3 OX=2218585 GN=C8039_17585 PE=4 SV=1	RGPRPPGRRMTVTRRRITRAYSRTNESRRGAERVRSRRVVR	(112-152)	R	39.02	0.8533
tr|A0A2W0FSA2|A0A2W0FSA2_9EURY Uncharacterized protein OS=Halogeometricum sp. wsp3 OX=2218585 GN=C8039_08830 PE=4 SV=1	RSSTRRSRNRTRRVADARGRRPRSR	(55-79)	R	48.0	0.7623
tr|A0A2W0FSA7|A0A2W0FSA7_9EURY Rhomboid domain-containing protein OS=Halogeometricum sp. wsp3 OX=2218585 GN=C8039_03490 PE=4 SV=1	RPLRVERSLRRVRQRVRRLVKTRPDFRER	(19-47)	R	41.38	0.8634
tr|A0A2W0FSB7|A0A2W0FSB7_9EURY Tritrans,polycis-undecaprenyl-diphosphate synthase (geranylgeranyl-diphosphate specific) OS=Halogeometricum sp. wsp3 OX=2218585 GN=uppS PE=3 SV=1	RRYADRRARGTGRPQRR	(39-55)	R	47.06	0.6688
tr|A0A2W0FSC9|A0A2W0FSC9_9EURY MFS transporter OS=Halogeometricum sp. wsp3 OX=2218585 GN=C8039_09865 PE=4 SV=1	RRSTRTCSTRFRTSPRERLR	(215-234)	R	40.0	0.8102
tr|A0A2W0FSI8|A0A2W0FSI8_9EURY Uncharacterized protein OS=Halogeometricum sp. wsp3 OX=2218585 GN=C8039_07570 PE=4 SV=1	RRLRVSRYRRYRWLVNRR	(8-25)	R	50.0	0.69
tr|A0A2W0FSK7|A0A2W0FSK7_9EURY PAC domain-containing protein OS=Halogeometricum sp. wsp3 OX=2218585 GN=C8039_07955 PE=4 SV=1	RRLGPPRTAARDRRRRPADRRGVVRRLRANR	(65-95)	R	45.16	0.7475
tr|A0A2W0FSK7|A0A2W0FSK7_9EURY PAC domain-containing protein OS=Halogeometricum sp. wsp3 OX=2218585 GN=C8039_07955 PE=4 SV=1	RGRDRRSSHRIGLDRLARR	(260-278)	R	42.11	0.7468
tr|A0A2W0FSP2|A0A2W0FSP2_9EURY Uncharacterized protein OS=Halogeometricum sp. wsp3 OX=2218585 GN=C8039_13090 PE=4 SV=1	RRRFRTETEKLARLSRRGQRR	(31-51)	R	42.86	0.565
tr|A0A2W0FST4|A0A2W0FST4_9EURY Uncharacterized protein OS=Halogeometricum sp. wsp3 OX=2218585 GN=C8039_09935 PE=4 SV=1	RHRHRRVTDAGRRRRGYWRRHRRPRGKEHRHHHRRRRVDGR	(2-42)	R	46.34	0.745
tr|A0A2W0FSV1|A0A2W0FSV1_9EURY Uncharacterized protein OS=Halogeometricum sp. wsp3 OX=2218585 GN=C8039_15115 PE=4 SV=1	RTGDRAVERAERGRSRRPERRKTTDR	(13-38)	R	38.46	0.8392
tr|A0A2W0FSW8|A0A2W0FSW8_9EURY Uncharacterized protein OS=Halogeometricum sp. wsp3 OX=2218585 GN=C8039_11630 PE=4 SV=1	RGDAGRRRRRRERPDRDRR	(83-101)	R	57.89	0.5728
tr|A0A2W0FSX7|A0A2W0FSX7_9EURY AAA_23 domain-containing protein OS=Halogeometricum sp. wsp3 OX=2218585 GN=C8039_11805 PE=4 SV=1	RRRPVRVPPRTNEARRSVAR	(100-119)	R	40.0	0.7096
tr|A0A2W0FT04|A0A2W0FT04_9EURY NTP_transferase domain-containing protein OS=Halogeometricum sp. wsp3 OX=2218585 GN=C8039_16790 PE=4 SV=1	RRCCRPQTADSRTRLRRAAR	(23-42)	R	40.0	0.68
tr|A0A2W0FT67|A0A2W0FT67_9EURY UDP diphosphate synthase OS=Halogeometricum sp. wsp3 OX=2218585 GN=C8039_09195 PE=4 SV=1	RVRDGRPDTRRGRGRGR	(138-154)	R	47.06	0.7916
tr|A0A2W0FTF8|A0A2W0FTF8_9EURY Uncharacterized protein OS=Halogeometricum sp. wsp3 OX=2218585 GN=C8039_17070 PE=4 SV=1	RRRGANRECRRRRGVGDVHDRR	(30-51)	R	45.45	0.4988
tr|A0A2W0FTI6|A0A2W0FTI6_9EURY Thiolase_C domain-containing protein OS=Halogeometricum sp. wsp3 OX=2218585 GN=C8039_18135 PE=4 SV=1	RGTGRSVEAPRAQRPHRRRRGPLRTQRGLCRADGVRRRRTRHPRREAQSPRRR	(19-71)	R	39.62	0.8209
tr|A0A2W0FTM5|A0A2W0FTM5_9EURY HTH arsR-type domain-containing protein OS=Halogeometricum sp. wsp3 OX=2218585 GN=C8039_14305 PE=4 SV=1	RPPPLRFRVGGVLRRRRVRHCRQAALWYMRQCR	(195-227)	R	33.33	0.7454
tr|A0A2W0FU72|A0A2W0FU72_9EURY Uncharacterized protein OS=Halogeometricum sp. wsp3 OX=2218585 GN=C8039_19315 PE=4 SV=1	RAIPRRRPTRRSESARRWSR	(30-49)	R	45.0	0.6672
tr|A0A2W0FU78|A0A2W0FU78_9EURY PAC domain-containing protein OS=Halogeometricum sp. wsp3 OX=2218585 GN=C8039_19420 PE=4 SV=1	RRCSRCSRTSLMSRRVARHRR	(119-139)	R	42.86	0.7149
tr|A0A2W0FUE2|A0A2W0FUE2_9EURY Bac_luciferase domain-containing protein OS=Halogeometricum sp. wsp3 OX=2218585 GN=C8039_00495 PE=4 SV=1	RPRNVRQHIALRRQRRGYRR	(215-234)	R	45.0	0.6823
tr|A0A2W0FUE2|A0A2W0FUE2_9EURY Bac_luciferase domain-containing protein OS=Halogeometricum sp. wsp3 OX=2218585 GN=C8039_00495 PE=4 SV=1	RRSASPTRRGTLRARRRSEPSRR	(244-266)	R	43.48	0.6411
tr|A0A2W0FUE9|A0A2W0FUE9_9EURY Uncharacterized protein OS=Halogeometricum sp. wsp3 OX=2218585 GN=C8039_00850 PE=4 SV=1	RRTAETRIRVRGRSARPRRAYRSYR	(90-114)	R	44.0	0.8326
tr|A0A2W0FUI2|A0A2W0FUI2_9EURY Uncharacterized protein OS=Halogeometricum sp. wsp3 OX=2218585 GN=C8039_03940 PE=4 SV=1	RRVRQSRGCRRRTVPDR	(21-37)	R	47.06	0.628
tr|A0A2W0FUL6|A0A2W0FUL6_9EURY Uncharacterized protein OS=Halogeometricum sp. wsp3 OX=2218585 GN=C8039_04615 PE=4 SV=1	RSARRRRPRTREVGVRCSCSRR	(29-50)	R	45.45	0.6532
tr|A0A2W0FUL9|A0A2W0FUL9_9EURY Uncharacterized protein OS=Halogeometricum sp. wsp3 OX=2218585 GN=C8039_02385 PE=4 SV=1	RRRGSSAGSRRCPDGRRVR	(23-41)	R	42.11	0.5329
tr|A0A2W0FUQ0|A0A2W0FUQ0_9EURY Uncharacterized protein OS=Halogeometricum sp. wsp3 OX=2218585 GN=C8039_02895 PE=4 SV=1	RADRRRSKPRRPPRRCCLRKRRRRPPVITGR	(62-92)	R	45.16	0.6864
tr|A0A2W0FUQ6|A0A2W0FUQ6_9EURY Uncharacterized protein OS=Halogeometricum sp. wsp3 OX=2218585 GN=C8039_05420 PE=4 SV=1	RPDWRRSTDTACRRRRRIRLRRVGERDAGRGR	(20-51)	R	43.75	0.7005
tr|A0A2W0FUS5|A0A2W0FUS5_9EURY Uncharacterized protein OS=Halogeometricum sp. wsp3 OX=2218585 GN=C8039_03325 PE=4 SV=1	RRRDDVRPTGERQRHVRATRRCSARRCTRGRRCAGRR	(3-39)	R	43.24	0.8203
tr|A0A2W0FUW1|A0A2W0FUW1_9EURY Uncharacterized protein OS=Halogeometricum sp. wsp3 OX=2218585 GN=C8039_07030 PE=4 SV=1	RRSRVRSSRSPTRQCLRRR	(15-33)	R	47.37	0.6914
tr|A0A2W0FV71|A0A2W0FV71_9EURY Uncharacterized protein OS=Halogeometricum sp. wsp3 OX=2218585 GN=C8039_09830 PE=4 SV=1	RSRARRLSLKRCRRGKHATR	(177-196)	R	40.0	0.6946
tr|A0A2W0FV71|A0A2W0FV71_9EURY Uncharacterized protein OS=Halogeometricum sp. wsp3 OX=2218585 GN=C8039_09830 PE=4 SV=1	RVARVAVRRTTRVERDRVR	(207-225)	R	42.11	0.8515
tr|A0A2W0FV88|A0A2W0FV88_9EURY Uncharacterized protein OS=Halogeometricum sp. wsp3 OX=2218585 GN=C8039_10390 PE=4 SV=1	RAATDRSGRRRLRWRHSRYQRSRWR	(33-57)	R	44.0	0.819
tr|A0A2W0FVA9|A0A2W0FVA9_9EURY Uncharacterized protein OS=Halogeometricum sp. wsp3 OX=2218585 GN=C8039_01655 PE=4 SV=1	RSWTRISHRSTIFWKRRRRRLSR	(7-29)	R	39.13	0.6129
tr|A0A2W0FVB1|A0A2W0FVB1_9EURY Uncharacterized protein OS=Halogeometricum sp. wsp3 OX=2218585 GN=C8039_11645 PE=4 SV=1	RNRRSLSRRRCSDRWR	(10-25)	R	50.0	0.6429
tr|A0A2W0FVB9|A0A2W0FVB9_9EURY Uncharacterized protein OS=Halogeometricum sp. wsp3 OX=2218585 GN=C8039_01920 PE=4 SV=1	RTPLRGIRTRRTTRRGLRRSETVR	(18-41)	R	41.67	0.7933
tr|A0A2W0FVJ1|A0A2W0FVJ1_9EURY Uncharacterized protein OS=Halogeometricum sp. wsp3 OX=2218585 GN=C8039_03180 PE=4 SV=1	RGSSTEPSSRCRRSRRERHRITVRNYR	(84-110)	R	37.04	0.6981
tr|A0A2W0FVL5|A0A2W0FVL5_9EURY Uncharacterized protein OS=Halogeometricum sp. wsp3 OX=2218585 GN=C8039_14200 PE=4 SV=1	RGPGRCSSRVRAGRRRFRR	(3-21)	R	47.37	0.6914
tr|A0A2W0FVN7|A0A2W0FVN7_9EURY Uncharacterized protein OS=Halogeometricum sp. wsp3 OX=2218585 GN=C8039_11800 PE=4 SV=1	RSSAVARTSSGRSRRRKRRSNAVTSRSLR	(123-151)	R	34.48	0.7369
tr|A0A2W0FVR2|A0A2W0FVR2_9EURY TP_methylase domain-containing protein OS=Halogeometricum sp. wsp3 OX=2218585 GN=C8039_15690 PE=4 SV=1	RRTGPRRQGSRRADSADGRRLRSR	(4-27)	R	41.67	0.68
tr|A0A2W0FVS2|A0A2W0FVS2_9EURY Uncharacterized protein OS=Halogeometricum sp. wsp3 OX=2218585 GN=C8039_16000 PE=4 SV=1	RFRRQPSRQCRKPSGRRRRAVR	(35-56)	R	45.45	0.6775
tr|A0A2W0FVX8|A0A2W0FVX8_9EURY Uncharacterized protein OS=Halogeometricum sp. wsp3 OX=2218585 GN=C8039_06390 PE=4 SV=1	RTGDNHRRNRRRAYRYRLLGTATVDR	(261-286)	R	34.62	0.6311
tr|A0A2W0FW11|A0A2W0FW11_9EURY Uncharacterized protein OS=Halogeometricum sp. wsp3 OX=2218585 GN=C8039_11575 PE=4 SV=1	RQRHVRRAGYRRRGDRRGQGDDVR	(4-27)	R	41.67	0.68
tr|A0A2W0FW18|A0A2W0FW18_9EURY TIGR04206 family protein OS=Halogeometricum sp. wsp3 OX=2218585 GN=C8039_07485 PE=4 SV=1	RRTRRRVTCGIEYGRNRLR	(151-169)	R	42.11	0.4592
tr|A0A2W0FW27|A0A2W0FW27_9EURY Uncharacterized protein OS=Halogeometricum sp. wsp3 OX=2218585 GN=C8039_15350 PE=4 SV=1	RSPSRIRSTPGQRPTRRRHRVR	(69-90)	R	40.91	0.7422
tr|A0A2W0FW37|A0A2W0FW37_9EURY Uncharacterized protein OS=Halogeometricum sp. wsp3 OX=2218585 GN=C8039_15630 PE=4 SV=1	RAHERRTRKRERNRR	(45-59)	R	53.33	0.7573
tr|A0A2W0FWB6|A0A2W0FWB6_9EURY Na_Ca_ex domain-containing protein OS=Halogeometricum sp. wsp3 OX=2218585 GN=C8039_05145 PE=4 SV=1	RAQRRPVLHHQRPRPRYRVRARDDVRPGRHRR	(110-141)	R	40.62	0.8241
tr|A0A2W0FWG5|A0A2W0FWG5_9EURY VOC domain-containing protein OS=Halogeometricum sp. wsp3 OX=2218585 GN=C8039_11935 PE=4 SV=1	RYAWRRADPLCRDRRRREDVDGYR	(187-210)	R	37.5	0.6245
tr|A0A2W0FWR2|A0A2W0FWR2_9EURY Uncharacterized protein OS=Halogeometricum sp. wsp3 OX=2218585 GN=C8039_14210 PE=4 SV=1	RLSTPRFRWSGRVVRRVRRTRSR	(7-29)	R	43.48	0.7999
tr|A0A2W0FWT4|A0A2W0FWT4_9EURY Uncharacterized protein OS=Halogeometricum sp. wsp3 OX=2218585 GN=C8039_15010 PE=4 SV=1	RTARRRRRWSRRR	(69-81)	R	69.23	0.5906
tr|A0A2W0FWX6|A0A2W0FWX6_9EURY Branched-chain-amino-acid aminotransferase OS=Halogeometricum sp. wsp3 OX=2218585 GN=ilvE PE=3 SV=1	RSWRRATARRCSRGRR	(31-46)	R	50.0	0.6911
tr|A0A2W0FWX6|A0A2W0FWX6_9EURY Branched-chain-amino-acid aminotransferase OS=Halogeometricum sp. wsp3 OX=2218585 GN=ilvE PE=3 SV=1	RRTEHGRRTVLHRQRRR	(283-299)	R	47.06	0.5381
tr|A0A2W0FX08|A0A2W0FX08_9EURY Uncharacterized protein OS=Halogeometricum sp. wsp3 OX=2218585 GN=C8039_17290 PE=4 SV=1	RRRRDLPRAHRRDSLGVQR	(20-38)	R	42.11	0.5329
tr|A0A2W0G3F9|A0A2W0G3F9_9EURY PNP_UDP_1 domain-containing protein OS=Halogeometricum sp. wsp3 OX=2218585 GN=C8039_02305 PE=3 SV=1	RNPRRRLATWLSRPARSDRR	(101-120)	R	40.0	0.6382
tr|A0A2W0G3F9|A0A2W0G3F9_9EURY PNP_UDP_1 domain-containing protein OS=Halogeometricum sp. wsp3 OX=2218585 GN=C8039_02305 PE=3 SV=1	RGCRNLAERSRRRRSTARLLNTR	(250-272)	R	39.13	0.7174
tr|A0A2W0G3Z7|A0A2W0G3Z7_9EURY BatA domain-containing protein OS=Halogeometricum sp. wsp3 OX=2218585 GN=C8039_06425 PE=4 SV=1	RRTRRNSRCRRSSSRRRR	(31-48)	R	61.11	0.7419
tr|A0A2W0G3Z7|A0A2W0G3Z7_9EURY BatA domain-containing protein OS=Halogeometricum sp. wsp3 OX=2218585 GN=C8039_06425 PE=4 SV=1	RWTDSVRRMRRERSAALSRRQPRSPAR	(153-179)	R	37.04	0.7557
tr|A0A2W0G487|A0A2W0G487_9EURY Uncharacterized protein OS=Halogeometricum sp. wsp3 OX=2218585 GN=C8039_08505 PE=4 SV=1	RPDDRESRYSRGRWRCRYVR	(63-82)	R	40.0	0.9161
tr|A0A2W0G4J2|A0A2W0G4J2_9EURY Uncharacterized protein OS=Halogeometricum sp. wsp3 OX=2218585 GN=C8039_18775 PE=4 SV=1	RTRFRRPCRRRCMDPGR	(108-124)	R	47.06	0.5723
tr|A0A2W0G4Z0|A0A2W0G4Z0_9EURY Uncharacterized protein OS=Halogeometricum sp. wsp3 OX=2218585 GN=C8039_00150 PE=4 SV=1	RRVAIARSARRRDGTLVIRR	(9-28)	R	40.0	0.5743
tr|A0A2W0G534|A0A2W0G534_9EURY Na_H_Exchanger domain-containing protein OS=Halogeometricum sp. wsp3 OX=2218585 GN=C8039_15790 PE=4 SV=1	RPTPTVRRRRGARRRRYRR	(234-252)	R	57.89	0.5592
tr|A0A2W0G543|A0A2W0G543_9EURY Uncharacterized protein OS=Halogeometricum sp. wsp3 OX=2218585 GN=C8039_16025 PE=4 SV=1	RCWTTSREQRSPRRRPRLRRTRRSRVRRRYGRGRTTRLIGR	(159-199)	R	46.34	0.8161
tr|A0A2W0G5H7|A0A2W0G5H7_9EURY Uncharacterized protein OS=Halogeometricum sp. wsp3 OX=2218585 GN=C8039_19310 PE=4 SV=1	RRRSPEARERQYLHRRLRQR	(40-59)	R	45.0	0.6672
tr|A0A2W0G5Q3|A0A2W0G5Q3_9EURY Uncharacterized protein OS=Halogeometricum sp. wsp3 OX=2218585 GN=C8039_00810 PE=4 SV=1	RLAVAVLRRRRRETRRTLESGHRSPPTR	(23-50)	R	35.71	0.6298
tr|A0A2W0G5R0|A0A2W0G5R0_9EURY Uncharacterized protein OS=Halogeometricum sp. wsp3 OX=2218585 GN=C8039_05410 PE=4 SV=1	RRRRGHLVRFLRSARTRSTRTR	(18-39)	R	45.45	0.7167
tr|A0A2W0G5R6|A0A2W0G5R6_9EURY Uncharacterized protein OS=Halogeometricum sp. wsp3 OX=2218585 GN=C8039_01190 PE=4 SV=1	REPRRRRSLDTSSPRRLARRTR	(60-81)	R	45.45	0.5361
tr|A0A2W0G5T0|A0A2W0G5T0_9EURY Uncharacterized protein OS=Halogeometricum sp. wsp3 OX=2218585 GN=C8039_01415 PE=4 SV=1	RIRERSGRRSDAATRIRR	(90-107)	R	44.44	0.6744
tr|A0A2W0G5U9|A0A2W0G5U9_9EURY Uncharacterized protein OS=Halogeometricum sp. wsp3 OX=2218585 GN=C8039_01995 PE=4 SV=1	RPVVRSRRPERRLPQRQKR	(52-70)	R	42.11	0.7857
tr|A0A2W0G614|A0A2W0G614_9EURY Uncharacterized protein OS=Halogeometricum sp. wsp3 OX=2218585 GN=C8039_02890 PE=4 SV=1	RIRLERWLRLTCPRPRSRRSRSPQSSPRGSASRRR	(36-70)	R	37.14	0.806
tr|A0A2W0G634|A0A2W0G634_9EURY Uncharacterized protein OS=Halogeometricum sp. wsp3 OX=2218585 GN=C8039_03320 PE=4 SV=1	RPRQPSRGVRRRTSGRR	(141-157)	R	47.06	0.648
tr|A0A2W0G654|A0A2W0G654_9EURY HD_domain domain-containing protein OS=Halogeometricum sp. wsp3 OX=2218585 GN=C8039_09655 PE=4 SV=1	RVRLLRRLVGRSPHPQRRR	(18-36)	R	42.11	0.6454
tr|A0A2W0G657|A0A2W0G657_9EURY Uncharacterized protein OS=Halogeometricum sp. wsp3 OX=2218585 GN=C8039_03780 PE=4 SV=1	RRRQRRRCGRHRYPSIRLDGR	(18-38)	R	47.62	0.6527
tr|A0A2W0G680|A0A2W0G680_9EURY NTP_transferase domain-containing protein OS=Halogeometricum sp. wsp3 OX=2218585 GN=C8039_10365 PE=4 SV=1	RSSGFLRGARRAVYRRLRRRIR	(50-71)	R	45.45	0.6652
tr|A0A2W0G690|A0A2W0G690_9EURY Uncharacterized protein OS=Halogeometricum sp. wsp3 OX=2218585 GN=C8039_10795 PE=4 SV=1	RTALSPRTNRASRDRHRLRRGVPDDRRGRRR	(108-138)	R	41.94	0.7645
tr|A0A2W0G6A5|A0A2W0G6A5_9EURY PAS domain-containing protein OS=Halogeometricum sp. wsp3 OX=2218585 GN=C8039_11640 PE=4 SV=1	RHRSEQRRRESERRFR	(10-25)	R	50.0	0.6429
tr|A0A2W0G6E2|A0A2W0G6E2_9EURY Uncharacterized protein OS=Halogeometricum sp. wsp3 OX=2218585 GN=C8039_12335 PE=4 SV=1	RRDSRPDRVVRRPRR	(45-59)	R	53.33	0.725
tr|A0A2W0G6F8|A0A2W0G6F8_9EURY Uncharacterized protein OS=Halogeometricum sp. wsp3 OX=2218585 GN=C8039_12675 PE=4 SV=1	RSGRRLRDTRTRGLPTHCRR	(114-133)	R	40.0	0.68
tr|A0A2W0G6I1|A0A2W0G6I1_9EURY DctM domain-containing protein OS=Halogeometricum sp. wsp3 OX=2218585 GN=C8039_13595 PE=4 SV=1	RRFRCRRSPCHRDRHR	(167-182)	R	50.0	0.6911
tr|A0A2W0G6I9|A0A2W0G6I9_9EURY Uncharacterized protein OS=Halogeometricum sp. wsp3 OX=2218585 GN=C8039_13890 PE=4 SV=1	RSADRARKRRRSPKSRRMRPKTSETR	(31-56)	R	38.46	0.7182
tr|A0A2W0G6K0|A0A2W0G6K0_9EURY Uncharacterized protein OS=Halogeometricum sp. wsp3 OX=2218585 GN=C8039_07525 PE=4 SV=1	RCQRRRRADRSRRR	(85-98)	R	64.29	0.6971
tr|A0A2W0G6S8|A0A2W0G6S8_9EURY Uncharacterized protein OS=Halogeometricum sp. wsp3 OX=2218585 GN=C8039_09780 PE=4 SV=1	RSGRRPRSRPADRRHAR	(35-51)	R	47.06	0.7378
tr|A0A2W0G6U5|A0A2W0G6U5_9EURY Uncharacterized protein OS=Halogeometricum sp. wsp3 OX=2218585 GN=C8039_10240 PE=4 SV=1	RRSSLRRETRPRRSGGR	(15-31)	R	47.06	0.6688
tr|A0A2W0G6U7|A0A2W0G6U7_9EURY L-aspartate oxidase OS=Halogeometricum sp. wsp3 OX=2218585 GN=C8039_17715 PE=3 SV=1	RLYAVGRVRPDRRPRREPPRR	(216-236)	R	42.86	0.7007
tr|A0A2W0G6U7|A0A2W0G6U7_9EURY L-aspartate oxidase OS=Halogeometricum sp. wsp3 OX=2218585 GN=C8039_17715 PE=3 SV=1	RRVRSAKYARLPREMDGRRRRARRRGPRTRDGRPPAAERRGRRLR	(275-319)	R	44.44	0.7867
tr|A0A2W0G6U7|A0A2W0G6U7_9EURY L-aspartate oxidase OS=Halogeometricum sp. wsp3 OX=2218585 GN=C8039_17715 PE=3 SV=1	RTPQRERHRPVDRAPRRRKRGERR	(329-352)	R	45.83	0.7832
tr|A0A2W0G6V3|A0A2W0G6V3_9EURY Uncharacterized protein OS=Halogeometricum sp. wsp3 OX=2218585 GN=C8039_10740 PE=4 SV=1	RRAATRRYRSTRGSSLQTRR	(55-74)	R	40.0	0.6382
tr|A0A2W0G6Y1|A0A2W0G6Y1_9EURY Uncharacterized protein OS=Halogeometricum sp. wsp3 OX=2218585 GN=C8039_11795 PE=4 SV=1	RRTRTPSSISRERARGDRPRFRPRGLSGAR	(14-43)	R	36.67	0.7985
tr|A0A2W0G6Y3|A0A2W0G6Y3_9EURY Uncharacterized protein OS=Halogeometricum sp. wsp3 OX=2218585 GN=C8039_11570 PE=4 SV=1	RTRRSKTATPSRRARWRRPSQR	(76-97)	R	40.91	0.6219
tr|A0A2W0G7A7|A0A2W0G7A7_9EURY Uncharacterized protein OS=Halogeometricum sp. wsp3 OX=2218585 GN=C8039_15345 PE=4 SV=1	RPARPRCRTRTRRIAAREGRRCPARR	(133-158)	R	46.15	0.8153
tr|A0A2W0G7H3|A0A2W0G7H3_9EURY Uncharacterized protein OS=Halogeometricum sp. wsp3 OX=2218585 GN=C8039_17595 PE=4 SV=1	RLRDTRRQPLPRGQRDRTR	(43-61)	R	42.11	0.8065
tr|A0A2W0G7N0|A0A2W0G7N0_9EURY Response regulatory domain-containing protein OS=Halogeometricum sp. wsp3 OX=2218585 GN=C8039_17475 PE=4 SV=1	RQRGLLYGARYRDRRRRGDR	(246-265)	R	45.0	0.5851
tr|A0A2W0GGE3|A0A2W0GGE3_9EURY Uncharacterized protein OS=Halogeometricum sp. wsp3 OX=2218585 GN=C8039_02270 PE=4 SV=1	RSERRSSARRFRGVPDRTQR	(70-89)	R	40.0	0.7743
tr|A0A2W0GGH6|A0A2W0GGH6_9EURY Uncharacterized protein OS=Halogeometricum sp. wsp3 OX=2218585 GN=C8039_02705 PE=4 SV=1	RRVRSSQNGRGGTERNRRFR	(52-71)	R	40.0	0.6946
tr|A0A2W0GGK0|A0A2W0GGK0_9EURY Uncharacterized protein OS=Halogeometricum sp. wsp3 OX=2218585 GN=C8039_03140 PE=4 SV=1	RRISRSTRRWTAIDGRRKRPPSRHLPQRRSRRNRRDRPRPRR	(25-66)	R	45.24	0.7939
tr|A0A2W0GGZ8|A0A2W0GGZ8_9EURY Uncharacterized protein OS=Halogeometricum sp. wsp3 OX=2218585 GN=C8039_07235 PE=4 SV=1	RPPATLLRRQHRARSRSRHRTDSRR	(44-68)	R	40.0	0.7553
tr|A0A2W0GH08|A0A2W0GH08_9EURY Uncharacterized protein OS=Halogeometricum sp. wsp3 OX=2218585 GN=C8039_07460 PE=4 SV=1	RRRPRWNPWHVNRGNRRRGRRRNALARRADDR	(98-129)	R	43.75	0.6714
tr|A0A2W0GH29|A0A2W0GH29_9EURY Uncharacterized protein OS=Halogeometricum sp. wsp3 OX=2218585 GN=C8039_07805 PE=4 SV=1	RRVPRRTRRQRGPPCLDRSSHRTR	(7-30)	R	41.67	0.7112
tr|A0A2W0GHQ8|A0A2W0GHQ8_9EURY ATP phosphoribosyltransferase OS=Halogeometricum sp. wsp3 OX=2218585 GN=hisG PE=4 SV=1	RSRRARGRRHRIGRRRGGQNR	(115-135)	R	52.38	0.7098
tr|A0A2W0GHR6|A0A2W0GHR6_9EURY Uncharacterized protein OS=Halogeometricum sp. wsp3 OX=2218585 GN=C8039_15200 PE=4 SV=1	RRGGHAVAVSRRVRPRPRLR	(75-94)	R	40.0	0.5386
tr|A0A2W0GHV2|A0A2W0GHV2_9EURY Uncharacterized protein OS=Halogeometricum sp. wsp3 OX=2218585 GN=C8039_16815 PE=4 SV=1	RSFRRQRWLRSVRLSYDTRR	(16-35)	R	40.0	0.741
tr|A0A2W0GI03|A0A2W0GI03_9EURY Uncharacterized protein OS=Halogeometricum sp. wsp3 OX=2218585 GN=C8039_06550 PE=4 SV=1	RDSSRTARRQCVRFRRPYR	(55-73)	R	42.11	0.7857
tr|A0A2W0FQP6|A0A2W0FQP6_9EURY Copper-bind domain-containing protein OS=Halogeometricum sp. wsp3 OX=2218585 GN=C8039_02635 PE=4 SV=1	SISTSSSSPSSIGPTPS	(136-152)	S	52.94	0.5381
tr|A0A2W0FQY1|A0A2W0FQY1_9EURY Uncharacterized protein OS=Halogeometricum sp. wsp3 OX=2218585 GN=C8039_04460 PE=4 SV=1	SSRERSSLHSSYSASIS	(82-98)	S	52.94	0.7378
tr|A0A2W0FR29|A0A2W0FR29_9EURY Uncharacterized protein OS=Halogeometricum sp. wsp3 OX=2218585 GN=C8039_05435 PE=4 SV=1	SNQSAQSASGSRSESTALS	(37-55)	S	42.11	0.9027
tr|A0A2W0FRS8|A0A2W0FRS8_9EURY Uncharacterized protein OS=Halogeometricum sp. wsp3 OX=2218585 GN=C8039_02055 PE=4 SV=1	SSRKPPLSFSFSQTASHSS	(74-92)	S	42.11	0.6937
tr|A0A2W0FRY9|A0A2W0FRY9_9EURY Uncharacterized protein OS=Halogeometricum sp. wsp3 OX=2218585 GN=C8039_03025 PE=4 SV=1	SSSSEAPVSDDDSSDQESGDS	(2-22)	S	42.86	0.6603
tr|A0A2W0FSC9|A0A2W0FSC9_9EURY MFS transporter OS=Halogeometricum sp. wsp3 OX=2218585 GN=C8039_09865 PE=4 SV=1	SSSARRVSSGTSLSPAS	(99-115)	S	47.06	0.628
tr|A0A2W0FST1|A0A2W0FST1_9EURY Uncharacterized protein OS=Halogeometricum sp. wsp3 OX=2218585 GN=C8039_14285 PE=4 SV=1	SPSVSASSSCRSLSRSRGRTSAFSS	(66-90)	S	48.0	0.7623
tr|A0A2W0FST1|A0A2W0FST1_9EURY Uncharacterized protein OS=Halogeometricum sp. wsp3 OX=2218585 GN=C8039_14285 PE=4 SV=1	SSASGQSISGRTRSSSS	(115-131)	S	52.94	0.5902
tr|A0A2W0FUE2|A0A2W0FUE2_9EURY Bac_luciferase domain-containing protein OS=Halogeometricum sp. wsp3 OX=2218585 GN=C8039_00495 PE=4 SV=1	SQSSWPSKPKVSVHSSS	(14-30)	S	47.06	0.628
tr|A0A2W0FUK3|A0A2W0FUK3_9EURY Uncharacterized protein OS=Halogeometricum sp. wsp3 OX=2218585 GN=C8039_04295 PE=4 SV=1	SISAGFCSCSSSPQSSSAAS	(70-89)	S	50.0	0.6611
tr|A0A2W0FV91|A0A2W0FV91_9EURY Uncharacterized protein OS=Halogeometricum sp. wsp3 OX=2218585 GN=C8039_01050 PE=4 SV=1	SSALSSPAGDSWRSGDAVSS	(38-57)	S	40.0	0.7096
tr|A0A2W0FVC8|A0A2W0FVC8_9EURY Uncharacterized protein OS=Halogeometricum sp. wsp3 OX=2218585 GN=C8039_02095 PE=4 SV=1	SSRRSSATTSISSGRLS	(34-50)	S	47.06	0.6688
tr|A0A2W0FVG2|A0A2W0FVG2_9EURY Uncharacterized protein OS=Halogeometricum sp. wsp3 OX=2218585 GN=C8039_12570 PE=4 SV=1	SGHCPDSGTHRDSSSSSQPSVSS	(8-30)	S	43.48	0.5725
tr|A0A2W0FVN7|A0A2W0FVN7_9EURY Uncharacterized protein OS=Halogeometricum sp. wsp3 OX=2218585 GN=C8039_11800 PE=4 SV=1	SSAGRRSRTSTTSSRNSTTS	(95-114)	S	40.0	0.7919
tr|A0A2W0FW91|A0A2W0FW91_9EURY Uncharacterized protein OS=Halogeometricum sp. wsp3 OX=2218585 GN=C8039_17600 PE=4 SV=1	SPCSAAVSSQTSSRTSSATRSS	(76-97)	S	45.45	0.7448
tr|A0A2W0G534|A0A2W0G534_9EURY Na_H_Exchanger domain-containing protein OS=Halogeometricum sp. wsp3 OX=2218585 GN=C8039_15790 PE=4 SV=1	SSSSEFRSNSARSSVSSFCCFSLAWSS	(4-30)	S	48.15	0.6832
tr|A0A2W0G534|A0A2W0G534_9EURY Na_H_Exchanger domain-containing protein OS=Halogeometricum sp. wsp3 OX=2218585 GN=C8039_15790 PE=4 SV=1	SASPERGLSTSASTSVSGSCSGSRCS	(40-65)	S	42.31	0.8625
tr|A0A2W0G5C9|A0A2W0G5C9_9EURY Uncharacterized protein OS=Halogeometricum sp. wsp3 OX=2218585 GN=C8039_03150 PE=4 SV=1	SSLLSSRERSGSTPTPSRSPRNSSS	(22-46)	S	44.0	0.7464
tr|A0A2W0G5F9|A0A2W0G5F9_9EURY Uncharacterized protein OS=Halogeometricum sp. wsp3 OX=2218585 GN=C8039_03920 PE=4 SV=1	SRSFAGSSSSRASDGNCS	(55-72)	S	44.44	0.6214
tr|A0A2W0G5W9|A0A2W0G5W9_9EURY Uncharacterized protein OS=Halogeometricum sp. wsp3 OX=2218585 GN=C8039_02220 PE=4 SV=1	SGLQFSRYFSSSSSRCLRS	(138-156)	S	42.11	0.5459
tr|A0A2W0G614|A0A2W0G614_9EURY Uncharacterized protein OS=Halogeometricum sp. wsp3 OX=2218585 GN=C8039_02890 PE=4 SV=1	SDSRSFSCSTLSTVASALSVSWSS	(2-25)	S	45.83	0.8778
tr|A0A2W0G614|A0A2W0G614_9EURY Uncharacterized protein OS=Halogeometricum sp. wsp3 OX=2218585 GN=C8039_02890 PE=4 SV=1	SRRSRSPQSSPRGSASRRRS	(52-71)	S	40.0	0.8492
tr|A0A2W0G622|A0A2W0G622_9EURY Uncharacterized protein OS=Halogeometricum sp. wsp3 OX=2218585 GN=C8039_03110 PE=4 SV=1	SSGSASVVVNVTESSKSPLS	(76-95)	S	40.0	0.6119
tr|A0A2W0G634|A0A2W0G634_9EURY Uncharacterized protein OS=Halogeometricum sp. wsp3 OX=2218585 GN=C8039_03320 PE=4 SV=1	SSSSGSRARSSFRTQASPTASSSASSTRACCSASRRS	(222-258)	S	43.24	0.7485
tr|A0A2W0G6H8|A0A2W0G6H8_9EURY Uncharacterized protein OS=Halogeometricum sp. wsp3 OX=2218585 GN=C8039_06980 PE=4 SV=1	SSTVSVSYSSSSASTSPS	(23-40)	S	61.11	0.8516
tr|A0A2W0G6M1|A0A2W0G6M1_9EURY Uncharacterized protein OS=Halogeometricum sp. wsp3 OX=2218585 GN=C8039_08210 PE=4 SV=1	SSSMVDSDTSSFSLWWAATS	(84-103)	S	40.0	0.6249
tr|A0A2W0G777|A0A2W0G777_9EURY Uncharacterized protein OS=Halogeometricum sp. wsp3 OX=2218585 GN=C8039_14370 PE=4 SV=1	SASSSASASDSNTMS	(55-69)	S	53.33	0.725
tr|A0A2W0G7D6|A0A2W0G7D6_9EURY Uncharacterized protein OS=Halogeometricum sp. wsp3 OX=2218585 GN=C8039_16295 PE=4 SV=1	SGFETLGPSGTSSSALCSSSLSSSSPTGSGAVSTRS	(100-135)	S	41.67	0.7219
tr|A0A2W0GHP1|A0A2W0GHP1_9EURY Uncharacterized protein OS=Halogeometricum sp. wsp3 OX=2218585 GN=C8039_14155 PE=4 SV=1	SSAVRQSWSRISVSTPPRSS	(100-119)	S	40.0	0.741
tr|A0A2W0GHP1|A0A2W0GHP1_9EURY Uncharacterized protein OS=Halogeometricum sp. wsp3 OX=2218585 GN=C8039_14155 PE=4 SV=1	SPTSYVGRSASNSSAYSS	(127-144)	S	44.44	0.7336
tr|A0A2W0FSH9|A0A2W0FSH9_9EURY Uncharacterized protein OS=Halogeometricum sp. wsp3 OX=2218585 GN=C8039_07455 PE=4 SV=1	TSLSTTRPVTSSTTTMTAKSSTTVFSSST	(88-116)	T	37.93	0.7677
tr|A0A2W0FUI2|A0A2W0FUI2_9EURY Uncharacterized protein OS=Halogeometricum sp. wsp3 OX=2218585 GN=C8039_03940 PE=4 SV=1	TSWGQSVTATETTVTETTLATTVTRMATAATGAT	(142-175)	T	41.18	0.8219
tr|A0A2W0FVQ7|A0A2W0FVQ7_9EURY Uncharacterized protein OS=Halogeometricum sp. wsp3 OX=2218585 GN=C8039_12225 PE=4 SV=1	TALPTKQNHSTSTTTTCTGST	(36-56)	T	42.86	0.6603
tr|A0A2W0G4M5|A0A2W0G4M5_9EURY PAS domain-containing protein OS=Halogeometricum sp. wsp3 OX=2218585 GN=C8039_19435 PE=4 SV=1	TASTSTSTRPTSTCTASTKKT	(126-146)	T	42.86	0.9396
tr|A0A2W0GG67|A0A2W0GG67_9EURY Uncharacterized protein OS=Halogeometricum sp. wsp3 OX=2218585 GN=C8039_00135 PE=4 SV=1	TTTASAGNTTTTRAGTRPGLT	(25-45)	T	42.86	0.565
tr|A0A2W0GH98|A0A2W0GH98_9EURY Uncharacterized protein OS=Halogeometricum sp. wsp3 OX=2218585 GN=C8039_09820 PE=4 SV=1	TPSSPGTEWTLVADRTTTTT	(110-129)	T	40.0	0.5272
tr|A0A2W0FR02|A0A2W0FR02_9EURY Uncharacterized protein OS=Halogeometricum sp. wsp3 OX=2218585 GN=C8039_05000 PE=4 SV=1	VVPRVDAVVNRFVTWLVVRLFVVVALSLTSVV	(15-46)	V	40.62	0.7466
tr|A0A2W0FU85|A0A2W0FU85_9EURY Uncharacterized protein OS=Halogeometricum sp. wsp3 OX=2218585 GN=C8039_02185 PE=4 SV=1	VEVVTNTVVAVRRTQVV	(55-71)	V	47.06	0.628
tr|A0A2W0FV63|A0A2W0FV63_9EURY Uncharacterized protein OS=Halogeometricum sp. wsp3 OX=2218585 GN=C8039_09665 PE=4 SV=1	VTDVLVGVGIAVVGFVRIV	(13-31)	V	42.11	0.8515
tr|A0A2W0FVP8|A0A2W0FVP8_9EURY Uncharacterized protein OS=Halogeometricum sp. wsp3 OX=2218585 GN=C8039_04655 PE=4 SV=1	VPVVLFELMVQRVRVREVRV	(11-30)	V	40.0	0.7743
tr|A0A2W0FW18|A0A2W0FW18_9EURY TIGR04206 family protein OS=Halogeometricum sp. wsp3 OX=2218585 GN=C8039_07485 PE=4 SV=1	VAGLCVAGFVVVNGLTVVVRKDNEVVSHPV	(19-48)	V	36.67	0.7406
