Protein ID	Domain Sequence	Domain Boundaries	LCD Class	Final Domain Composition	Final Domain Linear Dispersion
tr|A0A2T9WK19|A0A2T9WK19_9CREN Chorismate synthase OS=Sulfolobus sp. SCGC AB-777_G05 OX=1987490 GN=aroC PE=3 SV=1	ASARETASRVAAAAIA	(127-142)	A	50.0	0.5989
tr|A0A2T9WJR5|A0A2T9WJR5_9CREN Uncharacterized protein OS=Sulfolobus sp. SCGC AB-777_G05 OX=1987490 GN=DDW01_01160 PE=4 SV=1	EKKEEIEVNETCEGVEKNE	(24-42)	E	42.11	0.8762
tr|A0A2T9WK08|A0A2T9WK08_9CREN RPOL9 domain-containing protein OS=Sulfolobus sp. SCGC AB-777_G05 OX=1987490 GN=DDW01_00640 PE=4 SV=1	ERKLAEEELEQEREEYYKEVGLELLREEFEESEESEEE	(54-91)	E	50.0	0.7652
tr|A0A2T9WK31|A0A2T9WK31_9CREN Aldo_ket_red domain-containing protein OS=Sulfolobus sp. SCGC AB-777_G05 OX=1987490 GN=DDW01_00500 PE=4 SV=1	EELKHFVEIEEKPDLTEEE	(277-295)	E	42.11	0.5459
tr|A0A2T9WJF9|A0A2T9WJF9_9CREN Isocitrate dehydrogenase (NADP(+)) OS=Sulfolobus sp. SCGC AB-777_G05 OX=1987490 GN=DDW01_01645 PE=3 SV=1	GALVGNIGMLGGANIGDSGG	(103-122)	G	40.0	0.8102
tr|A0A2T9WJL6|A0A2T9WJL6_9CREN MFS domain-containing protein OS=Sulfolobus sp. SCGC AB-777_G05 OX=1987490 GN=DDW01_01350 PE=4 SV=1	GFALTDGLGHLGGGIGVLG	(414-432)	G	42.11	0.6937
tr|A0A2T9WJT1|A0A2T9WJT1_9CREN Superoxide dismutase OS=Sulfolobus sp. SCGC AB-777_G05 OX=1987490 GN=DDW01_01040 PE=3 SV=1	GKGGGKPGGVLGDMIDKQFG	(96-115)	G	40.0	0.5743
tr|A0A2T9WK42|A0A2T9WK42_9CREN 3-hydroxyacyl-CoA dehydrogenase OS=Sulfolobus sp. SCGC AB-777_G05 OX=1987490 GN=DDW01_00415 PE=3 SV=1	GGGEGGLEYFFSRGFGYG	(242-259)	G	44.44	0.4859
tr|A0A2T9WJH8|A0A2T9WJH8_9CREN Uncharacterized protein OS=Sulfolobus sp. SCGC AB-777_G05 OX=1987490 GN=DDW01_01580 PE=4 SV=1	INLVPIGIIIEILGGIIVAVGI	(86-107)	I	40.91	0.7158
tr|A0A2T9WJI3|A0A2T9WJI3_9CREN Uncharacterized protein OS=Sulfolobus sp. SCGC AB-777_G05 OX=1987490 GN=DDW01_01510 PE=4 SV=1	IILLLISLLVLILIIIRNTI	(488-507)	I	40.0	0.6657
tr|A0A2T9WJP5|A0A2T9WJP5_9CREN Uncharacterized protein OS=Sulfolobus sp. SCGC AB-777_G05 OX=1987490 GN=DDW01_01145 PE=4 SV=1	IINAIPSIILFIVIVVIGYI	(32-51)	I	45.0	0.8256
tr|A0A2T9WJP5|A0A2T9WJP5_9CREN Uncharacterized protein OS=Sulfolobus sp. SCGC AB-777_G05 OX=1987490 GN=DDW01_01145 PE=4 SV=1	IFILIAIAIIVQPFANITSI	(232-251)	I	40.0	0.7096
tr|A0A2T9WJR0|A0A2T9WJR0_9CREN Uncharacterized protein OS=Sulfolobus sp. SCGC AB-777_G05 OX=1987490 GN=DDW01_01170 PE=4 SV=1	INIMSIILILIIIIFLLISIYNPVFLIPAI	(6-35)	I	43.33	0.7396
tr|A0A2T9WJT4|A0A2T9WJT4_9CREN APC family permease OS=Sulfolobus sp. SCGC AB-777_G05 OX=1987490 GN=DDW01_00945 PE=4 SV=1	IGGIITLITSIIMFIALAQI	(161-180)	I	40.0	0.7919
tr|A0A2T9WJU1|A0A2T9WJU1_9CREN Mechanosensitive ion channel family protein OS=Sulfolobus sp. SCGC AB-777_G05 OX=1987490 GN=DDW01_00955 PE=3 SV=1	IKLLIIIVILGIISYLISVFVKILI	(8-32)	I	40.0	0.7553
tr|A0A2T9WJU7|A0A2T9WJU7_9CREN DedA family protein OS=Sulfolobus sp. SCGC AB-777_G05 OX=1987490 GN=DDW01_00950 PE=4 SV=1	IITFAERISELILILFIIAI	(155-174)	I	40.0	0.7251
tr|A0A2T9WJR2|A0A2T9WJR2_9CREN Glycine cleavage system protein H OS=Sulfolobus sp. SCGC AB-777_G05 OX=1987490 GN=DDW01_01090 PE=4 SV=1	KVVKVRLKKKGTKIEKGK	(47-64)	K	44.44	0.7551
tr|A0A2T9WJT7|A0A2T9WJT7_9CREN Winged helix-turn-helix domain-containing protein OS=Sulfolobus sp. SCGC AB-777_G05 OX=1987490 GN=DDW01_01005 PE=4 SV=1	KKEIEQLKEEINKLKKLKSK	(85-104)	K	40.0	0.6946
tr|A0A2T9WK27|A0A2T9WK27_9CREN Uncharacterized protein OS=Sulfolobus sp. SCGC AB-777_G05 OX=1987490 GN=DDW01_00505 PE=3 SV=1	KLKESSKKQNIEKAKKLIKTAKEKGAK	(9-35)	K	40.74	0.8512
tr|A0A2T9WJI3|A0A2T9WJI3_9CREN Uncharacterized protein OS=Sulfolobus sp. SCGC AB-777_G05 OX=1987490 GN=DDW01_01510 PE=4 SV=1	LIILLLISLLVLIL	(487-500)	L	57.14	0.7616
tr|A0A2T9WJS9|A0A2T9WJS9_9CREN Uncharacterized protein OS=Sulfolobus sp. SCGC AB-777_G05 OX=1987490 GN=DDW01_01045 PE=4 SV=1	LLAESLLLIKYNPLYSILL	(120-138)	L	42.11	0.6008
tr|A0A2T9WJT8|A0A2T9WJT8_9CREN Uncharacterized protein OS=Sulfolobus sp. SCGC AB-777_G05 OX=1987490 GN=DDW01_00975 PE=4 SV=1	LLAFALLISVLSNIYLAYLL	(5-24)	L	40.0	0.7251
tr|A0A2T9WJU9|A0A2T9WJU9_9CREN AAA_23 domain-containing protein OS=Sulfolobus sp. SCGC AB-777_G05 OX=1987490 GN=DDW01_00940 PE=4 SV=1	LIRLGDLGKGLSSLILLSLLLMLEKPEIL	(370-398)	L	41.38	0.8042
tr|A0A2T9WJV3|A0A2T9WJV3_9CREN Uncharacterized protein OS=Sulfolobus sp. SCGC AB-777_G05 OX=1987490 GN=DDW01_00870 PE=4 SV=1	LILVLGLVLYPYLYLSPLLPML	(13-34)	L	45.45	0.8645
tr|A0A2T9WJV3|A0A2T9WJV3_9CREN Uncharacterized protein OS=Sulfolobus sp. SCGC AB-777_G05 OX=1987490 GN=DDW01_00870 PE=4 SV=1	LTLQLILFSLWMLGDSLLSYL	(108-128)	L	42.86	0.8689
tr|A0A2T9WJV6|A0A2T9WJV6_9CREN Quinol oxidase subunit 1 OS=Sulfolobus sp. SCGC AB-777_G05 OX=1987490 GN=DDW01_00875 PE=3 SV=1	LPSLLGLMMFLPPLGFLMIL	(528-547)	L	40.0	0.8702
tr|A0A2T9WK36|A0A2T9WK36_9CREN DUF309 domain-containing protein OS=Sulfolobus sp. SCGC AB-777_G05 OX=1987490 GN=DDW01_00385 PE=4 SV=1	LLENALSLISELPQQLLPLLNVSLSL	(122-147)	L	42.31	0.8123
tr|A0A2T9WK84|A0A2T9WK84_9CREN Uncharacterized protein OS=Sulfolobus sp. SCGC AB-777_G05 OX=1987490 GN=DDW01_00185 PE=4 SV=1	LSLVILTLISLNTPLLLVSL	(169-188)	L	45.0	0.7848
tr|A0A2T9WK84|A0A2T9WK84_9CREN Uncharacterized protein OS=Sulfolobus sp. SCGC AB-777_G05 OX=1987490 GN=DDW01_00185 PE=4 SV=1	LLILLSLLSLL	(225-235)	L	72.73	1.0
tr|A0A2T9WK92|A0A2T9WK92_9CREN Uncharacterized protein OS=Sulfolobus sp. SCGC AB-777_G05 OX=1987490 GN=DDW01_00040 PE=4 SV=1	LKIKLYTNYLGLLKLFDILL	(124-143)	L	40.0	0.7574
tr|A0A2T9WK93|A0A2T9WK93_9CREN Uncharacterized protein OS=Sulfolobus sp. SCGC AB-777_G05 OX=1987490 GN=DDW01_00020 PE=4 SV=1	LPLFLFLFSLTYLLYLNPL	(161-179)	L	47.37	0.844
tr|A0A2T9WJI2|A0A2T9WJI2_9CREN Uncharacterized protein OS=Sulfolobus sp. SCGC AB-777_G05 OX=1987490 GN=DDW01_01575 PE=4 SV=1	SSTSSSPSSVSTPVVFTS	(28-45)	S	50.0	0.5226
tr|A0A2T9WJI3|A0A2T9WJI3_9CREN Uncharacterized protein OS=Sulfolobus sp. SCGC AB-777_G05 OX=1987490 GN=DDW01_01510 PE=4 SV=1	SLITLSSPSPSEVSYVSS	(18-35)	S	44.44	0.7336
tr|A0A2T9WK93|A0A2T9WK93_9CREN Uncharacterized protein OS=Sulfolobus sp. SCGC AB-777_G05 OX=1987490 GN=DDW01_00020 PE=4 SV=1	SLSLSSPKLSLLSSSIISLFFS	(224-245)	S	45.45	0.7597
tr|A0A2T9WJL4|A0A2T9WJL4_9CREN Hg(II) reductase OS=Sulfolobus sp. SCGC AB-777_G05 OX=1987490 GN=merA PE=4 SV=1	VVTNVKVKEVRKGSYKVVV	(140-158)	V	42.11	0.6008
