Protein ID	Domain Sequence	Domain Boundaries	LCD Class	Final Domain Composition	Final Domain Linear Dispersion
tr|A0A133VKG7|A0A133VKG7_9EURY Uncharacterized protein OS=candidate division MSBL1 archaeon SCGC-AAA382K21 OX=1698283 GN=AKJ54_00925 PE=4 SV=1	AIAAVIGALVLSGSAVAFAA	(9-28)	A	40.0	0.6657
tr|A0A133VL57|A0A133VL57_9EURY Uncharacterized protein OS=candidate division MSBL1 archaeon SCGC-AAA382K21 OX=1698283 GN=AKJ54_00580 PE=4 SV=1	AGAQDADALVAVAAADEVNFMA	(61-82)	A	40.91	0.7032
tr|A0A133VL71|A0A133VL71_9EURY Peptidyl-tRNA hydrolase OS=candidate division MSBL1 archaeon SCGC-AAA382K21 OX=1698283 GN=pth PE=3 SV=1	AVQVAHAALAAAEMA	(31-45)	A	53.33	0.6667
tr|A0A133VJI9|A0A133VJI9_9EURY Uncharacterized protein OS=candidate division MSBL1 archaeon SCGC-AAA382K21 OX=1698283 GN=AKJ54_01250 PE=4 SV=1	EEEIEELREEVAVKEEVIE	(2-20)	E	52.63	0.6408
tr|A0A133VJZ4|A0A133VJZ4_9EURY KaiC domain-containing protein OS=candidate division MSBL1 archaeon SCGC-AAA382K21 OX=1698283 GN=AKJ54_01110 PE=4 SV=1	EFGREPIESGEELMERIIEEVEDQGAE	(104-130)	E	37.04	0.8524
tr|A0A133VK47|A0A133VK47_9EURY Uncharacterized protein OS=candidate division MSBL1 archaeon SCGC-AAA382K21 OX=1698283 GN=AKJ54_01085 PE=4 SV=1	ERKREVEEEKEKQKKREEEANKEKVE	(387-412)	E	42.31	0.7282
tr|A0A133VK60|A0A133VK60_9EURY DDE_Tnp_1 domain-containing protein OS=candidate division MSBL1 archaeon SCGC-AAA382K21 OX=1698283 GN=AKJ54_01050 PE=4 SV=1	EEDWEWAESVLEAMKREEE	(45-63)	E	42.11	0.6937
tr|A0A133VK60|A0A133VK60_9EURY DDE_Tnp_1 domain-containing protein OS=candidate division MSBL1 archaeon SCGC-AAA382K21 OX=1698283 GN=AKJ54_01050 PE=4 SV=1	EKTREERLETLKEIRKEKEEE	(331-351)	E	42.86	0.7446
tr|A0A133VKG2|A0A133VKG2_9EURY Ald_Xan_dh_C domain-containing protein OS=candidate division MSBL1 archaeon SCGC-AAA382K21 OX=1698283 GN=AKJ54_00965 PE=4 SV=1	EEIAEEAVELIDVEYEDLE	(108-126)	E	42.11	0.7658
tr|A0A133VKG2|A0A133VKG2_9EURY Ald_Xan_dh_C domain-containing protein OS=candidate division MSBL1 archaeon SCGC-AAA382K21 OX=1698283 GN=AKJ54_00965 PE=4 SV=1	ECIEAVREELEETEDEASE	(421-439)	E	47.37	0.7703
tr|A0A133VKL4|A0A133VKL4_9EURY Uncharacterized protein OS=candidate division MSBL1 archaeon SCGC-AAA382K21 OX=1698283 GN=AKJ54_00875 PE=4 SV=1	EEADVEKEELMKKIEEKQEE	(14-33)	E	45.0	0.6384
tr|A0A133VKU0|A0A133VKU0_9EURY KaiC domain-containing protein OS=candidate division MSBL1 archaeon SCGC-AAA382K21 OX=1698283 GN=AKJ54_00770 PE=4 SV=1	EESEAEPEDLLGEMVEVVDE	(100-119)	E	40.0	0.8102
tr|A0A133VKV1|A0A133VKV1_9EURY Diguanylate cyclase OS=candidate division MSBL1 archaeon SCGC-AAA382K21 OX=1698283 GN=AKJ54_00800 PE=4 SV=1	EELLAEEEWIAIKEQEPE	(224-241)	E	44.44	0.6048
tr|A0A133VKW4|A0A133VKW4_9EURY Uncharacterized protein OS=candidate division MSBL1 archaeon SCGC-AAA382K21 OX=1698283 GN=AKJ54_00785 PE=4 SV=1	EYEVRVSFEEEQEPETSFE	(136-154)	E	42.11	0.6771
tr|A0A133VL41|A0A133VL41_9EURY Uncharacterized protein OS=candidate division MSBL1 archaeon SCGC-AAA382K21 OX=1698283 GN=AKJ54_00685 PE=4 SV=1	EEEENPNENEEQEE	(14-27)	E	64.29	0.6971
tr|A0A133VLE7|A0A133VLE7_9EURY DDE_Tnp_1 domain-containing protein OS=candidate division MSBL1 archaeon SCGC-AAA382K21 OX=1698283 GN=AKJ54_00500 PE=4 SV=1	EERREKDLEKLEKVREECEKELEELRKKYENSQE	(327-360)	E	38.24	0.8466
tr|A0A133VLG5|A0A133VLG5_9EURY Uncharacterized protein OS=candidate division MSBL1 archaeon SCGC-AAA382K21 OX=1698283 GN=AKJ54_00460 PE=4 SV=1	ELEEKVEELEEENQELKEKLALKDE	(19-43)	E	44.0	0.6945
tr|A0A133VLG8|A0A133VLG8_9EURY PMT_2 domain-containing protein OS=candidate division MSBL1 archaeon SCGC-AAA382K21 OX=1698283 GN=AKJ54_00505 PE=4 SV=1	ELGEVVEELEIKSYFELEKELEE	(587-609)	E	43.48	0.7714
tr|A0A133VLH1|A0A133VLH1_9EURY DDE_5 domain-containing protein OS=candidate division MSBL1 archaeon SCGC-AAA382K21 OX=1698283 GN=AKJ54_00490 PE=4 SV=1	EEWVEDKERREEAGVPEDIE	(160-179)	E	40.0	0.7919
tr|A0A133VLI6|A0A133VLI6_9EURY NFACT-R_1 domain-containing protein OS=candidate division MSBL1 archaeon SCGC-AAA382K21 OX=1698283 GN=AKJ54_00425 PE=4 SV=1	EKLRGIQETEGWEEVEEEIQKSPETRE	(335-361)	E	37.04	0.722
tr|A0A133VLK8|A0A133VLK8_9EURY Uncharacterized protein OS=candidate division MSBL1 archaeon SCGC-AAA382K21 OX=1698283 GN=AKJ54_00340 PE=4 SV=1	ELEVELIIKEGRIEELENE	(27-45)	E	42.11	0.7857
tr|A0A133VLK8|A0A133VLK8_9EURY Uncharacterized protein OS=candidate division MSBL1 archaeon SCGC-AAA382K21 OX=1698283 GN=AKJ54_00340 PE=4 SV=1	EETERDKKEEETGKEKGGETEDEGE	(71-95)	E	44.0	0.7691
tr|A0A133VLL0|A0A133VLL0_9EURY Uncharacterized protein OS=candidate division MSBL1 archaeon SCGC-AAA382K21 OX=1698283 GN=AKJ54_00345 PE=4 SV=1	EERELEVEGWNEEWDRFYE	(397-415)	E	42.11	0.6937
tr|A0A133VLP2|A0A133VLP2_9EURY DDE_Tnp_1 domain-containing protein OS=candidate division MSBL1 archaeon SCGC-AAA382K21 OX=1698283 GN=AKJ54_00365 PE=4 SV=1	EEDRERFERIVEEYEEGE	(50-67)	E	50.0	0.7319
tr|A0A133VLP2|A0A133VLP2_9EURY DDE_Tnp_1 domain-containing protein OS=candidate division MSBL1 archaeon SCGC-AAA382K21 OX=1698283 GN=AKJ54_00365 PE=4 SV=1	ETLDEVREEKEKELEELKERYEKSRSRE	(344-371)	E	39.29	0.8322
tr|A0A133VLW2|A0A133VLW2_9EURY HD domain-containing protein OS=candidate division MSBL1 archaeon SCGC-AAA382K21 OX=1698283 GN=AKJ54_00280 PE=4 SV=1	EYFDIVAEIASEEEEKEEVILRRFE	(237-261)	E	36.0	0.6195
tr|A0A133VLW6|A0A133VLW6_9EURY Uncharacterized protein OS=candidate division MSBL1 archaeon SCGC-AAA382K21 OX=1698283 GN=AKJ54_00300 PE=4 SV=1	EEREFEEKERELPGKRIDSEREENE	(26-50)	E	44.0	0.6216
tr|A0A133VLX8|A0A133VLX8_9EURY Uncharacterized protein OS=candidate division MSBL1 archaeon SCGC-AAA382K21 OX=1698283 GN=AKJ54_00185 PE=4 SV=1	EEDHHEETYEEEFQDSSEDEEKYLTE	(38-63)	E	42.31	0.7004
tr|A0A133VLY0|A0A133VLY0_9EURY Uncharacterized protein OS=candidate division MSBL1 archaeon SCGC-AAA382K21 OX=1698283 GN=AKJ54_00195 PE=4 SV=1	ERDVIEKEFDEILELIEEEDPEAKE	(3-27)	E	40.0	0.8367
tr|A0A133VLY3|A0A133VLY3_9EURY Uncharacterized protein OS=candidate division MSBL1 archaeon SCGC-AAA382K21 OX=1698283 GN=AKJ54_00240 PE=4 SV=1	ELKEFWSDEFSMTEEEEAE	(2-20)	E	42.11	0.6302
tr|A0A133VLZ7|A0A133VLZ7_9EURY AAA_23 domain-containing protein OS=candidate division MSBL1 archaeon SCGC-AAA382K21 OX=1698283 GN=AKJ54_00225 PE=4 SV=1	EENKKDLEYLEKEIKETEAE	(237-256)	E	40.0	0.7743
tr|A0A133VLZ7|A0A133VLZ7_9EURY AAA_23 domain-containing protein OS=candidate division MSBL1 archaeon SCGC-AAA382K21 OX=1698283 GN=AKJ54_00225 PE=4 SV=1	ELESEIENTEQKFENIESERE	(290-310)	E	42.86	0.9141
tr|A0A133VLZ7|A0A133VLZ7_9EURY AAA_23 domain-containing protein OS=candidate division MSBL1 archaeon SCGC-AAA382K21 OX=1698283 GN=AKJ54_00225 PE=4 SV=1	EGEIKELKDEREEIESRLE	(381-399)	E	42.11	0.8284
tr|A0A133VLZ9|A0A133VLZ9_9EURY Uncharacterized protein OS=candidate division MSBL1 archaeon SCGC-AAA382K21 OX=1698283 GN=AKJ54_00235 PE=4 SV=1	EEEIGRLLEDFEKKKSVEEE	(46-65)	E	40.0	0.5743
tr|A0A133VM20|A0A133VM20_9EURY Uncharacterized protein OS=candidate division MSBL1 archaeon SCGC-AAA382K21 OX=1698283 GN=AKJ54_00165 PE=4 SV=1	EEFREEWKERVKKHEKEVE	(138-156)	E	42.11	0.7108
tr|A0A133VM34|A0A133VM34_9EURY Metallophos_2 domain-containing protein OS=candidate division MSBL1 archaeon SCGC-AAA382K21 OX=1698283 GN=AKJ54_00215 PE=4 SV=1	ECEKVVRPGEEEELVEE	(237-253)	E	47.06	0.4455
tr|A0A133VMA5|A0A133VMA5_9EURY Zinc-hook domain-containing protein OS=candidate division MSBL1 archaeon SCGC-AAA382K21 OX=1698283 GN=AKJ54_00110 PE=3 SV=1	EDREEELRELREDEEIEALPSLEEELKETENERQELAEKKE	(196-236)	E	43.9	0.8457
tr|A0A133VMA5|A0A133VMA5_9EURY Zinc-hook domain-containing protein OS=candidate division MSBL1 archaeon SCGC-AAA382K21 OX=1698283 GN=AKJ54_00110 PE=3 SV=1	EDLKEKLKEKKEEAERLESE	(303-322)	E	40.0	0.8492
tr|A0A133VMA5|A0A133VMA5_9EURY Zinc-hook domain-containing protein OS=candidate division MSBL1 archaeon SCGC-AAA382K21 OX=1698283 GN=AKJ54_00110 PE=3 SV=1	EIEDIKEKINEKENSQEELEEIDVPKLSEELE	(343-374)	E	37.5	0.7723
tr|A0A133VMA5|A0A133VMA5_9EURY Zinc-hook domain-containing protein OS=candidate division MSBL1 archaeon SCGC-AAA382K21 OX=1698283 GN=AKJ54_00110 PE=3 SV=1	EKEKAEKERKALQSELEEREKEFDE	(543-567)	E	40.0	0.7883
tr|A0A133VJI1|A0A133VJI1_9EURY Uncharacterized protein OS=candidate division MSBL1 archaeon SCGC-AAA382K21 OX=1698283 GN=AKJ54_01255 PE=4 SV=1	GLMYGGFTVGGEGDPSIGVGPG	(54-75)	G	40.91	0.7846
tr|A0A133VKG2|A0A133VKG2_9EURY Ald_Xan_dh_C domain-containing protein OS=candidate division MSBL1 archaeon SCGC-AAA382K21 OX=1698283 GN=AKJ54_00965 PE=4 SV=1	GGTYPSGGGFAGPVLGYG	(586-603)	G	44.44	0.6562
tr|A0A133VKG7|A0A133VKG7_9EURY Uncharacterized protein OS=candidate division MSBL1 archaeon SCGC-AAA382K21 OX=1698283 GN=AKJ54_00925 PE=4 SV=1	GEGPHGPNAGGQGFGRNSG	(140-158)	G	42.11	0.8284
tr|A0A133VLJ9|A0A133VLJ9_9EURY Uncharacterized protein OS=candidate division MSBL1 archaeon SCGC-AAA382K21 OX=1698283 GN=AKJ54_00450 PE=4 SV=1	GDWLLAIKGGLGAGGAFGMGYVLWYVGGWAGG	(52-83)	G	37.5	0.7173
tr|A0A133VLR3|A0A133VLR3_9EURY Mevalonate kinase OS=candidate division MSBL1 archaeon SCGC-AAA382K21 OX=1698283 GN=mvk PE=3 SV=1	GGKGAKITGAGGGG	(276-289)	G	57.14	0.5517
tr|A0A133VM62|A0A133VM62_9EURY Thermosome subunit OS=candidate division MSBL1 archaeon SCGC-AAA382K21 OX=1698283 GN=AKJ54_00135 PE=3 SV=1	GNEVGEGGGPEGMPGG	(528-543)	G	50.0	0.6664
tr|A0A133VK47|A0A133VK47_9EURY Uncharacterized protein OS=candidate division MSBL1 archaeon SCGC-AAA382K21 OX=1698283 GN=AKJ54_01085 PE=4 SV=1	KLEKAIKKEKKRKAKRKKERKREVEEEKEKQKK	(369-401)	K	45.45	0.7861
tr|A0A133VK47|A0A133VK47_9EURY Uncharacterized protein OS=candidate division MSBL1 archaeon SCGC-AAA382K21 OX=1698283 GN=AKJ54_01085 PE=4 SV=1	KEAIRKMKKEAKKVSGASKK	(520-539)	K	40.0	0.6657
tr|A0A133VLK8|A0A133VLK8_9EURY Uncharacterized protein OS=candidate division MSBL1 archaeon SCGC-AAA382K21 OX=1698283 GN=AKJ54_00340 PE=4 SV=1	KKRKKKTKRNRKKEETERDKK	(58-78)	K	47.62	0.556
tr|A0A133VLZ0|A0A133VLZ0_9EURY Uncharacterized protein OS=candidate division MSBL1 archaeon SCGC-AAA382K21 OX=1698283 GN=AKJ54_00180 PE=4 SV=1	KKRSGERRKKTKSILEKLKKASKK	(26-49)	K	41.67	0.67
tr|A0A133VM27|A0A133VM27_9EURY Uncharacterized protein OS=candidate division MSBL1 archaeon SCGC-AAA382K21 OX=1698283 GN=AKJ54_00220 PE=4 SV=1	KIDSFVDKKEQEFKKKHEKKMK	(90-111)	K	40.91	0.6219
tr|A0A133VKJ7|A0A133VKJ7_9EURY Uncharacterized protein OS=candidate division MSBL1 archaeon SCGC-AAA382K21 OX=1698283 GN=AKJ54_00880 PE=4 SV=1	LLRDAKLPLLEVNLSGWNLL	(19-38)	L	40.0	0.6946
tr|A0A133VLG8|A0A133VLG8_9EURY PMT_2 domain-containing protein OS=candidate division MSBL1 archaeon SCGC-AAA382K21 OX=1698283 GN=AKJ54_00505 PE=4 SV=1	LTLLILLIPIALILFL	(202-217)	L	50.0	0.6911
tr|A0A133VLI1|A0A133VLI1_9EURY Rhomboid domain-containing protein OS=candidate division MSBL1 archaeon SCGC-AAA382K21 OX=1698283 GN=AKJ54_00410 PE=4 SV=1	LLLFLLAGVLALLPALLL	(87-104)	L	61.11	0.762
tr|A0A133VLM3|A0A133VLM3_9EURY Uncharacterized protein OS=candidate division MSBL1 archaeon SCGC-AAA382K21 OX=1698283 GN=AKJ54_00440 PE=4 SV=1	LVLSGITLLLVLPALLISASFL	(392-413)	L	40.91	0.6908
tr|A0A133VM48|A0A133VM48_9EURY Uncharacterized protein OS=candidate division MSBL1 archaeon SCGC-AAA382K21 OX=1698283 GN=AKJ54_00140 PE=4 SV=1	LLLSYFFLRRLERITKLLIL	(265-284)	L	40.0	0.6518
tr|A0A133VKA6|A0A133VKA6_9EURY Uncharacterized protein OS=candidate division MSBL1 archaeon SCGC-AAA382K21 OX=1698283 GN=AKJ54_01030 PE=4 SV=1	STWSSWNLASNGSDVPSSDS	(382-401)	S	40.0	0.7743
tr|A0A133VKL5|A0A133VKL5_9EURY Uncharacterized protein OS=candidate division MSBL1 archaeon SCGC-AAA382K21 OX=1698283 GN=AKJ54_00865 PE=4 SV=1	SVKISVSPSYKAGSSGSSLDYS	(784-805)	S	40.91	0.7846
tr|A0A133VL26|A0A133VL26_9EURY Uncharacterized protein OS=candidate division MSBL1 archaeon SCGC-AAA382K21 OX=1698283 GN=AKJ54_00635 PE=4 SV=1	TSNTTFIYNKTVTTSTNITTLNFT	(125-148)	T	41.67	0.7563
