Protein ID	Domain Sequence	Domain Boundaries	LCD Class	Final Domain Composition	Final Domain Linear Dispersion
tr|A0A2T9WWD1|A0A2T9WWD1_9CREN 2-oxoacid oxidoreductase (ferredoxin) OS=Sulfolobales archaeon SCGC AB-777_J03 OX=2005259 GN=DDW10_04705 PE=4 SV=1	AAINMASGAALTGARAA	(293-309)	A	47.06	0.6688
tr|A0A2T9WX39|A0A2T9WX39_9CREN Small-conductance mechanosensitive channel OS=Sulfolobales archaeon SCGC AB-777_J03 OX=2005259 GN=DDW10_04325 PE=4 SV=1	ALVAAIAGGVAGGAAGVA	(133-150)	A	44.44	0.7777
tr|A0A2T9WXL0|A0A2T9WXL0_9CREN Diphosphomevalonate decarboxylase OS=Sulfolobales archaeon SCGC AB-777_J03 OX=2005259 GN=mvaD PE=3 SV=1	AGLASSAAGIAALVVALNEA	(106-125)	A	40.0	0.8102
tr|A0A2T9X003|A0A2T9X003_9CREN Ammonium transporter OS=Sulfolobales archaeon SCGC AB-777_J03 OX=2005259 GN=DDW10_01595 PE=3 SV=1	ATIDAAIAVLNTNIAAATSAIA	(300-321)	A	40.91	0.6669
tr|A0A2T9X0E6|A0A2T9X0E6_9CREN Zinc-hook domain-containing protein OS=Sulfolobales archaeon SCGC AB-777_J03 OX=2005259 GN=DDW10_00890 PE=3 SV=1	ALALALIASAAKAFFA	(514-529)	A	50.0	0.844
tr|A0A2T9X0S3|A0A2T9X0S3_9CREN 50S ribosomal protein L10 OS=Sulfolobales archaeon SCGC AB-777_J03 OX=2005259 GN=rpl10 PE=3 SV=1	AFARGRALAAEAGFVAPETAEAVFARAYSKAMALASALA	(248-286)	A	41.03	0.9263
tr|A0A2T9X0V1|A0A2T9X0V1_9CREN 50S ribosomal protein L12 OS=Sulfolobales archaeon SCGC AB-777_J03 OX=2005259 GN=rpl12 PE=3 SV=1	ATAMPVAVAAAPTAQTAQAPA	(57-77)	A	47.62	0.7767
tr|A0A2T9X0V6|A0A2T9X0V6_9CREN Prefoldin subunit alpha OS=Sulfolobales archaeon SCGC AB-777_J03 OX=2005259 GN=pfdA PE=3 SV=1	ANDVADALASIASAKEAINA	(27-46)	A	40.0	0.9161
tr|A0A2T9X0Z4|A0A2T9X0Z4_9CREN ATP-synt_C domain-containing protein OS=Sulfolobales archaeon SCGC AB-777_J03 OX=2005259 GN=DDW10_00680 PE=3 SV=1	AVGLAAIGAGVAVGMSAAA	(44-62)	A	42.11	0.6937
tr|A0A2T9X142|A0A2T9X142_9CREN 50S ribosomal protein L7Ae OS=Sulfolobales archaeon SCGC AB-777_J03 OX=2005259 GN=rpl7ae PE=3 SV=1	ALGEAAGLQVAAASAAIIDTGGA	(86-108)	A	39.13	0.6423
tr|A0A2T9WXF2|A0A2T9WXF2_9CREN Uncharacterized protein OS=Sulfolobales archaeon SCGC AB-777_J03 OX=2005259 GN=DDW10_04105 PE=4 SV=1	DWDDLDWDDHSDGWWPDWD	(57-75)	D	47.37	0.7289
tr|A0A2T9WVT0|A0A2T9WVT0_9CREN RNA_pol_Rpo13 domain-containing protein OS=Sulfolobales archaeon SCGC AB-777_J03 OX=2005259 GN=DDW10_04905 PE=4 SV=1	EQEVRTEEEEELALEAREAQELPVGGEEEELPELSVAEIEGLLIETE	(14-60)	E	40.43	0.8078
tr|A0A2T9WVT0|A0A2T9WVT0_9CREN RNA_pol_Rpo13 domain-containing protein OS=Sulfolobales archaeon SCGC AB-777_J03 OX=2005259 GN=DDW10_04905 PE=4 SV=1	EEQKEEEGREEESEGESAKKE	(101-121)	E	52.38	0.6663
tr|A0A2T9WXY7|A0A2T9WXY7_9CREN Glutamyl-tRNA(Gln) amidotransferase subunit D OS=Sulfolobales archaeon SCGC AB-777_J03 OX=2005259 GN=gatD PE=3 SV=1	EEIIEFEPEIREIGEISSE	(120-138)	E	42.11	0.8515
tr|A0A2T9WY73|A0A2T9WY73_9CREN NFACT-R_1 domain-containing protein OS=Sulfolobales archaeon SCGC AB-777_J03 OX=2005259 GN=DDW10_03655 PE=4 SV=1	EEFFAKAEEEERERKLKEALEQEKRKLE	(237-264)	E	39.29	0.7262
tr|A0A2T9WYE0|A0A2T9WYE0_9CREN Conjugal transfer protein OS=Sulfolobales archaeon SCGC AB-777_J03 OX=2005259 GN=DDW10_03530 PE=4 SV=1	EFTPSEEEEEIETFFRE	(101-117)	E	47.06	0.4601
tr|A0A2T9WYK7|A0A2T9WYK7_9CREN CN hydrolase domain-containing protein OS=Sulfolobales archaeon SCGC AB-777_J03 OX=2005259 GN=DDW10_03255 PE=4 SV=1	EPTTKKEDEEKEEEELEE	(291-308)	E	55.56	0.5887
tr|A0A2T9WZ95|A0A2T9WZ95_9CREN RPOL9 domain-containing protein OS=Sulfolobales archaeon SCGC AB-777_J03 OX=2005259 GN=DDW10_02740 PE=4 SV=1	EEYYKEIGQELLQREFEGEEEE	(75-96)	E	45.45	0.6652
tr|A0A2T9WZD8|A0A2T9WZD8_9CREN Uncharacterized protein OS=Sulfolobales archaeon SCGC AB-777_J03 OX=2005259 GN=DDW10_02755 PE=4 SV=1	EEDMEEIVKEVEEEHGHEHHHHHE	(12-35)	E	41.67	0.7112
tr|A0A2T9WZN9|A0A2T9WZN9_9CREN Putative methylthioribose-1-phosphate isomerase OS=Sulfolobales archaeon SCGC AB-777_J03 OX=2005259 GN=DDW10_02195 PE=3 SV=1	ELAEELEAEANRIYDEELEAE	(135-155)	E	42.86	0.6869
tr|A0A2T9X058|A0A2T9X058_9CREN UPF0273 protein DDW10_02020 OS=Sulfolobales archaeon SCGC AB-777_J03 OX=2005259 GN=DDW10_02020 PE=3 SV=1	EEVEAMKKALEEETKETGEQEKEEEE	(256-281)	E	50.0	0.6263
tr|A0A2T9X074|A0A2T9X074_9CREN AMP-dependent synthetase OS=Sulfolobales archaeon SCGC AB-777_J03 OX=2005259 GN=DDW10_00795 PE=4 SV=1	EEEEVMDLIEHGESCHLEYE	(180-199)	E	40.0	0.6249
tr|A0A2T9X0S3|A0A2T9X0S3_9CREN 50S ribosomal protein L10 OS=Sulfolobales archaeon SCGC AB-777_J03 OX=2005259 GN=rpl10 PE=3 SV=1	EKKEEEKKEEEKKASEE	(311-327)	E	52.94	0.5723
tr|A0A2T9X0V1|A0A2T9X0V1_9CREN 50S ribosomal protein L12 OS=Sulfolobales archaeon SCGC AB-777_J03 OX=2005259 GN=rpl12 PE=3 SV=1	EKKEEEKKEEEKKVSEEE	(79-96)	E	55.56	0.6048
tr|A0A2T9X0V5|A0A2T9X0V5_9CREN Alanine--tRNA ligase OS=Sulfolobales archaeon SCGC AB-777_J03 OX=2005259 GN=alaS PE=3 SV=1	ETVELAKEFFTEEIGIPEEE	(167-186)	E	40.0	0.7096
tr|A0A2T9X0X9|A0A2T9X0X9_9CREN DUF2286 domain-containing protein OS=Sulfolobales archaeon SCGC AB-777_J03 OX=2005259 GN=DDW10_00615 PE=4 SV=1	EKKGAEEEESEEMEEE	(131-146)	E	62.5	0.6334
tr|A0A2T9X0Y1|A0A2T9X0Y1_9CREN HTH cro/C1-type domain-containing protein OS=Sulfolobales archaeon SCGC AB-777_J03 OX=2005259 GN=DDW10_00500 PE=4 SV=1	ETILKTLEVADEEELERVEE	(52-71)	E	40.0	0.6249
tr|A0A2T9X0Y8|A0A2T9X0Y8_9CREN Methionine--tRNA ligase OS=Sulfolobales archaeon SCGC AB-777_J03 OX=2005259 GN=metG PE=3 SV=1	EELERKLKEVRHEVERERPE	(548-567)	E	40.0	0.8102
tr|A0A2T9WVD1|A0A2T9WVD1_9CREN Acylphosphatase OS=Sulfolobales archaeon SCGC AB-777_J03 OX=2005259 GN=hypF PE=3 SV=1	GVGIAIDGVGYGDDGNAWGG	(503-522)	G	40.0	0.8102
tr|A0A2T9WX39|A0A2T9WX39_9CREN Small-conductance mechanosensitive channel OS=Sulfolobales archaeon SCGC AB-777_J03 OX=2005259 GN=DDW10_04325 PE=4 SV=1	GGVAGGAAGVALGGFIGLVIG	(140-160)	G	42.86	0.7764
tr|A0A2T9WZP9|A0A2T9WZP9_9CREN MFS transporter OS=Sulfolobales archaeon SCGC AB-777_J03 OX=2005259 GN=DDW10_02135 PE=4 SV=1	GIIEGINYGGGTFMGFLGG	(44-62)	G	42.11	0.7108
tr|A0A2T9X022|A0A2T9X022_9CREN Chloride channel protein OS=Sulfolobales archaeon SCGC AB-777_J03 OX=2005259 GN=DDW10_02015 PE=4 SV=1	GSGGSGGVFAPGLFIGAFLG	(343-362)	G	40.0	0.7574
tr|A0A2T9X0I7|A0A2T9X0I7_9CREN Bifunctional NAD(P)H-hydrate repair enzyme OS=Sulfolobales archaeon SCGC AB-777_J03 OX=2005259 GN=nnrE PE=3 SV=1	GHGGKGGDGLVSARHLAGEG	(53-72)	G	40.0	0.5386
tr|A0A2T9WZD8|A0A2T9WZD8_9CREN Uncharacterized protein OS=Sulfolobales archaeon SCGC AB-777_J03 OX=2005259 GN=DDW10_02755 PE=4 SV=1	HGHEHHHHHEHEH	(26-38)	H	69.23	0.7488
tr|A0A2T9WZZ3|A0A2T9WZZ3_9CREN Geranylgeranylglyceryl phosphate synthase OS=Sulfolobales archaeon SCGC AB-777_J03 OX=2005259 GN=DDW10_01845 PE=3 SV=1	IIVTGNIIEKDEIKAIQII	(224-242)	I	42.11	0.6771
tr|A0A2T9X144|A0A2T9X144_9CREN Proton_antipo_M domain-containing protein OS=Sulfolobales archaeon SCGC AB-777_J03 OX=2005259 GN=DDW10_00115 PE=4 SV=1	INSSISWYIFYIIIALIIISLIIVI	(559-583)	I	48.0	0.7154
tr|A0A2T9WVT0|A0A2T9WVT0_9CREN RNA_pol_Rpo13 domain-containing protein OS=Sulfolobales archaeon SCGC AB-777_J03 OX=2005259 GN=DDW10_04905 PE=4 SV=1	KKETKSKKKSRKKEK	(119-133)	K	60.0	0.7984
tr|A0A2T9WWC6|A0A2T9WWC6_9CREN Uncharacterized protein OS=Sulfolobales archaeon SCGC AB-777_J03 OX=2005259 GN=DDW10_04715 PE=4 SV=1	KYKGIIEEDKKTKKFYLKK	(69-87)	K	42.11	0.6008
tr|A0A2T9WXX2|A0A2T9WXX2_9CREN Nop domain-containing protein OS=Sulfolobales archaeon SCGC AB-777_J03 OX=2005259 GN=DDW10_03725 PE=4 SV=1	KRPEEKAKEKKEKKEKSKEVKGKSGEKQGGK	(389-419)	K	41.94	0.8639
tr|A0A2T9WY14|A0A2T9WY14_9CREN Winged helix-turn-helix domain-containing protein OS=Sulfolobales archaeon SCGC AB-777_J03 OX=2005259 GN=DDW10_03750 PE=3 SV=1	KTLTQLVKKKKVVKKSVKDDNKTVIK	(42-67)	K	38.46	0.7007
tr|A0A2T9WYL8|A0A2T9WYL8_9CREN 30S ribosomal protein S25e OS=Sulfolobales archaeon SCGC AB-777_J03 OX=2005259 GN=DDW10_03260 PE=3 SV=1	KRLKKQQEEAEKKEKKKAASKTGK	(14-37)	K	41.67	0.68
tr|A0A2T9WZU1|A0A2T9WZU1_9CREN 50S ribosomal protein L15e OS=Sulfolobales archaeon SCGC AB-777_J03 OX=2005259 GN=rpl15e PE=3 SV=1	KGTVKHKWKRKQKEREQKK	(179-197)	K	42.11	0.7857
tr|A0A2T9X0A9|A0A2T9X0A9_9CREN DNA-binding protein OS=Sulfolobales archaeon SCGC AB-777_J03 OX=2005259 GN=DDW10_00990 PE=3 SV=1	KVKFKYKGQEKEVDISKIKK	(4-23)	K	40.0	0.7574
tr|A0A2T9X113|A0A2T9X113_9CREN DNA polymerase OS=Sulfolobales archaeon SCGC AB-777_J03 OX=2005259 GN=DDW10_00600 PE=3 SV=1	KTKKLIMDKIKEVYFKLKNK	(768-787)	K	40.0	0.7743
tr|A0A2T9X121|A0A2T9X121_9CREN AAA domain-containing protein OS=Sulfolobales archaeon SCGC AB-777_J03 OX=2005259 GN=DDW10_00705 PE=4 SV=1	KADLQKFNKKLVSKLKKYEKKYNLKYRVK	(473-501)	K	37.93	0.8357
tr|A0A2T9WVD4|A0A2T9WVD4_9CREN Uncharacterized protein OS=Sulfolobales archaeon SCGC AB-777_J03 OX=2005259 GN=DDW10_05045 PE=4 SV=1	LSNLLTQLDKSGKLDNLLNL	(33-52)	L	40.0	0.741
tr|A0A2T9WVH0|A0A2T9WVH0_9CREN Nickel/cobalt efflux system OS=Sulfolobales archaeon SCGC AB-777_J03 OX=2005259 GN=DDW10_05035 PE=3 SV=1	LLFFLGLLSLLLL	(157-169)	L	69.23	0.7846
tr|A0A2T9WVK0|A0A2T9WVK0_9CREN Uncharacterized protein OS=Sulfolobales archaeon SCGC AB-777_J03 OX=2005259 GN=DDW10_05015 PE=4 SV=1	LLALALFILALLGMGGLASL	(18-37)	L	45.0	0.7659
tr|A0A2T9WVR3|A0A2T9WVR3_9CREN Uncharacterized protein OS=Sulfolobales archaeon SCGC AB-777_J03 OX=2005259 GN=DDW10_05005 PE=4 SV=1	LNLIQRLDLDSLLTATERLL	(21-40)	L	40.0	0.7251
tr|A0A2T9WW46|A0A2T9WW46_9CREN MFS domain-containing protein OS=Sulfolobales archaeon SCGC AB-777_J03 OX=2005259 GN=DDW10_04775 PE=4 SV=1	LLMSLLPPWGDNAVLALILL	(92-111)	L	40.0	0.5158
tr|A0A2T9WW70|A0A2T9WW70_9CREN Nudix hydrolase domain-containing protein OS=Sulfolobales archaeon SCGC AB-777_J03 OX=2005259 GN=DDW10_04755 PE=4 SV=1	LTLALYLALNRHKLEDLL	(158-175)	L	44.44	0.7777
tr|A0A2T9WWJ4|A0A2T9WWJ4_9CREN MFS transporter OS=Sulfolobales archaeon SCGC AB-777_J03 OX=2005259 GN=DDW10_04585 PE=4 SV=1	LLPFSLASLLGGYLFGLGLLALPFVLAL	(65-92)	L	42.86	0.8391
tr|A0A2T9WX13|A0A2T9WX13_9CREN MFS domain-containing protein OS=Sulfolobales archaeon SCGC AB-777_J03 OX=2005259 GN=DDW10_04375 PE=4 SV=1	LAVLLDQSYWRLLFLPSLLLALVSLAYRLTL	(147-177)	L	41.94	0.7718
tr|A0A2T9WX41|A0A2T9WX41_9CREN Reverse gyrase OS=Sulfolobales archaeon SCGC AB-777_J03 OX=2005259 GN=rgy PE=4 SV=1	LTLGLSLTIVDDDLIYELLL	(521-540)	L	40.0	0.6518
tr|A0A2T9WX42|A0A2T9WX42_9CREN HTH arsR-type domain-containing protein OS=Sulfolobales archaeon SCGC AB-777_J03 OX=2005259 GN=DDW10_04340 PE=4 SV=1	LVGGTRMTLLALYYLALLL	(97-115)	L	42.11	0.5329
tr|A0A2T9WX43|A0A2T9WX43_9CREN ATP-dependent helicase OS=Sulfolobales archaeon SCGC AB-777_J03 OX=2005259 GN=DDW10_04255 PE=4 SV=1	LLDALLKLSEKDLRKLIL	(172-189)	L	44.44	0.7336
tr|A0A2T9WX55|A0A2T9WX55_9CREN Uncharacterized protein OS=Sulfolobales archaeon SCGC AB-777_J03 OX=2005259 GN=DDW10_04370 PE=4 SV=1	LALALLEPPFLLSVPAAFLLATLLLYNANL	(82-111)	L	40.0	0.7197
tr|A0A2T9WXB9|A0A2T9WXB9_9CREN Homoserine kinase OS=Sulfolobales archaeon SCGC AB-777_J03 OX=2005259 GN=thrB PE=3 SV=1	LLLGLQKGDRDLLRLGL	(205-221)	L	47.06	0.5057
tr|A0A2T9WXQ9|A0A2T9WXQ9_9CREN Uncharacterized protein OS=Sulfolobales archaeon SCGC AB-777_J03 OX=2005259 GN=DDW10_03875 PE=4 SV=1	LFLTVGTALEVALLLLSLALFDRKPFRYLALVLNLLLLATL	(28-68)	L	41.46	0.7299
tr|A0A2T9WXR5|A0A2T9WXR5_9CREN Uncharacterized protein OS=Sulfolobales archaeon SCGC AB-777_J03 OX=2005259 GN=DDW10_03815 PE=4 SV=1	LKLLAKRLGLAELPIILSLPNL	(228-249)	L	40.91	0.8661
tr|A0A2T9WXR9|A0A2T9WXR9_9CREN Uncharacterized protein OS=Sulfolobales archaeon SCGC AB-777_J03 OX=2005259 GN=DDW10_03895 PE=4 SV=1	LLKLELRDALLDLHSCRL	(64-81)	L	44.44	0.7131
tr|A0A2T9WYG6|A0A2T9WYG6_9CREN Carbamoyltransferase OS=Sulfolobales archaeon SCGC AB-777_J03 OX=2005259 GN=DDW10_03370 PE=3 SV=1	LGALRLGLLYLRGDFLDL	(114-131)	L	44.44	0.7777
tr|A0A2T9WYY2|A0A2T9WYY2_9CREN Uncharacterized protein OS=Sulfolobales archaeon SCGC AB-777_J03 OX=2005259 GN=DDW10_03105 PE=4 SV=1	LNFDLALLSMGIMFVLGLLL	(18-37)	L	40.0	0.5622
tr|A0A2T9WZ32|A0A2T9WZ32_9CREN Uncharacterized protein OS=Sulfolobales archaeon SCGC AB-777_J03 OX=2005259 GN=DDW10_02980 PE=4 SV=1	LSLALSYLSFLQLLSLFIYNDFELLIALGILL	(125-156)	L	40.62	0.78
tr|A0A2T9WZ87|A0A2T9WZ87_9CREN Digeranylgeranylglyceryl phosphate synthase OS=Sulfolobales archaeon SCGC AB-777_J03 OX=2005259 GN=DDW10_02630 PE=3 SV=1	LVYLVGISALDVILVLTLLL	(228-247)	L	40.0	0.7096
tr|A0A2T9WZG7|A0A2T9WZG7_9CREN Uncharacterized protein OS=Sulfolobales archaeon SCGC AB-777_J03 OX=2005259 GN=DDW10_02355 PE=4 SV=1	LSNLLTQLDKSGKLDNLLNL	(33-52)	L	40.0	0.741
tr|A0A2T9WZL1|A0A2T9WZL1_9CREN Uncharacterized protein OS=Sulfolobales archaeon SCGC AB-777_J03 OX=2005259 GN=DDW10_02580 PE=4 SV=1	LIALLLLLLPSVPLLYVGVLKRGDL	(54-78)	L	44.0	0.5886
tr|A0A2T9WZL7|A0A2T9WZL7_9CREN Energy-coupling factor transporter transmembrane protein EcfT OS=Sulfolobales archaeon SCGC AB-777_J03 OX=2005259 GN=DDW10_02085 PE=4 SV=1	LLTLAILPLYLTLNNGLKKFLYVVLL	(84-109)	L	42.31	0.8493
tr|A0A2T9WZM4|A0A2T9WZM4_9CREN Uncharacterized protein OS=Sulfolobales archaeon SCGC AB-777_J03 OX=2005259 GN=DDW10_02250 PE=4 SV=1	LTLLYLTIISGFILLLYNLKLKRLLISIGLGGL	(88-120)	L	39.39	0.7559
tr|A0A2T9WZM4|A0A2T9WZM4_9CREN Uncharacterized protein OS=Sulfolobales archaeon SCGC AB-777_J03 OX=2005259 GN=DDW10_02250 PE=4 SV=1	LLILAYSLVLFLSVALAVNL	(162-181)	L	40.0	0.8293
tr|A0A2T9WZP5|A0A2T9WZP5_9CREN Aminopeptidase OS=Sulfolobales archaeon SCGC AB-777_J03 OX=2005259 GN=DDW10_02110 PE=3 SV=1	LTGHLLLLWSLNRERYSGLL	(568-587)	L	40.0	0.5158
tr|A0A2T9WZP9|A0A2T9WZP9_9CREN MFS transporter OS=Sulfolobales archaeon SCGC AB-777_J03 OX=2005259 GN=DDW10_02135 PE=4 SV=1	LLTIPALLTLLISTALL	(161-177)	L	47.06	0.5549
tr|A0A2T9WZT6|A0A2T9WZT6_9CREN Acid phosphatase OS=Sulfolobales archaeon SCGC AB-777_J03 OX=2005259 GN=DDW10_02090 PE=4 SV=1	LIRSKRELLLNISLVLMLLATGIAL	(458-482)	L	36.0	0.6861
tr|A0A2T9WZU4|A0A2T9WZU4_9CREN Branched-chain amino acid ABC transporter permease OS=Sulfolobales archaeon SCGC AB-777_J03 OX=2005259 GN=DDW10_02335 PE=4 SV=1	LLQQPLMALAVLILTLIL	(84-101)	L	44.44	0.827
tr|A0A2T9X022|A0A2T9X022_9CREN Chloride channel protein OS=Sulfolobales archaeon SCGC AB-777_J03 OX=2005259 GN=DDW10_02015 PE=4 SV=1	LPVIALLLLLPILKIL	(321-336)	L	50.0	0.4843
tr|A0A2T9X041|A0A2T9X041_9CREN Histidine--tRNA ligase OS=Sulfolobales archaeon SCGC AB-777_J03 OX=2005259 GN=hisS PE=3 SV=1	LLSDLEVLLLLGNIYKDLGL	(125-144)	L	45.0	0.5601
tr|A0A2T9X041|A0A2T9X041_9CREN Histidine--tRNA ligase OS=Sulfolobales archaeon SCGC AB-777_J03 OX=2005259 GN=hisS PE=3 SV=1	LLLVQDTKTIQLGLQILELL	(323-342)	L	40.0	0.5047
tr|A0A2T9X081|A0A2T9X081_9CREN Uncharacterized protein OS=Sulfolobales archaeon SCGC AB-777_J03 OX=2005259 GN=DDW10_00810 PE=4 SV=1	LLTALLVLLLLLSFPILLATWL	(3-24)	L	54.55	0.6187
tr|A0A2T9X0F3|A0A2T9X0F3_9CREN Peptidase_M50 domain-containing protein OS=Sulfolobales archaeon SCGC AB-777_J03 OX=2005259 GN=DDW10_01025 PE=4 SV=1	LSGGTLLLLLLALRL	(382-396)	L	60.0	0.4587
tr|A0A2T9X0J7|A0A2T9X0J7_9CREN Uncharacterized protein OS=Sulfolobales archaeon SCGC AB-777_J03 OX=2005259 GN=DDW10_01285 PE=4 SV=1	LLGSLLISSLPVELSLYSL	(83-101)	L	42.11	0.7857
tr|A0A2T9X0L4|A0A2T9X0L4_9CREN Na_H_Exchanger domain-containing protein OS=Sulfolobales archaeon SCGC AB-777_J03 OX=2005259 GN=DDW10_01265 PE=4 SV=1	LFLEGLASFGLGLGLTRFLL	(173-192)	L	40.0	0.8102
tr|A0A2T9X0L4|A0A2T9X0L4_9CREN Na_H_Exchanger domain-containing protein OS=Sulfolobales archaeon SCGC AB-777_J03 OX=2005259 GN=DDW10_01265 PE=4 SV=1	LLVGQSVSLSYQTLLLLPLSLGLIAL	(271-296)	L	42.31	0.6741
tr|A0A2T9X0L4|A0A2T9X0L4_9CREN Na_H_Exchanger domain-containing protein OS=Sulfolobales archaeon SCGC AB-777_J03 OX=2005259 GN=DDW10_01265 PE=4 SV=1	LGLLAYLLFALAWLSIVGALL	(489-509)	L	42.86	0.7149
tr|A0A2T9X0N0|A0A2T9X0N0_9CREN ATPase_AAA_core domain-containing protein OS=Sulfolobales archaeon SCGC AB-777_J03 OX=2005259 GN=DDW10_01330 PE=4 SV=1	LDGNLDLMLSILRVRLTDLL	(310-329)	L	40.0	0.8492
tr|A0A2T9X0X3|A0A2T9X0X3_9CREN Uncharacterized protein OS=Sulfolobales archaeon SCGC AB-777_J03 OX=2005259 GN=DDW10_00445 PE=4 SV=1	LLSALIVLLKLNFSLVIILFGLLVAL	(158-183)	L	42.31	0.8365
tr|A0A2T9X0X3|A0A2T9X0X3_9CREN Uncharacterized protein OS=Sulfolobales archaeon SCGC AB-777_J03 OX=2005259 GN=DDW10_00445 PE=4 SV=1	LLALALLAPAFLLYTVHTFL	(293-312)	L	40.0	0.6119
tr|A0A2T9X0X3|A0A2T9X0X3_9CREN Uncharacterized protein OS=Sulfolobales archaeon SCGC AB-777_J03 OX=2005259 GN=DDW10_00445 PE=4 SV=1	LYLLIGLESLILSVLWL	(351-367)	L	47.06	0.8219
tr|A0A2T9X0Z0|A0A2T9X0Z0_9CREN V-type ATP synthase subunit I OS=Sulfolobales archaeon SCGC AB-777_J03 OX=2005259 GN=DDW10_00645 PE=3 SV=1	LLSILLGAVLLFVSSLL	(465-481)	L	47.06	0.5902
tr|A0A2T9X0Z6|A0A2T9X0Z6_9CREN Glyco_trans_2-like domain-containing protein OS=Sulfolobales archaeon SCGC AB-777_J03 OX=2005259 GN=DDW10_00470 PE=4 SV=1	LPVLTLILAGLFLASSLKAL	(412-431)	L	40.0	0.9161
tr|A0A2T9X106|A0A2T9X106_9CREN Proton_antipo_M domain-containing protein OS=Sulfolobales archaeon SCGC AB-777_J03 OX=2005259 GN=DDW10_00130 PE=4 SV=1	LLKALSLASSSLELIISSLL	(23-42)	L	40.0	0.741
tr|A0A2T9X120|A0A2T9X120_9CREN Formate hydrogenlyase OS=Sulfolobales archaeon SCGC AB-777_J03 OX=2005259 GN=DDW10_00140 PE=4 SV=1	LLNVFLFPWLLQTGPLGALLDVFIMFLKWLLLIL	(244-277)	L	38.24	0.776
tr|A0A2T9X137|A0A2T9X137_9CREN CDP-alcohol phosphatidyltransferase family protein OS=Sulfolobales archaeon SCGC AB-777_J03 OX=2005259 GN=DDW10_00630 PE=3 SV=1	LAMLYLCLAYLRFHPLVLALIL	(37-58)	L	40.91	0.8848
tr|A0A2T9X0G2|A0A2T9X0G2_9CREN 30S ribosomal protein S13 OS=Sulfolobales archaeon SCGC AB-777_J03 OX=2005259 GN=rps13 PE=3 SV=1	QPQQQQQAQKQQQQ	(151-164)	Q	78.57	0.8148
tr|A0A2T9X0N4|A0A2T9X0N4_9CREN Acyl-CoA thioesterase OS=Sulfolobales archaeon SCGC AB-777_J03 OX=2005259 GN=DDW10_01390 PE=4 SV=1	RLRRERRLSKISDRREKR	(136-153)	R	44.44	0.5729
tr|A0A2T9X0W2|A0A2T9X0W2_9CREN 50S ribosomal protein L31e OS=Sulfolobales archaeon SCGC AB-777_J03 OX=2005259 GN=DDW10_00310 PE=3 SV=1	RRAFMGRRNVRFRRALRIVRETIKR	(14-38)	R	40.0	0.7883
tr|A0A2T9X0Y6|A0A2T9X0Y6_9CREN Tyrosine recombinase XerA OS=Sulfolobales archaeon SCGC AB-777_J03 OX=2005259 GN=xerA PE=3 SV=1	RRKRLRTVRLYVTAARRFLR	(76-95)	R	40.0	0.68
tr|A0A2T9WWJ0|A0A2T9WWJ0_9CREN Uncharacterized protein OS=Sulfolobales archaeon SCGC AB-777_J03 OX=2005259 GN=DDW10_04655 PE=4 SV=1	SLSTQLSSLNSSIAGLSSKLNQLSSQVSSLSSQLSSS	(373-409)	S	45.95	0.7595
tr|A0A2T9WX39|A0A2T9WX39_9CREN Small-conductance mechanosensitive channel OS=Sulfolobales archaeon SCGC AB-777_J03 OX=2005259 GN=DDW10_04325 PE=4 SV=1	SLPSIPYLTSHSNSTSTSASASASTPS	(52-78)	S	40.74	0.8755
tr|A0A2T9WXI2|A0A2T9WXI2_9CREN Uncharacterized protein OS=Sulfolobales archaeon SCGC AB-777_J03 OX=2005259 GN=DDW10_04085 PE=4 SV=1	SSALSSEVRASGTTMSRSS	(48-66)	S	42.11	0.6771
tr|A0A2T9WZ25|A0A2T9WZ25_9CREN 50S ribosomal protein L2 OS=Sulfolobales archaeon SCGC AB-777_J03 OX=2005259 GN=rpl2 PE=3 SV=1	SHPHGGGSHQSVSRSSTVSS	(197-216)	S	40.0	0.68
tr|A0A2T9X020|A0A2T9X020_9CREN Uncharacterized protein OS=Sulfolobales archaeon SCGC AB-777_J03 OX=2005259 GN=DDW10_02070 PE=4 SV=1	SVSVSNVSPSSLTCSNYIS	(723-741)	S	42.11	0.8284
tr|A0A2T9X020|A0A2T9X020_9CREN Uncharacterized protein OS=Sulfolobales archaeon SCGC AB-777_J03 OX=2005259 GN=DDW10_02070 PE=4 SV=1	TFNNTKLTLTITSTLTGNTIATVTVNGNT	(70-98)	T	37.93	0.9185
tr|A0A2T9X0I2|A0A2T9X0I2_9CREN Uncharacterized protein OS=Sulfolobales archaeon SCGC AB-777_J03 OX=2005259 GN=DDW10_01345 PE=4 SV=1	TAEGTNTTTTNSSKPNATTSGMT	(58-80)	T	39.13	0.594
tr|A0A2T9WVK0|A0A2T9WVK0_9CREN Uncharacterized protein OS=Sulfolobales archaeon SCGC AB-777_J03 OX=2005259 GN=DDW10_05015 PE=4 SV=1	VVVSVQKLNVTVSGFKVFEV	(191-210)	V	40.0	0.7251
tr|A0A2T9WVS8|A0A2T9WVS8_9CREN HMA domain-containing protein OS=Sulfolobales archaeon SCGC AB-777_J03 OX=2005259 GN=DDW10_04935 PE=4 SV=1	VDKVSAYFVPTVVVFSVFVFLV	(372-393)	V	40.91	0.7996
tr|A0A2T9WWJ0|A0A2T9WWJ0_9CREN Uncharacterized protein OS=Sulfolobales archaeon SCGC AB-777_J03 OX=2005259 GN=DDW10_04655 PE=4 SV=1	VVPVGNGVFNVTFMVPSVGV	(284-303)	V	40.0	0.8492
tr|A0A2T9WWL9|A0A2T9WWL9_9CREN HTH_10 domain-containing protein OS=Sulfolobales archaeon SCGC AB-777_J03 OX=2005259 GN=DDW10_04355 PE=4 SV=1	VVVEKVKVAGERSVVYALFV	(72-91)	V	40.0	0.6518
tr|A0A2T9WWT5|A0A2T9WWT5_9CREN Uncharacterized protein OS=Sulfolobales archaeon SCGC AB-777_J03 OX=2005259 GN=DDW10_04525 PE=4 SV=1	VYVPFVIAVVIVALVVVLAFV	(14-34)	V	47.62	0.7417
tr|A0A2T9WXJ2|A0A2T9WXJ2_9CREN 50S ribosomal protein L14e OS=Sulfolobales archaeon SCGC AB-777_J03 OX=2005259 GN=rpl14e PE=3 SV=1	VVVEIVDNNFVVVTGPKSV	(23-41)	V	42.11	0.5728
tr|A0A2T9WXM2|A0A2T9WXM2_9CREN Uncharacterized protein OS=Sulfolobales archaeon SCGC AB-777_J03 OX=2005259 GN=DDW10_04050 PE=4 SV=1	VVIVGAIVVLVAAIAGGVV	(4-22)	V	42.11	0.6008
tr|A0A2T9WYK8|A0A2T9WYK8_9CREN Tr-type G domain-containing protein OS=Sulfolobales archaeon SCGC AB-777_J03 OX=2005259 GN=DDW10_03210 PE=3 SV=1	VVKSVSKKRVVVDLKRPVV	(371-389)	V	42.11	0.5867
tr|A0A2T9WYQ2|A0A2T9WYQ2_9CREN TrmB domain-containing protein OS=Sulfolobales archaeon SCGC AB-777_J03 OX=2005259 GN=DDW10_03265 PE=4 SV=1	VETVGVVSGRVVKDALLSVV	(119-138)	V	40.0	0.6382
tr|A0A2T9WZH5|A0A2T9WZH5_9CREN Uncharacterized protein OS=Sulfolobales archaeon SCGC AB-777_J03 OX=2005259 GN=DDW10_02590 PE=4 SV=1	VAIVLVVAVFMVIVGV	(64-79)	V	50.0	0.844
tr|A0A2T9WZV5|A0A2T9WZV5_9CREN Elongation factor 1-alpha OS=Sulfolobales archaeon SCGC AB-777_J03 OX=2005259 GN=tuf PE=3 SV=1	VGVVPVGRVETGVLKVGDKVV	(246-266)	V	42.86	0.8108
tr|A0A2T9WZY0|A0A2T9WZY0_9CREN Nucleoside diphosphate kinase OS=Sulfolobales archaeon SCGC AB-777_J03 OX=2005259 GN=ndk PE=3 SV=1	VTSGPVVAMVVEADEAVSVV	(67-86)	V	40.0	0.6657
tr|A0A2T9X0G3|A0A2T9X0G3_9CREN Molybdate ABC transporter substrate-binding protein OS=Sulfolobales archaeon SCGC AB-777_J03 OX=2005259 GN=DDW10_01245 PE=4 SV=1	VLGVVVIAIVVGVV	(6-19)	V	57.14	0.6625
tr|A0A2T9X0I2|A0A2T9X0I2_9CREN Uncharacterized protein OS=Sulfolobales archaeon SCGC AB-777_J03 OX=2005259 GN=DDW10_01345 PE=4 SV=1	VVFAVVVVVIATLV	(432-445)	V	57.14	0.4338
tr|A0A2T9X117|A0A2T9X117_9CREN Methionine aminopeptidase OS=Sulfolobales archaeon SCGC AB-777_J03 OX=2005259 GN=map PE=3 SV=1	VVVDGGVVITTGDVVV	(287-302)	V	50.0	0.4503
