Protein ID	Domain Sequence	Domain Boundaries	LCD Class	Final Domain Composition	Final Domain Linear Dispersion
tr|T0LU11|T0LU11_9EURY Pyr_redox_2 domain-containing protein OS=Thermoplasmatales archaeon Gpl OX=261391 GN=AMDU5_GPLC00019G0085 PE=4 SV=1	AGPAGSAAAIRLASAKA	(11-27)	A	47.06	0.7136
tr|T0LUD2|T0LUD2_9EURY Aminoacyl-tRNA hydrolase OS=Thermoplasmatales archaeon Gpl OX=261391 GN=AMDU5_GPLC00016G0008 PE=4 SV=1	AAQVAHAAVACALKA	(23-37)	A	53.33	0.7926
tr|T0LXM9|T0LXM9_9EURY FTCD_C domain-containing protein OS=Thermoplasmatales archaeon Gpl OX=261391 GN=AMDU5_GPLC00004G0224 PE=4 SV=1	ASSDAAAGLIMAKAAADSA	(140-158)	A	47.37	0.6098
tr|T0LYJ3|T0LYJ3_9EURY Exosome complex component Rrp41 OS=Thermoplasmatales archaeon Gpl OX=261391 GN=rrp41 PE=3 SV=1	ADAGTRIASLTAASVALASA	(131-150)	A	40.0	0.8102
tr|T0LYU1|T0LYU1_9EURY 50S ribosomal protein L12 OS=Thermoplasmatales archaeon Gpl OX=261391 GN=rpl12 PE=3 SV=1	AAAAPVAAAPSQAPA	(57-71)	A	60.0	0.6316
tr|T0LZ41|T0LZ41_9EURY Uncharacterized protein OS=Thermoplasmatales archaeon Gpl OX=261391 GN=AMDU5_GPLC00001G0082 PE=4 SV=1	AAMAPACDTVAFITSAAAFA	(26-45)	A	45.0	0.6672
tr|T0N375|T0N375_9EURY Multidrug resistance protein NorA related protein OS=Thermoplasmatales archaeon Gpl OX=261391 GN=AMDU5_GPLC00017G0038 PE=4 SV=1	AASIALIALAVTPLLLVAAA	(104-123)	A	40.0	0.5743
tr|T0LNU9|T0LNU9_9EURY Uncharacterized protein OS=Thermoplasmatales archaeon Gpl OX=261391 GN=AMDU5_GPLC00004G0327 PE=4 SV=1	DGLKVDFIDSIIDPDDRDD	(303-321)	D	42.11	0.7468
tr|T0LZN0|T0LZN0_9EURY SHSP domain-containing protein OS=Thermoplasmatales archaeon Gpl OX=261391 GN=AMDU5_GPLC00003G0078 PE=3 SV=1	DDDWDDDFFGDFFEDFGFD	(8-26)	D	47.37	0.625
tr|T0LK64|T0LK64_9EURY Uncharacterized protein OS=Thermoplasmatales archaeon Gpl OX=261391 GN=AMDU5_GPLC00015G0018 PE=4 SV=1	ERLIEDLSELDEETKAEIEEARNE	(32-55)	E	37.5	0.8358
tr|T0LKC4|T0LKC4_9EURY 30S ribosomal protein S13 OS=Thermoplasmatales archaeon Gpl OX=261391 GN=rps13 PE=3 SV=1	EEKIEEIRDYIESEEYE	(62-78)	E	47.06	0.5902
tr|T0LKI6|T0LKI6_9EURY KOW domain-containing protein OS=Thermoplasmatales archaeon Gpl OX=261391 GN=AMDU5_GPLC00014G0084 PE=3 SV=1	ETTESQTEKVSEEEPEEESEIPDNLSEEELPEEENEEKDEDEQKDPEEDEGDE	(131-183)	E	45.28	0.8096
tr|T0LP37|T0LP37_9EURY Uncharacterized protein OS=Thermoplasmatales archaeon Gpl OX=261391 GN=AMDU5_GPLC00003G0027 PE=4 SV=1	EIPEISEEIVKELEAETNE	(134-152)	E	42.11	0.8515
tr|T0LQ98|T0LQ98_9EURY Uncharacterized protein OS=Thermoplasmatales archaeon Gpl OX=261391 GN=AMDU5_GPLC00001G0105 PE=4 SV=1	EKEQFQKERSELEEEERKERSIRFHLE	(50-76)	E	37.04	0.6903
tr|T0LUM4|T0LUM4_9EURY DNA-directed RNA polymerase subunit OS=Thermoplasmatales archaeon Gpl OX=261391 GN=AMDU5_GPLC00014G0046 PE=3 SV=1	EERMNPREGKSIEETLEEE	(701-719)	E	42.11	0.5867
tr|T0LVP9|T0LVP9_9EURY Uncharacterized protein OS=Thermoplasmatales archaeon Gpl OX=261391 GN=AMDU5_GPLC00014G0120 PE=4 SV=1	EESGSEKEERHYEKAQEE	(31-48)	E	44.44	0.6934
tr|T0LVS3|T0LVS3_9EURY TPR_REGION domain-containing protein OS=Thermoplasmatales archaeon Gpl OX=261391 GN=AMDU5_GPLC00012G0079 PE=4 SV=1	EFEEVEIEMYLFSPKNEEE	(417-435)	E	42.11	0.4592
tr|T0LWX5|T0LWX5_9EURY Uncharacterized protein OS=Thermoplasmatales archaeon Gpl OX=261391 GN=AMDU5_GPLC00008G0005 PE=4 SV=1	EEDSAEFKIIEEKIYEELLE	(177-196)	E	40.0	0.7251
tr|T0LWX5|T0LWX5_9EURY Uncharacterized protein OS=Thermoplasmatales archaeon Gpl OX=261391 GN=AMDU5_GPLC00008G0005 PE=4 SV=1	ELTREESMEKMESGEEGE	(816-833)	E	44.44	0.7777
tr|T0LXN2|T0LXN2_9EURY 50S ribosomal protein L10 OS=Thermoplasmatales archaeon Gpl OX=261391 GN=rpl10 PE=3 SV=1	ELEGEPEETKEATKEEKPKEE	(277-297)	E	47.62	0.7417
tr|T0LYL0|T0LYL0_9EURY Uncharacterized protein OS=Thermoplasmatales archaeon Gpl OX=261391 GN=AMDU5_GPLC00004G0128 PE=4 SV=1	ELTREESMEKVESGEEGEYMTE	(814-835)	E	40.91	0.8315
tr|T0LYU1|T0LYU1_9EURY 50S ribosomal protein L12 OS=Thermoplasmatales archaeon Gpl OX=261391 GN=rpl12 PE=3 SV=1	EEKKEEKKEEKPEANEE	(74-90)	E	52.94	0.7136
tr|T0LZ12|T0LZ12_9EURY Uncharacterized protein OS=Thermoplasmatales archaeon Gpl OX=261391 GN=AMDU5_GPLC00001G0042 PE=4 SV=1	EIEEDDEIEKEHTREEVKLE	(64-83)	E	45.0	0.7848
tr|T0MYF5|T0MYF5_9EURY 30S ribosomal protein S4 OS=Thermoplasmatales archaeon Gpl OX=261391 GN=rps4 PE=3 SV=1	EDEPQESAEPENSEEVEKVE	(181-200)	E	45.0	0.8721
tr|T0MZ70|T0MZ70_9EURY M20_dimer domain-containing protein OS=Thermoplasmatales archaeon Gpl OX=261391 GN=AMDU5_GPLC00010G0011 PE=4 SV=1	EFPELSFQEEQTEERIIEELE	(21-41)	E	42.86	0.7446
tr|T0N079|T0N079_9EURY ABC transporter domain-containing protein OS=Thermoplasmatales archaeon Gpl OX=261391 GN=AMDU5_GPLC00007G0177 PE=4 SV=1	EEEIEGNDELDLLTERYEE	(110-128)	E	42.11	0.6454
tr|T0N091|T0N091_9EURY Probable RNA 2'-phosphotransferase OS=Thermoplasmatales archaeon Gpl OX=261391 GN=kptA PE=3 SV=1	EFILSIEQEKIELSQEEREEVENYKERRERRILGE	(208-242)	E	34.29	0.8454
tr|T0N196|T0N196_9EURY Uncharacterized protein OS=Thermoplasmatales archaeon Gpl OX=261391 GN=AMDU5_GPLC00004G0191 PE=4 SV=1	ERIIKPEEEPGKEEENEESISTPETGDEERKIE	(123-155)	E	39.39	0.7439
tr|T0N310|T0N310_9EURY Cell division protein FtsZ OS=Thermoplasmatales archaeon Gpl OX=261391 GN=ftsZ PE=3 SV=1	EEEENYGTSKEKLTELVEE	(10-28)	E	42.11	0.5329
tr|T0N3H6|T0N3H6_9EURY Meth_synt_2 domain-containing protein OS=Thermoplasmatales archaeon Gpl OX=261391 GN=AMDU5_GPLC00014G0027 PE=4 SV=1	ETGAGEVPEEFRELVLKEEE	(23-42)	E	40.0	0.6946
tr|T0N4I8|T0N4I8_9EURY Glyoxalase/bleomycin resistance protein/dioxygenase OS=Thermoplasmatales archaeon Gpl OX=261391 GN=AMDU5_GPLC00010G0105 PE=4 SV=1	EFEEEDIKKASEEMERKE	(42-59)	E	44.44	0.5576
tr|T0N7W5|T0N7W5_9EURY SMC hinge domain-containing protein OS=Thermoplasmatales archaeon Gpl OX=261391 GN=AMDU5_GPLC00001G0053 PE=4 SV=1	EEEIAKFGNEIGRLEEEEE	(844-862)	E	47.37	0.388
tr|T0LZJ4|T0LZJ4_9EURY Uncharacterized protein OS=Thermoplasmatales archaeon Gpl OX=261391 GN=AMDU5_GPLC00003G0028 PE=4 SV=1	FFYIFYGFTGYDIIFFFLIF	(193-212)	F	40.0	0.6382
tr|T0N1K3|T0N1K3_9EURY Uncharacterized protein OS=Thermoplasmatales archaeon Gpl OX=261391 GN=AMDU5_GPLC00004G0306 PE=4 SV=1	FGFFSFSNGLFSIFINVLFF	(21-40)	F	40.0	0.741
tr|T0N560|T0N560_9EURY CDP-archaeol synthase OS=Thermoplasmatales archaeon Gpl OX=261391 GN=carS PE=3 SV=1	FVIFAFLFLFLFSRSFF	(130-146)	F	47.06	0.7916
tr|T0LM14|T0LM14_9EURY ATP-synt_C domain-containing protein OS=Thermoplasmatales archaeon Gpl OX=261391 GN=AMDU5_GPLC00007G0018 PE=4 SV=1	GGLIGTGMAQQGIGASGMG	(43-61)	G	42.11	0.8065
tr|T0LMQ9|T0LMQ9_9EURY MFS domain-containing protein OS=Thermoplasmatales archaeon Gpl OX=261391 GN=AMDU5_GPLC00005G0010 PE=4 SV=1	GGLIGILGYGLLTPFLGDGGG	(367-387)	G	42.86	0.6475
tr|T0LPT1|T0LPT1_9EURY Uncharacterized protein OS=Thermoplasmatales archaeon Gpl OX=261391 GN=AMDU5_GPLC00002G0012 PE=4 SV=1	GLHGPISCACTGGGGGSGGGGSGSSG	(39-64)	G	50.0	0.5369
tr|T0LV81|T0LV81_9EURY Subtilase family protein OS=Thermoplasmatales archaeon Gpl OX=261391 GN=AMDU5_GPLC00017G0036 PE=4 SV=1	GFGEDGTFKGFIGGGFG	(58-74)	G	47.06	0.7136
tr|T0LW59|T0LW59_9EURY Probable membrane transporter protein OS=Thermoplasmatales archaeon Gpl OX=261391 GN=AMDU5_GPLC00010G0179 PE=3 SV=1	GYFGIGGGFLIVPGLLFGGG	(158-177)	G	45.0	0.6111
tr|T0LWT6|T0LWT6_9EURY Uncharacterized protein OS=Thermoplasmatales archaeon Gpl OX=261391 GN=AMDU5_GPLC00010G0173 PE=4 SV=1	GGTGGGFRRNGGGYGGNSGGRREYG	(125-149)	G	52.0	0.6546
tr|T0LX36|T0LX36_9EURY Uncharacterized protein OS=Thermoplasmatales archaeon Gpl OX=261391 GN=AMDU5_GPLC00005G0067 PE=4 SV=1	GFAGLGAGMGVGMGAGAGVGYAMSG	(265-289)	G	44.0	0.8939
tr|T0LX43|T0LX43_9EURY Peptidylprolyl isomerase OS=Thermoplasmatales archaeon Gpl OX=261391 GN=AMDU5_GPLC00005G0072 PE=4 SV=1	GFMIQGGDPKGTGMGGPG	(49-66)	G	44.44	0.7131
tr|T0LY68|T0LY68_9EURY zinc_ribbon_2 domain-containing protein OS=Thermoplasmatales archaeon Gpl OX=261391 GN=AMDU5_GPLC00005G0066 PE=4 SV=1	GVADDAMGGRGGGMGGGMIDGMMIGGMMSGGMGGNNAIRGG	(174-214)	G	43.9	0.7463
tr|T0LYE7|T0LYE7_9EURY Uncharacterized protein OS=Thermoplasmatales archaeon Gpl OX=261391 GN=AMDU5_GPLC00003G0104 PE=3 SV=1	GGQGGMGGMGGMGGMGG	(529-545)	G	70.59	1.0
tr|T0LYL1|T0LYL1_9EURY Uncharacterized protein OS=Thermoplasmatales archaeon Gpl OX=261391 GN=AMDU5_GPLC00003G0184 PE=4 SV=1	GSGSGSGGGTGSGSGPGSGLGSGFG	(36-60)	G	56.0	0.974
tr|T0LYL1|T0LYL1_9EURY Uncharacterized protein OS=Thermoplasmatales archaeon Gpl OX=261391 GN=AMDU5_GPLC00003G0184 PE=4 SV=1	GGGGGHGGHG	(115-124)	G	80.0	0.7593
tr|T0M0C0|T0M0C0_9EURY PKS_ER domain-containing protein OS=Thermoplasmatales archaeon Gpl OX=261391 GN=AMDU5_GPLC00001G0006 PE=3 SV=1	GGITEGSRVVITGAGGGVG	(159-177)	G	42.11	0.5867
tr|T0MY07|T0MY07_9EURY Multidrug resistance protein NorA related protein OS=Thermoplasmatales archaeon Gpl OX=261391 GN=AMDU5_GPLC00017G0039 PE=4 SV=1	GVGGFTGSGGGPIGSGGPFG	(20-39)	G	55.0	0.8046
tr|T0MYE2|T0MYE2_9EURY D-isomer specific 2-hydroxyacid dehydrogenase NAD-binding protein OS=Thermoplasmatales archaeon Gpl OX=261391 GN=AMDU5_GPLC00014G0023 PE=3 SV=1	GVLGYGGIGREIGRLCIGIG	(140-159)	G	40.0	0.8102
tr|T0MYJ4|T0MYJ4_9EURY Ribosomal_L18e/L15P domain-containing protein OS=Thermoplasmatales archaeon Gpl OX=261391 GN=AMDU5_GPLC00014G0073 PE=4 SV=1	GGRYGRGFKSGRGKGKRGGSGLAGLG	(11-36)	G	46.15	0.8569
tr|T0MZ86|T0MZ86_9EURY Aldedh domain-containing protein OS=Thermoplasmatales archaeon Gpl OX=261391 GN=AMDU5_GPLC00010G0036 PE=4 SV=1	GAEIGGAFGGEKDTGGGRESG	(462-482)	G	42.86	0.6869
tr|T0MZU8|T0MZU8_9EURY Uncharacterized protein OS=Thermoplasmatales archaeon Gpl OX=261391 GN=AMDU5_GPLC00007G0032 PE=4 SV=1	GANGSGTGSGTGLIGGGGGG	(214-233)	G	60.0	0.7096
tr|T0MZU8|T0MZU8_9EURY Uncharacterized protein OS=Thermoplasmatales archaeon Gpl OX=261391 GN=AMDU5_GPLC00007G0032 PE=4 SV=1	GGQGVYSLNGESSSGNGGNG	(253-272)	G	40.0	0.6946
tr|T0N0B0|T0N0B0_9EURY Hydantoinase_B domain-containing protein OS=Thermoplasmatales archaeon Gpl OX=261391 GN=AMDU5_GPLC00006G0014 PE=4 SV=1	GGGNGAGPGHKGSSG	(382-396)	G	53.33	0.7573
tr|T0N0J9|T0N0J9_9EURY Phosphoribosylformylglycinamidine synthase subunit PurL OS=Thermoplasmatales archaeon Gpl OX=261391 GN=purL PE=3 SV=1	GGGGLSSAAGEMCLAGGAGG	(297-316)	G	45.0	0.5131
tr|T0N0R3|T0N0R3_9EURY Uncharacterized protein OS=Thermoplasmatales archaeon Gpl OX=261391 GN=AMDU5_GPLC00004G0006 PE=3 SV=1	GSGSASPPGGAPGGMGG	(523-539)	G	47.06	0.5902
tr|T0N0Z6|T0N0Z6_9EURY Probable membrane transporter protein OS=Thermoplasmatales archaeon Gpl OX=261391 GN=AMDU5_GPLC00004G0091 PE=3 SV=1	GGIIAGVIGSLTGLGGG	(16-32)	G	47.06	0.648
tr|T0N1B6|T0N1B6_9EURY Uncharacterized protein OS=Thermoplasmatales archaeon Gpl OX=261391 GN=AMDU5_GPLC00004G0216 PE=4 SV=1	GGIASRGGLRGFVAGLIGG	(40-58)	G	42.11	0.7108
tr|T0N2D5|T0N2D5_9EURY DHHA1 domain-containing protein OS=Thermoplasmatales archaeon Gpl OX=261391 GN=AMDU5_GPLC00003G0146 PE=4 SV=1	GGSGGGHDIAAGGSIPRG	(193-210)	G	44.44	0.5426
tr|T0N4M9|T0N4M9_9EURY Uncharacterized protein OS=Thermoplasmatales archaeon Gpl OX=261391 GN=AMDU5_GPLC00010G0155 PE=4 SV=1	GYGEHNDGTGFNGTGHGRG	(579-597)	G	42.11	0.8515
tr|T0N6H9|T0N6H9_9EURY Blue (Type 1) copper protein OS=Thermoplasmatales archaeon Gpl OX=261391 GN=AMDU5_GPLC00004G0280 PE=4 SV=1	GMMGSGTGSGSGMMGYQNNGTG	(165-186)	G	40.91	0.8848
tr|T0N6R7|T0N6R7_9EURY SHOCT domain-containing protein OS=Thermoplasmatales archaeon Gpl OX=261391 GN=AMDU5_GPLC00004G0360 PE=4 SV=1	GGRYYNGGYGPYGMMGGFYGMG	(31-52)	G	45.45	0.7597
tr|T0LJP2|T0LJP2_9EURY Uncharacterized protein OS=Thermoplasmatales archaeon Gpl OX=261391 GN=AMDU5_GPLC00019G0043 PE=3 SV=1	IIILFALIAIMPIGEILSGI	(131-150)	I	40.0	0.7574
tr|T0LJP2|T0LJP2_9EURY Uncharacterized protein OS=Thermoplasmatales archaeon Gpl OX=261391 GN=AMDU5_GPLC00019G0043 PE=3 SV=1	ISFINLIITGIIIFGGI	(329-345)	I	47.06	0.6688
tr|T0LKY2|T0LKY2_9EURY Uncharacterized protein OS=Thermoplasmatales archaeon Gpl OX=261391 GN=AMDU5_GPLC00012G0042 PE=4 SV=1	IGSLFIIIWGIISFINYIIQYDYI	(14-37)	I	41.67	0.7332
tr|T0LMA0|T0LMA0_9EURY Uncharacterized protein OS=Thermoplasmatales archaeon Gpl OX=261391 GN=AMDU5_GPLC00007G0113 PE=4 SV=1	IFIFVTALLYIIFLIPIIIFI	(36-56)	I	42.86	0.5875
tr|T0LMR9|T0LMR9_9EURY Uncharacterized protein OS=Thermoplasmatales archaeon Gpl OX=261391 GN=AMDU5_GPLC00005G0020 PE=4 SV=1	IIVGISAFIIAILWIPI	(29-45)	I	47.06	0.7378
tr|T0LMU3|T0LMU3_9EURY Proton_antipo_M domain-containing protein OS=Thermoplasmatales archaeon Gpl OX=261391 GN=AMDU5_GPLC00005G0040 PE=4 SV=1	IIYQLINNGTIAAVIIIVICLFIISISLI	(376-404)	I	41.38	0.7952
tr|T0LN83|T0LN83_9EURY Uncharacterized protein OS=Thermoplasmatales archaeon Gpl OX=261391 GN=AMDU5_GPLC00004G0092 PE=4 SV=1	IVSLFVIGIILLIISFILILPTSLKI	(114-139)	I	34.62	0.7431
tr|T0LNG2|T0LNG2_9EURY MFS domain-containing protein OS=Thermoplasmatales archaeon Gpl OX=261391 GN=AMDU5_GPLC00004G0172 PE=4 SV=1	IPIIISNFRISSIIDQRYLIIFI	(256-278)	I	43.48	0.6733
tr|T0LNG7|T0LNG7_9EURY Uncharacterized protein OS=Thermoplasmatales archaeon Gpl OX=261391 GN=AMDU5_GPLC00004G0177 PE=4 SV=1	ITGILILISGITAIAFGIIMI	(53-73)	I	42.86	0.8689
tr|T0LNG7|T0LNG7_9EURY Uncharacterized protein OS=Thermoplasmatales archaeon Gpl OX=261391 GN=AMDU5_GPLC00004G0177 PE=4 SV=1	IVASIIGIMGFIFYIIFIYKI	(86-106)	I	42.86	0.8108
tr|T0LNP5|T0LNP5_9EURY Uncharacterized protein OS=Thermoplasmatales archaeon Gpl OX=261391 GN=AMDU5_GPLC00004G0262 PE=4 SV=1	IPFAILIALAVSTILYIIII	(213-232)	I	40.0	0.5991
tr|T0LNS1|T0LNS1_9EURY J domain-containing protein OS=Thermoplasmatales archaeon Gpl OX=261391 GN=AMDU5_GPLC00004G0292 PE=4 SV=1	ISIFIGYVNQWIIFVIAFII	(87-106)	I	40.0	0.68
tr|T0LNT4|T0LNT4_9EURY Uncharacterized protein OS=Thermoplasmatales archaeon Gpl OX=261391 GN=AMDU5_GPLC00004G0307 PE=4 SV=1	IYAIFTVGIISIVILVINI	(5-23)	I	42.11	0.8065
tr|T0LPC2|T0LPC2_9EURY Uncharacterized protein OS=Thermoplasmatales archaeon Gpl OX=261391 GN=AMDU5_GPLC00003G0142 PE=4 SV=1	IIIIAIAVIGGIAGVAI	(172-188)	I	47.06	0.5902
tr|T0LQ16|T0LQ16_9EURY Uncharacterized protein OS=Thermoplasmatales archaeon Gpl OX=261391 GN=AMDU5_GPLC00001G0020 PE=4 SV=1	IYLLSIIIEIIEGITIFSGQI	(13-33)	I	42.86	0.7007
tr|T0LQ16|T0LQ16_9EURY Uncharacterized protein OS=Thermoplasmatales archaeon Gpl OX=261391 GN=AMDU5_GPLC00001G0020 PE=4 SV=1	IIPAIGAEILGIISLPII	(230-247)	I	44.44	0.7131
tr|T0LTX5|T0LTX5_9EURY Uncharacterized protein OS=Thermoplasmatales archaeon Gpl OX=261391 GN=AMDU5_GPLC00019G0045 PE=3 SV=1	IFTIITIIFAIILVVLAAI	(2-20)	I	42.11	0.6153
tr|T0LU16|T0LU16_9EURY DUF1648 domain-containing protein OS=Thermoplasmatales archaeon Gpl OX=261391 GN=AMDU5_GPLC00019G0090 PE=4 SV=1	IELIIFIIIGILHYPAI	(142-158)	I	47.06	0.5723
tr|T0LUW7|T0LUW7_9EURY Uncharacterized protein OS=Thermoplasmatales archaeon Gpl OX=261391 GN=AMDU5_GPLC00019G0029 PE=4 SV=1	IIILSFSIIVFMFILIGTLI	(144-163)	I	40.0	0.68
tr|T0LWI6|T0LWI6_9EURY Uncharacterized protein OS=Thermoplasmatales archaeon Gpl OX=261391 GN=AMDU5_GPLC00010G0063 PE=4 SV=1	IIIPVVIIVIPVILSYIRKI	(212-231)	I	45.0	0.7305
tr|T0LWR9|T0LWR9_9EURY ABC transmembrane type-1 domain-containing protein OS=Thermoplasmatales archaeon Gpl OX=261391 GN=AMDU5_GPLC00007G0180 PE=3 SV=1	IIPVIALTLSILAIIIRYI	(200-218)	I	42.11	0.6611
tr|T0LXP2|T0LXP2_9EURY Uncharacterized protein OS=Thermoplasmatales archaeon Gpl OX=261391 GN=AMDU5_GPLC00004G0244 PE=4 SV=1	ISLGKTITSGIIYWIIIGI	(479-497)	I	42.11	0.6454
tr|T0LY79|T0LY79_9EURY Uncharacterized protein OS=Thermoplasmatales archaeon Gpl OX=261391 GN=AMDU5_GPLC00005G0081 PE=4 SV=1	ITIILISMIIISGLSSI	(8-24)	I	47.06	0.5723
tr|T0LYB7|T0LYB7_9EURY UPF0056 membrane protein OS=Thermoplasmatales archaeon Gpl OX=261391 GN=AMDU5_GPLC00004G0028 PE=3 SV=1	ISINAIEIAGGIILLIMGI	(70-88)	I	42.11	0.8515
tr|T0LYI8|T0LYI8_9EURY Uncharacterized protein OS=Thermoplasmatales archaeon Gpl OX=261391 GN=AMDU5_GPLC00003G0154 PE=4 SV=1	IFLIISIIVGIVSSILLTI	(10-28)	I	42.11	0.7857
tr|T0LYM7|T0LYM7_9EURY Uncharacterized protein OS=Thermoplasmatales archaeon Gpl OX=261391 GN=AMDU5_GPLC00004G0148 PE=4 SV=1	ITNKLIGIITILIVILFI	(3-20)	I	44.44	0.7777
tr|T0LYZ1|T0LYZ1_9EURY Uncharacterized protein OS=Thermoplasmatales archaeon Gpl OX=261391 GN=AMDU5_GPLC00001G0012 PE=4 SV=1	IQDIEIIKILWAFIILVLI	(2-20)	I	42.11	0.7468
tr|T0LZR9|T0LZR9_9EURY Na_Ca_ex domain-containing protein OS=Thermoplasmatales archaeon Gpl OX=261391 GN=AMDU5_GPLC00003G0123 PE=4 SV=1	IIIIFIIAII	(28-37)	I	80.0	0.9349
tr|T0LZR9|T0LZR9_9EURY Na_Ca_ex domain-containing protein OS=Thermoplasmatales archaeon Gpl OX=261391 GN=AMDU5_GPLC00003G0123 PE=4 SV=1	ITISGSVAILIITIILI	(284-300)	I	47.06	0.628
tr|T0LZX7|T0LZX7_9EURY Uncharacterized protein OS=Thermoplasmatales archaeon Gpl OX=261391 GN=AMDU5_GPLC00003G0188 PE=4 SV=1	IGIIPAIILFFIVYVIVI	(173-190)	I	44.44	0.7551
tr|T0M0C6|T0M0C6_9EURY Uncharacterized protein OS=Thermoplasmatales archaeon Gpl OX=261391 GN=AMDU5_GPLC00001G0011 PE=4 SV=1	ISVAGIIAYPGIFIIGYIVI	(78-97)	I	40.0	0.741
tr|T0M0L4|T0M0L4_9EURY Uncharacterized protein OS=Thermoplasmatales archaeon Gpl OX=261391 GN=AMDU5_GPLC00001G0096 PE=4 SV=1	IEIPFLSDSIIWILVGIFII	(93-112)	I	40.0	0.6657
tr|T0M0L4|T0M0L4_9EURY Uncharacterized protein OS=Thermoplasmatales archaeon Gpl OX=261391 GN=AMDU5_GPLC00001G0096 PE=4 SV=1	IIKGTFPPIIPILIELILLI	(212-231)	I	40.0	0.68
tr|T0MXI5|T0MXI5_9EURY Uncharacterized protein OS=Thermoplasmatales archaeon Gpl OX=261391 GN=AMDU5_GPLC00019G0002 PE=4 SV=1	IIEVIFFIIGIMISLRI	(56-72)	I	47.06	0.7378
tr|T0MXJ2|T0MXJ2_9EURY Uncharacterized protein OS=Thermoplasmatales archaeon Gpl OX=261391 GN=AMDU5_GPLC00019G0007 PE=4 SV=1	IIIGIVLVFICAIITIILIII	(281-301)	I	57.14	0.7295
tr|T0MZ90|T0MZ90_9EURY MFS domain-containing protein OS=Thermoplasmatales archaeon Gpl OX=261391 GN=AMDU5_GPLC00010G0041 PE=4 SV=1	IISITSPVIFIFIAIQI	(347-363)	I	47.06	0.7378
tr|T0N0K6|T0N0K6_9EURY Uncharacterized protein OS=Thermoplasmatales archaeon Gpl OX=261391 GN=AMDU5_GPLC00005G0039 PE=4 SV=1	IIIVSIIVLIATLIIYRLTI	(98-117)	I	45.0	0.6672
tr|T0N0M0|T0N0M0_9EURY Seg OS=Thermoplasmatales archaeon Gpl OX=261391 GN=AMDU5_GPLC00005G0059 PE=4 SV=1	IRDIISLILISDIIKSGFLII	(349-369)	I	42.86	0.7149
tr|T0N186|T0N186_9EURY Transporter OS=Thermoplasmatales archaeon Gpl OX=261391 GN=AMDU5_GPLC00004G0181 PE=4 SV=1	ILSFIIIILISIFGTIHI	(401-418)	I	50.0	0.6518
tr|T0N1Z7|T0N1Z7_9EURY Aquaporin OS=Thermoplasmatales archaeon Gpl OX=261391 GN=aqpM PE=4 SV=1	IIAIVIGIYVSIMIFMLATI	(159-178)	I	40.0	0.7574
tr|T0N210|T0N210_9EURY Uncharacterized protein OS=Thermoplasmatales archaeon Gpl OX=261391 GN=AMDU5_GPLC00003G0016 PE=4 SV=1	IIILSVISILIFPAILI	(20-36)	I	47.06	0.6906
tr|T0N2F5|T0N2F5_9EURY COX1 domain-containing protein OS=Thermoplasmatales archaeon Gpl OX=261391 GN=ctaD PE=3 SV=1	IFIGITIAAIVVIRMII	(210-226)	I	47.06	0.8219
tr|T0N2Y6|T0N2Y6_9EURY Proton_antipo_M domain-containing protein OS=Thermoplasmatales archaeon Gpl OX=261391 GN=AMDU5_GPLC00019G0051 PE=4 SV=1	IGAIIFLIIFGMIITASYHI	(160-179)	I	40.0	0.6946
tr|T0N3R5|T0N3R5_9EURY Uncharacterized protein OS=Thermoplasmatales archaeon Gpl OX=261391 GN=AMDU5_GPLC00001G0149 PE=4 SV=1	IEYIITNINKIIPFSNIGAISI	(89-110)	I	40.91	0.8152
tr|T0N3T9|T0N3T9_9EURY Uncharacterized protein OS=Thermoplasmatales archaeon Gpl OX=261391 GN=AMDU5_GPLC00001G0184 PE=4 SV=1	INGISIYILFAIIAILGATI	(73-92)	I	40.0	0.8102
tr|T0N3Z8|T0N3Z8_9EURY Uncharacterized protein OS=Thermoplasmatales archaeon Gpl OX=261391 GN=AMDU5_GPLC00012G0045 PE=4 SV=1	IGAVIGIIAGVLELIVAIII	(9-28)	I	40.0	0.6249
tr|T0N420|T0N420_9EURY J domain-containing protein OS=Thermoplasmatales archaeon Gpl OX=261391 GN=AMDU5_GPLC00012G0065 PE=4 SV=1	IFIYWIIEESIISDRKGII	(43-61)	I	42.11	0.6611
tr|T0N560|T0N560_9EURY CDP-archaeol synthase OS=Thermoplasmatales archaeon Gpl OX=261391 GN=carS PE=3 SV=1	ILIGFISGIIILPILSI	(60-76)	I	47.06	0.7378
tr|T0N5C3|T0N5C3_9EURY Uncharacterized protein OS=Thermoplasmatales archaeon Gpl OX=261391 GN=AMDU5_GPLC00007G0171 PE=4 SV=1	IAMIIFIIIIMSI	(29-41)	I	61.54	0.6811
tr|T0N5T3|T0N5T3_9EURY Formate hydrogenlyase subunit 4 (HycD) OS=Thermoplasmatales archaeon Gpl OX=261391 GN=AMDU5_GPLC00005G0038 PE=4 SV=1	IDIIIMLGKWIVLILIIIFIEQI	(260-282)	I	47.83	0.6637
tr|T0N6R7|T0N6R7_9EURY SHOCT domain-containing protein OS=Thermoplasmatales archaeon Gpl OX=261391 GN=AMDU5_GPLC00004G0360 PE=4 SV=1	IIMPIIGIISVILVLIFVYFI	(53-73)	I	42.86	0.7446
tr|T0N7Y5|T0N7Y5_9EURY ABC transmembrane type-1 domain-containing protein OS=Thermoplasmatales archaeon Gpl OX=261391 GN=AMDU5_GPLC00001G0078 PE=3 SV=1	IYIPVIILSIIFIYPLWILII	(40-60)	I	47.62	0.7254
tr|T0LIW9|T0LIW9_9EURY Saposin B-type domain-containing protein OS=Thermoplasmatales archaeon Gpl OX=261391 GN=AMDU5_GPLC00019G0003 PE=4 SV=1	KKVKESKILYKKEKKDGNK	(3-21)	K	47.37	0.7097
tr|T0LMF8|T0LMF8_9EURY ABC transporter domain-containing protein OS=Thermoplasmatales archaeon Gpl OX=261391 GN=AMDU5_GPLC00007G0178 PE=4 SV=1	KSLFSIKKDKEVKKKKPKNYDK	(96-117)	K	45.45	0.6414
tr|T0LN12|T0LN12_9EURY Uncharacterized protein OS=Thermoplasmatales archaeon Gpl OX=261391 GN=AMDU5_GPLC00004G0012 PE=4 SV=1	KKEKKDTGKTVEKEQVKENK	(191-210)	K	40.0	0.7919
tr|T0LQ98|T0LQ98_9EURY Uncharacterized protein OS=Thermoplasmatales archaeon Gpl OX=261391 GN=AMDU5_GPLC00001G0105 PE=4 SV=1	KKDKKEELKGDVKKQEK	(77-93)	K	47.06	0.6688
tr|T0LUD2|T0LUD2_9EURY Aminoacyl-tRNA hydrolase OS=Thermoplasmatales archaeon Gpl OX=261391 GN=AMDU5_GPLC00016G0008 PE=4 SV=1	KAEKKEKKIFRKWMEGGQKK	(36-55)	K	40.0	0.6382
tr|T0LUN6|T0LUN6_9EURY 30S ribosomal protein S27e OS=Thermoplasmatales archaeon Gpl OX=261391 GN=rps27e PE=3 SV=1	KEMKKLKGKGNKFIKIK	(4-20)	K	47.06	0.8219
tr|T0LXF9|T0LXF9_9EURY ENDO3c domain-containing protein OS=Thermoplasmatales archaeon Gpl OX=261391 GN=AMDU5_GPLC00004G0114 PE=3 SV=1	KFFKTQKKKKDEMKKSQTGK	(208-227)	K	45.0	0.6384
tr|T0LXG0|T0LXG0_9EURY Uncharacterized protein OS=Thermoplasmatales archaeon Gpl OX=261391 GN=AMDU5_GPLC00004G0119 PE=4 SV=1	KVINDKKKEIVEKARKLKK	(35-53)	K	42.11	0.6611
tr|T0LXN2|T0LXN2_9EURY 50S ribosomal protein L10 OS=Thermoplasmatales archaeon Gpl OX=261391 GN=rpl10 PE=3 SV=1	KKEMLFVKKGDKISKEKAK	(152-170)	K	42.11	0.7108
tr|T0LYL1|T0LYL1_9EURY Uncharacterized protein OS=Thermoplasmatales archaeon Gpl OX=261391 GN=AMDU5_GPLC00003G0184 PE=4 SV=1	KSMSGKKPKKKSNKKDGEGKDYKK	(163-186)	K	45.83	0.6871
tr|T0LZT3|T0LZT3_9EURY Uncharacterized protein OS=Thermoplasmatales archaeon Gpl OX=261391 GN=AMDU5_GPLC00003G0143 PE=4 SV=1	KQPKWKNRKDKPKKIAKK	(276-293)	K	50.0	0.805
tr|T0MXR4|T0MXR4_9EURY AAA domain-containing protein OS=Thermoplasmatales archaeon Gpl OX=261391 GN=AMDU5_GPLC00019G0062 PE=4 SV=1	KVKILDEKALERKKKMEKK	(190-208)	K	42.11	0.6611
tr|T0MXV5|T0MXV5_9EURY Uncharacterized protein OS=Thermoplasmatales archaeon Gpl OX=261391 GN=AMDU5_GPLC00019G0102 PE=4 SV=1	KFTEKGKNKEIEKIKKLKGK	(133-152)	K	45.0	0.8256
tr|T0MZW2|T0MZW2_9EURY DNA topoisomerase 1 OS=Thermoplasmatales archaeon Gpl OX=261391 GN=topA PE=3 SV=1	KVKSTAVKKPLTRKKTVKKSGSSASKEKKARK	(763-794)	K	37.5	0.7723
tr|T0N055|T0N055_9EURY Aminopeptidase OS=Thermoplasmatales archaeon Gpl OX=261391 GN=AMDU5_GPLC00007G0152 PE=3 SV=1	KKNHKKIIKLLIQGKIKK	(684-701)	K	44.44	0.6385
tr|T0N4E8|T0N4E8_9EURY Uncharacterized protein OS=Thermoplasmatales archaeon Gpl OX=261391 GN=AMDU5_GPLC00010G0035 PE=4 SV=1	KKVVSKKNTEKKDIKKINIK	(47-66)	K	45.0	0.6978
tr|T0N4R5|T0N4R5_9EURY Uncharacterized protein OS=Thermoplasmatales archaeon Gpl OX=261391 GN=AMDU5_GPLC00009G0004 PE=4 SV=1	KTAGTDGKKKMTKAEKKEAKIRAAEKK	(167-193)	K	37.04	0.7059
tr|T0N5I9|T0N5I9_9EURY T2SP_E domain-containing protein OS=Thermoplasmatales archaeon Gpl OX=261391 GN=AMDU5_GPLC00006G0028 PE=4 SV=1	KTKKKKTKKRK	(6-16)	K	72.73	0.8258
tr|T0N840|T0N840_9EURY Uncharacterized protein OS=Thermoplasmatales archaeon Gpl OX=261391 GN=AMDU5_GPLC00001G0128 PE=4 SV=1	KEGKPNVKKAVKDEVKWKMKNWKVQQK	(94-120)	K	37.04	0.8987
tr|T0LJY3|T0LJY3_9EURY MFS domain-containing protein OS=Thermoplasmatales archaeon Gpl OX=261391 GN=AMDU5_GPLC00017G0040 PE=4 SV=1	LLSFSYGFLNVLLSLYLHHLGYSLIEIGLIL	(26-56)	L	35.48	0.8117
tr|T0LLQ9|T0LLQ9_9EURY MFS domain-containing protein OS=Thermoplasmatales archaeon Gpl OX=261391 GN=AMDU5_GPLC00010G0147 PE=4 SV=1	LQDRIVLLIGSLLLILFIVLL	(157-177)	L	42.86	0.6475
tr|T0LMD5|T0LMD5_9EURY Surface antigen-like protein OS=Thermoplasmatales archaeon Gpl OX=261391 GN=AMDU5_GPLC00007G0148 PE=4 SV=1	LFISLLLLLLIYL	(835-847)	L	61.54	0.3913
tr|T0LNB7|T0LNB7_9EURY Uncharacterized protein OS=Thermoplasmatales archaeon Gpl OX=261391 GN=AMDU5_GPLC00004G0127 PE=4 SV=1	LLFILFLSGVVLLLAGAL	(29-46)	L	44.44	0.6562
tr|T0LND0|T0LND0_9EURY Uncharacterized protein OS=Thermoplasmatales archaeon Gpl OX=261391 GN=AMDU5_GPLC00004G0132 PE=4 SV=1	LGLLINVLAVVLFYLLYLDIL	(11-31)	L	42.86	0.8108
tr|T0LNT7|T0LNT7_9EURY Uncharacterized protein OS=Thermoplasmatales archaeon Gpl OX=261391 GN=AMDU5_GPLC00004G0312 PE=4 SV=1	LLVGSMVIWLLALLGLDMIL	(234-253)	L	40.0	0.5743
tr|T0LP60|T0LP60_9EURY MFS domain-containing protein OS=Thermoplasmatales archaeon Gpl OX=261391 GN=AMDU5_GPLC00003G0057 PE=4 SV=1	LGLLLLSLTLLIFENSNLYIIYL	(91-113)	L	43.48	0.6106
tr|T0LPI7|T0LPI7_9EURY MFS domain-containing protein OS=Thermoplasmatales archaeon Gpl OX=261391 GN=AMDU5_GPLC00003G0197 PE=4 SV=1	LFLIALVLNLTSVAITLLL	(168-186)	L	42.11	0.6302
tr|T0LPV1|T0LPV1_9EURY Phenylalanine--tRNA ligase OS=Thermoplasmatales archaeon Gpl OX=261391 GN=AMDU5_GPLC00002G0027 PE=4 SV=1	LGLERLALLYYGLNDLRKL	(460-478)	L	42.11	0.8515
tr|T0LPX2|T0LPX2_9EURY ABC2_membrane domain-containing protein OS=Thermoplasmatales archaeon Gpl OX=261391 GN=AMDU5_GPLC00002G0047 PE=4 SV=1	LGALAILALGLLLLTAYL	(232-249)	L	50.0	0.6705
tr|T0LV33|T0LV33_9EURY Gal_mutarotas_2 domain-containing protein OS=Thermoplasmatales archaeon Gpl OX=261391 GN=AMDU5_GPLC00019G0099 PE=3 SV=1	LLLLIPLPLNAHILGL	(51-66)	L	50.0	0.5782
tr|T0LVV8|T0LVV8_9EURY Uncharacterized protein OS=Thermoplasmatales archaeon Gpl OX=261391 GN=AMDU5_GPLC00012G0013 PE=4 SV=1	LPFLFIPLLGIEFLILLLPYGLLLFTNSYL	(192-221)	L	40.0	0.7478
tr|T0LWS9|T0LWS9_9EURY Uncharacterized protein OS=Thermoplasmatales archaeon Gpl OX=261391 GN=AMDU5_GPLC00010G0163 PE=4 SV=1	LMYSFSFFLLLGFLLEVLNLPYLVKKAQL	(7-35)	L	34.48	0.7231
tr|T0LWW5|T0LWW5_9EURY Na_H_Exchanger domain-containing protein OS=Thermoplasmatales archaeon Gpl OX=261391 GN=AMDU5_GPLC00006G0027 PE=4 SV=1	LIVGLLLGVVLFELTVLYGL	(237-256)	L	40.0	0.7919
tr|T0LX85|T0LX85_9EURY Uncharacterized protein OS=Thermoplasmatales archaeon Gpl OX=261391 GN=AMDU5_GPLC00004G0019 PE=4 SV=1	LVLLSALSLLIGSVALRLGNL	(9-29)	L	42.86	0.7446
tr|T0LXE3|T0LXE3_9EURY Uncharacterized protein OS=Thermoplasmatales archaeon Gpl OX=261391 GN=AMDU5_GPLC00004G0094 PE=4 SV=1	LLLLAGLILSLTGIVFL	(120-136)	L	47.06	0.5381
tr|T0LXG7|T0LXG7_9EURY ABC transmembrane type-1 domain-containing protein OS=Thermoplasmatales archaeon Gpl OX=261391 GN=AMDU5_GPLC00004G0129 PE=3 SV=1	LSLALFLVPSLALLIAL	(588-604)	L	47.06	0.7916
tr|T0LXV8|T0LXV8_9EURY Major facilitator superfamily permease OS=Thermoplasmatales archaeon Gpl OX=261391 GN=AMDU5_GPLC00004G0344 PE=4 SV=1	LVLVPFLMLSLLLNGLFISL	(207-226)	L	45.0	0.7659
tr|T0LY37|T0LY37_9EURY Uncharacterized protein OS=Thermoplasmatales archaeon Gpl OX=261391 GN=AMDU5_GPLC00005G0021 PE=4 SV=1	LSISSILSPLGTLILSLELLISSSL	(2-26)	L	36.0	0.8148
tr|T0LY37|T0LY37_9EURY Uncharacterized protein OS=Thermoplasmatales archaeon Gpl OX=261391 GN=AMDU5_GPLC00005G0021 PE=4 SV=1	LWLLYVQLLVSPLIILLL	(203-220)	L	50.0	0.6518
tr|T0LY55|T0LY55_9EURY Uncharacterized protein OS=Thermoplasmatales archaeon Gpl OX=261391 GN=AMDU5_GPLC00005G0051 PE=4 SV=1	LILKSEDFVTLLSIVLLLAL	(39-58)	L	40.0	0.5622
tr|T0LY97|T0LY97_9EURY Protease synthase and sporulation negative regulatory protein pai 2 OS=Thermoplasmatales archaeon Gpl OX=261391 GN=AMDU5_GPLC00003G0064 PE=4 SV=1	LELLERCQTELLLKELSL	(108-125)	L	44.44	0.5576
tr|T0LZJ1|T0LZJ1_9EURY Lysine exporter protein LysE/YggA OS=Thermoplasmatales archaeon Gpl OX=261391 GN=AMDU5_GPLC00003G0023 PE=4 SV=1	LILLFLVLLLKNYVDL	(51-66)	L	50.0	0.5582
tr|T0LZY7|T0LZY7_9EURY Uncharacterized protein OS=Thermoplasmatales archaeon Gpl OX=261391 GN=AMDU5_GPLC00003G0198 PE=4 SV=1	LRTLSLILDSELTHLLNLL	(48-66)	L	47.37	0.7703
tr|T0M065|T0M065_9EURY Uncharacterized protein OS=Thermoplasmatales archaeon Gpl OX=261391 GN=AMDU5_GPLC00002G0013 PE=4 SV=1	LSIFVALLLLSSVLIYLDL	(14-32)	L	42.11	0.6153
tr|T0M0M6|T0M0M6_9EURY Uncharacterized protein OS=Thermoplasmatales archaeon Gpl OX=261391 GN=AMDU5_GPLC00001G0111 PE=4 SV=1	LLRIMRILLLSQNNLLLESTL	(160-180)	L	42.86	0.5875
tr|T0MXQ5|T0MXQ5_9EURY Proton_antipo_M domain-containing protein OS=Thermoplasmatales archaeon Gpl OX=261391 GN=AMDU5_GPLC00019G0052 PE=3 SV=1	LLALILLFVGFGFKLALVPL	(174-193)	L	40.0	0.6119
tr|T0MXU1|T0MXU1_9EURY MFS domain-containing protein OS=Thermoplasmatales archaeon Gpl OX=261391 GN=AMDU5_GPLC00019G0092 PE=4 SV=1	LLDRLLWLPVVFLVFVHGLLLTYLLLIILL	(101-130)	L	46.67	0.6971
tr|T0N186|T0N186_9EURY Transporter OS=Thermoplasmatales archaeon Gpl OX=261391 GN=AMDU5_GPLC00004G0181 PE=4 SV=1	LDLIFAAILLLLLAFPLLKRRNL	(119-141)	L	43.48	0.5912
tr|T0N186|T0N186_9EURY Transporter OS=Thermoplasmatales archaeon Gpl OX=261391 GN=AMDU5_GPLC00004G0181 PE=4 SV=1	LLLLALLLLSSYNLMLSYSHAL	(270-291)	L	50.0	0.5383
tr|T0N2E0|T0N2E0_9EURY TPR_REGION domain-containing protein OS=Thermoplasmatales archaeon Gpl OX=261391 GN=AMDU5_GPLC00003G0151 PE=4 SV=1	LDYLEALDLNLETPSLVSLL	(19-38)	L	40.0	0.8293
tr|T0N2K3|T0N2K3_9EURY Uncharacterized protein OS=Thermoplasmatales archaeon Gpl OX=261391 GN=AMDU5_GPLC00003G0216 PE=4 SV=1	LALMFVLPLLLSIGLPSLIDYL	(24-45)	L	40.91	0.7996
tr|T0N2Q9|T0N2Q9_9EURY Uncharacterized protein OS=Thermoplasmatales archaeon Gpl OX=261391 GN=AMDU5_GPLC00002G0021 PE=4 SV=1	LLYELRTDPLLFLVFLIPVL	(23-42)	L	40.0	0.7743
tr|T0N2X8|T0N2X8_9EURY M20_dimer domain-containing protein OS=Thermoplasmatales archaeon Gpl OX=261391 GN=AMDU5_GPLC00001G0044 PE=4 SV=1	LSLLLLKKLDKSKLKMNLGL	(126-145)	L	45.0	0.6672
tr|T0N2Y6|T0N2Y6_9EURY Proton_antipo_M domain-containing protein OS=Thermoplasmatales archaeon Gpl OX=261391 GN=AMDU5_GPLC00019G0051 PE=4 SV=1	LLLSFLFILILLLGIYPNL	(206-224)	L	47.37	0.5806
tr|T0N3L2|T0N3L2_9EURY Protein translocase subunit SecY OS=Thermoplasmatales archaeon Gpl OX=261391 GN=secY PE=3 SV=1	LPLPQLLIAAVLLAPLFAILYLVL	(32-55)	L	41.67	0.8199
tr|T0N4D4|T0N4D4_9EURY Uncharacterized protein OS=Thermoplasmatales archaeon Gpl OX=261391 GN=AMDU5_GPLC00010G0010 PE=4 SV=1	LGLSYTGWLLIAILVLFLGL	(305-324)	L	40.0	0.7574
tr|T0N515|T0N515_9EURY MFS domain-containing protein OS=Thermoplasmatales archaeon Gpl OX=261391 GN=AMDU5_GPLC00007G0076 PE=4 SV=1	LIIGSLLLLNGYLLESIVL	(267-285)	L	42.11	0.5867
tr|T0N5E1|T0N5E1_9EURY MFS domain-containing protein OS=Thermoplasmatales archaeon Gpl OX=261391 GN=AMDU5_GPLC00007G0186 PE=4 SV=1	LQTRILVSAFLLVAGLLLLNTITL	(241-264)	L	37.5	0.6894
tr|T0N5Y3|T0N5Y3_9EURY Polysacc_synt_C domain-containing protein OS=Thermoplasmatales archaeon Gpl OX=261391 GN=AMDU5_GPLC00004G0005 PE=4 SV=1	LFPVILLSLLLYLIMSLSL	(461-479)	L	47.37	0.657
tr|T0N7P9|T0N7P9_9EURY Uncharacterized protein OS=Thermoplasmatales archaeon Gpl OX=261391 GN=AMDU5_GPLC00002G0045 PE=4 SV=1	LVAIFDLILPLSLLATVLL	(192-210)	L	42.11	0.6937
tr|T0N7P9|T0N7P9_9EURY Uncharacterized protein OS=Thermoplasmatales archaeon Gpl OX=261391 GN=AMDU5_GPLC00002G0045 PE=4 SV=1	LLLGLLSFFPILAVGPLL	(558-575)	L	44.44	0.5426
tr|T0LX36|T0LX36_9EURY Uncharacterized protein OS=Thermoplasmatales archaeon Gpl OX=261391 GN=AMDU5_GPLC00005G0067 PE=4 SV=1	NMQNANNQNVNNQN	(294-307)	N	57.14	0.886
tr|T0LXG3|T0LXG3_9EURY Uncharacterized protein OS=Thermoplasmatales archaeon Gpl OX=261391 GN=AMDU5_GPLC00004G0124 PE=4 SV=1	NYSSINNHNYSSKMNINVNN	(851-870)	N	40.0	0.6946
tr|T0LY67|T0LY67_9EURY CYTB_NTER domain-containing protein OS=Thermoplasmatales archaeon Gpl OX=261391 GN=AMDU5_GPLC00003G0019 PE=4 SV=1	PFPQVASTSPLAPYVPPYPP	(282-301)	P	40.0	0.68
tr|T0LYT0|T0LYT0_9EURY Pyruvate dehydrogenase E2 / dihydrolipoamide acetyltransferase OS=Thermoplasmatales archaeon Gpl OX=261391 GN=AMDU5_GPLC00004G0213 PE=3 SV=1	PTPIREEPKVSPPPQPKEPEP	(206-226)	P	42.86	0.7602
tr|T0LY59|T0LY59_9EURY Uncharacterized protein OS=Thermoplasmatales archaeon Gpl OX=261391 GN=AMDU5_GPLC00005G0056 PE=4 SV=1	QSANQKQQVNSSQNQTNYQQ	(269-288)	Q	40.0	0.7574
tr|T0MZ11|T0MZ11_9EURY Prefoldin subunit beta OS=Thermoplasmatales archaeon Gpl OX=261391 GN=pfdB PE=3 SV=1	QNQVRQAQQIENQIEQIGTQ	(10-29)	Q	40.0	0.8492
tr|T0LK98|T0LK98_9EURY Uncharacterized protein OS=Thermoplasmatales archaeon Gpl OX=261391 GN=AMDU5_GPLC00014G0024 PE=4 SV=1	RQSTRRRESTSRRRPRR	(406-422)	R	52.94	0.5549
tr|T0N3L7|T0N3L7_9EURY 50S ribosomal protein L19e OS=Thermoplasmatales archaeon Gpl OX=261391 GN=rpl19e PE=3 SV=1	RRRGPGSVRGTRNARFPRKRR	(73-93)	R	42.86	0.7007
tr|T0N4R5|T0N4R5_9EURY Uncharacterized protein OS=Thermoplasmatales archaeon Gpl OX=261391 GN=AMDU5_GPLC00009G0004 PE=4 SV=1	RAAEKKRLRREERRSAKTRRSR	(188-209)	R	40.91	0.7032
tr|T0N5Y5|T0N5Y5_9EURY 50S ribosomal protein L15e OS=Thermoplasmatales archaeon Gpl OX=261391 GN=rpl15e PE=3 SV=1	RVRRGGSNRPKIMGGRRPRR	(69-88)	R	40.0	0.6119
tr|T0LN12|T0LN12_9EURY Uncharacterized protein OS=Thermoplasmatales archaeon Gpl OX=261391 GN=AMDU5_GPLC00004G0012 PE=4 SV=1	STISSFLGKGTSNPLSSSSGSFSTSTIS	(123-150)	S	42.86	0.7175
tr|T0LN12|T0LN12_9EURY Uncharacterized protein OS=Thermoplasmatales archaeon Gpl OX=261391 GN=AMDU5_GPLC00004G0012 PE=4 SV=1	SGSSNSGQSSTYSAASNFVSS	(365-385)	S	47.62	0.7588
tr|T0LN12|T0LN12_9EURY Uncharacterized protein OS=Thermoplasmatales archaeon Gpl OX=261391 GN=AMDU5_GPLC00004G0012 PE=4 SV=1	SQSSLILKSSIQDGNLSSVS	(438-457)	S	40.0	0.6119
tr|T0LN12|T0LN12_9EURY Uncharacterized protein OS=Thermoplasmatales archaeon Gpl OX=261391 GN=AMDU5_GPLC00004G0012 PE=4 SV=1	SVHSSEVASDLSSFSGLSKLFNSKSDLSFSLS	(471-502)	S	40.62	0.8837
tr|T0LNU6|T0LNU6_9EURY Uncharacterized protein OS=Thermoplasmatales archaeon Gpl OX=261391 GN=AMDU5_GPLC00004G0322 PE=4 SV=1	SLSDSIINLSSNQVYESSS	(322-340)	S	42.11	0.6153
tr|T0LNX4|T0LNX4_9EURY Uncharacterized protein OS=Thermoplasmatales archaeon Gpl OX=261391 GN=AMDU5_GPLC00004G0367 PE=4 SV=1	SSFGVTKTESISAFSFFSSS	(244-263)	S	40.0	0.5743
tr|T0LPT1|T0LPT1_9EURY Uncharacterized protein OS=Thermoplasmatales archaeon Gpl OX=261391 GN=AMDU5_GPLC00002G0012 PE=4 SV=1	SSSSWNSQSVDVGDFSAS	(8-25)	S	44.44	0.528
tr|T0LPT1|T0LPT1_9EURY Uncharacterized protein OS=Thermoplasmatales archaeon Gpl OX=261391 GN=AMDU5_GPLC00002G0012 PE=4 SV=1	SGSSGQPPSLSSYMDCYSS	(60-78)	S	42.11	0.6302
tr|T0LPT1|T0LPT1_9EURY Uncharacterized protein OS=Thermoplasmatales archaeon Gpl OX=261391 GN=AMDU5_GPLC00002G0012 PE=4 SV=1	SACRSSLGSTSSDYYFYKSS	(108-127)	S	40.0	0.6382
tr|T0LQ73|T0LQ73_9EURY Uncharacterized protein OS=Thermoplasmatales archaeon Gpl OX=261391 GN=AMDU5_GPLC00001G0080 PE=4 SV=1	SSYSSIPSILASQNSALKS	(428-446)	S	42.11	0.7857
tr|T0LQ88|T0LQ88_9EURY Uncharacterized protein OS=Thermoplasmatales archaeon Gpl OX=261391 GN=AMDU5_GPLC00001G0095 PE=4 SV=1	SSVSQGSSVLKANFPSSVSS	(167-186)	S	45.0	0.5362
tr|T0LTV6|T0LTV6_9EURY MFS domain-containing protein OS=Thermoplasmatales archaeon Gpl OX=261391 GN=AMDU5_GPLC00019G0025 PE=4 SV=1	SKKEVVNESGSSSPSPSVSPS	(538-558)	S	42.86	0.6107
tr|T0LU77|T0LU77_9EURY Subtilase family protein OS=Thermoplasmatales archaeon Gpl OX=261391 GN=AMDU5_GPLC00017G0037 PE=4 SV=1	SYSASSETPLVSSSISVAS	(436-454)	S	47.37	0.625
tr|T0LVF1|T0LVF1_9EURY Uncharacterized protein OS=Thermoplasmatales archaeon Gpl OX=261391 GN=AMDU5_GPLC00015G0024 PE=4 SV=1	SSIFSSFTLGSNDVSNAISS	(38-57)	S	40.0	0.7251
tr|T0LVP9|T0LVP9_9EURY Uncharacterized protein OS=Thermoplasmatales archaeon Gpl OX=261391 GN=AMDU5_GPLC00014G0120 PE=4 SV=1	SSGSISAESVICDEFESSGS	(144-163)	S	40.0	0.6119
tr|T0LW13|T0LW13_9EURY ABC transporter extracellular solute-binding protein OS=Thermoplasmatales archaeon Gpl OX=261391 GN=AMDU5_GPLC00012G0063 PE=4 SV=1	SYHGSSASSSVAVANQNSS	(91-109)	S	42.11	0.4951
tr|T0LWU0|T0LWU0_9EURY Uncharacterized protein OS=Thermoplasmatales archaeon Gpl OX=261391 GN=AMDU5_GPLC00010G0178 PE=4 SV=1	SSGSTYFHLSSEQSIESYSS	(462-481)	S	45.0	0.6823
tr|T0LWU0|T0LWU0_9EURY Uncharacterized protein OS=Thermoplasmatales archaeon Gpl OX=261391 GN=AMDU5_GPLC00010G0178 PE=4 SV=1	SLSSIAYNMSMSKGVSTSVS	(828-847)	S	40.0	0.7574
tr|T0LY37|T0LY37_9EURY Uncharacterized protein OS=Thermoplasmatales archaeon Gpl OX=261391 GN=AMDU5_GPLC00005G0021 PE=4 SV=1	SISYMLGNVSSFFSSKSS	(132-149)	S	44.44	0.5729
tr|T0LY81|T0LY81_9EURY Uncharacterized protein OS=Thermoplasmatales archaeon Gpl OX=261391 GN=AMDU5_GPLC00003G0039 PE=4 SV=1	SVSSIGNSSSPGRAILYSS	(190-208)	S	42.11	0.4951
tr|T0LYL1|T0LYL1_9EURY Uncharacterized protein OS=Thermoplasmatales archaeon Gpl OX=261391 GN=AMDU5_GPLC00003G0184 PE=4 SV=1	SSLSSVPVVHSSSPGSGSGSGGGTGSGS	(22-49)	S	42.86	0.7257
tr|T0LYM3|T0LYM3_9EURY Carbamoyl-phosphate synthetase ammonia chain OS=Thermoplasmatales archaeon Gpl OX=261391 GN=AMDU5_GPLC00004G0143 PE=4 SV=1	SLFPSFRMIDSSSSEFSS	(509-526)	S	44.44	0.5426
tr|T0LYU2|T0LYU2_9EURY Uncharacterized protein OS=Thermoplasmatales archaeon Gpl OX=261391 GN=AMDU5_GPLC00002G0019 PE=4 SV=1	SSVSLSRNSTVRSLSTPS	(258-275)	S	44.44	0.827
tr|T0LYZ7|T0LYZ7_9EURY Uncharacterized protein OS=Thermoplasmatales archaeon Gpl OX=261391 GN=AMDU5_GPLC00004G0308 PE=4 SV=1	STNFRSSLFSSSLSVIS	(280-296)	S	47.06	0.628
tr|T0LZ41|T0LZ41_9EURY Uncharacterized protein OS=Thermoplasmatales archaeon Gpl OX=261391 GN=AMDU5_GPLC00001G0082 PE=4 SV=1	SLLTNMSSSLVVSSSLGNS	(377-395)	S	42.11	0.5867
tr|T0LZX7|T0LZX7_9EURY Uncharacterized protein OS=Thermoplasmatales archaeon Gpl OX=261391 GN=AMDU5_GPLC00003G0188 PE=4 SV=1	SSGYLHSSFSSLTMLSS	(77-93)	S	47.06	0.5549
tr|T0M001|T0M001_9EURY Pilin_N domain-containing protein OS=Thermoplasmatales archaeon Gpl OX=261391 GN=AMDU5_GPLC00003G0213 PE=4 SV=1	STSSYYSAVIFVNVSSSSTAISTSSITVTLSGAS	(65-98)	S	38.24	0.726
tr|T0M0N3|T0M0N3_9EURY Xanthomonapepsin related protein OS=Thermoplasmatales archaeon Gpl OX=261391 GN=AMDU5_GPLC00001G0116 PE=4 SV=1	SFISWSISFSSSTVS	(936-950)	S	53.33	0.7573
tr|T0MZQ7|T0MZQ7_9EURY Uncharacterized protein OS=Thermoplasmatales archaeon Gpl OX=261391 GN=AMDU5_GPLC00008G0003 PE=3 SV=1	SPIGSNSWVITSSHSSDS	(305-322)	S	44.44	0.7131
tr|T0N050|T0N050_9EURY Peptidase S53 domain-containing protein OS=Thermoplasmatales archaeon Gpl OX=261391 GN=AMDU5_GPLC00007G0147 PE=4 SV=1	SSGDSGDNSASSEYSANS	(420-437)	S	44.44	0.7777
tr|T0N0J9|T0N0J9_9EURY Phosphoribosylformylglycinamidine synthase subunit PurL OS=Thermoplasmatales archaeon Gpl OX=261391 GN=purL PE=3 SV=1	SDSSVLRMDDHSSYGLSLSSGSS	(471-493)	S	43.48	0.6106
tr|T0N0T1|T0N0T1_9EURY Peptidase S8/S53 subtilisin kexin sedolisin OS=Thermoplasmatales archaeon Gpl OX=261391 GN=AMDU5_GPLC00004G0026 PE=4 SV=1	SARAFASSAYSSSISSIVLFGGNTSSGLSNS	(189-219)	S	38.71	0.6703
tr|T0N133|T0N133_9EURY Uncharacterized protein OS=Thermoplasmatales archaeon Gpl OX=261391 GN=AMDU5_GPLC00004G0126 PE=3 SV=1	SPIGSNSWVITSSHSSDS	(303-320)	S	44.44	0.7131
tr|T0N1D5|T0N1D5_9EURY Uncharacterized protein OS=Thermoplasmatales archaeon Gpl OX=261391 GN=AMDU5_GPLC00004G0241 PE=4 SV=1	SKLSRFSDKSESSIFASYIS	(225-244)	S	40.0	0.8702
tr|T0N1P3|T0N1P3_9EURY Uncharacterized protein OS=Thermoplasmatales archaeon Gpl OX=261391 GN=AMDU5_GPLC00004G0351 PE=4 SV=1	SCSSGENSCSCCSSDFLS	(32-49)	S	44.44	0.7551
tr|T0N2X3|T0N2X3_9EURY SSD domain-containing protein OS=Thermoplasmatales archaeon Gpl OX=261391 GN=AMDU5_GPLC00001G0039 PE=4 SV=1	SSYLNYANSTSTNSSSES	(33-50)	S	44.44	0.5576
tr|T0N2X3|T0N2X3_9EURY SSD domain-containing protein OS=Thermoplasmatales archaeon Gpl OX=261391 GN=AMDU5_GPLC00001G0039 PE=4 SV=1	SLSNSPYSSQSISTVSSMRANDS	(665-687)	S	43.48	0.7714
tr|T0N4F5|T0N4F5_9EURY Uncharacterized protein OS=Thermoplasmatales archaeon Gpl OX=261391 GN=AMDU5_GPLC00010G0045 PE=4 SV=1	SHSIIRSLSVDSGYSSS	(485-501)	S	47.06	0.7136
tr|T0N6M4|T0N6M4_9EURY Uncharacterized protein OS=Thermoplasmatales archaeon Gpl OX=261391 GN=AMDU5_GPLC00004G0320 PE=4 SV=1	SVSTIASSIISPSYVSLIS	(58-76)	S	42.11	0.8515
tr|T0LIZ0|T0LIZ0_9EURY Uncharacterized protein OS=Thermoplasmatales archaeon Gpl OX=261391 GN=AMDU5_GPLC00019G0013 PE=4 SV=1	TTTLMFSTTEGYNFFTKTT	(138-156)	T	42.11	0.5329
tr|T0LNL8|T0LNL8_9EURY Uncharacterized protein OS=Thermoplasmatales archaeon Gpl OX=261391 GN=AMDU5_GPLC00004G0227 PE=4 SV=1	TTTTSGVTTIEYTSITPGT	(114-132)	T	47.37	0.625
tr|T0N137|T0N137_9EURY SBP_bac_5 domain-containing protein OS=Thermoplasmatales archaeon Gpl OX=261391 GN=AMDU5_GPLC00004G0131 PE=4 SV=1	TTQYDNETSTISFTVTNGTT	(709-728)	T	40.0	0.7251
tr|T0N7E4|T0N7E4_9EURY COX2_CUA domain-containing protein OS=Thermoplasmatales archaeon Gpl OX=261391 GN=AMDU5_GPLC00003G0155 PE=4 SV=1	TGTHTCTDSLTIHVNTTYT	(71-89)	T	42.11	0.7857
tr|T0LQ73|T0LQ73_9EURY Uncharacterized protein OS=Thermoplasmatales archaeon Gpl OX=261391 GN=AMDU5_GPLC00001G0080 PE=4 SV=1	VVVIVVVGSFVGLDYKNLV	(22-40)	V	42.11	0.483
tr|T0LQ88|T0LQ88_9EURY Uncharacterized protein OS=Thermoplasmatales archaeon Gpl OX=261391 GN=AMDU5_GPLC00001G0095 PE=4 SV=1	VTIVVAVIVIVAVLIFSGV	(30-48)	V	42.11	0.7468
tr|T0LTX2|T0LTX2_9EURY Oxidored_q6 domain-containing protein OS=Thermoplasmatales archaeon Gpl OX=261391 GN=nuoB PE=3 SV=1	VVLGVDRVVPVDVYV	(113-127)	V	53.33	0.7926
tr|T0N137|T0N137_9EURY SBP_bac_5 domain-containing protein OS=Thermoplasmatales archaeon Gpl OX=261391 GN=AMDU5_GPLC00004G0131 PE=4 SV=1	VAGVVVAVGVVAGAAFVV	(834-851)	V	50.0	0.5833
tr|T0N370|T0N370_9EURY Uncharacterized protein OS=Thermoplasmatales archaeon Gpl OX=261391 GN=AMDU5_GPLC00017G0028 PE=4 SV=1	VVNLAVLAVAMLVVVALKKV	(41-60)	V	40.0	0.7096
tr|T0N432|T0N432_9EURY Uncharacterized protein OS=Thermoplasmatales archaeon Gpl OX=261391 GN=AMDU5_GPLC00012G0070 PE=4 SV=1	VKIIIIAVVVVGVAVPTSYV	(5-24)	V	40.0	0.5743
