Protein ID	Domain Sequence	Domain Boundaries	LCD Class	Final Domain Composition	Final Domain Linear Dispersion
tr|A0A2T9WKI5|A0A2T9WKI5_9CREN Pyruvate kinase OS=Acidilobus sp. SCGC AC-742_M05 OX=1987489 GN=pyk PE=3 SV=1	ASIVAYAADYDAARLLAA	(308-325)	A	44.44	0.6934
tr|A0A2T9WKL6|A0A2T9WKL6_9CREN Uncharacterized protein OS=Acidilobus sp. SCGC AC-742_M05 OX=1987489 GN=DDW02_01305 PE=4 SV=1	AAAAIGLARECGARAVDA	(92-109)	A	44.44	0.6214
tr|A0A2T9WLI1|A0A2T9WLI1_9CREN Uncharacterized protein OS=Acidilobus sp. SCGC AC-742_M05 OX=1987489 GN=DDW02_00825 PE=4 SV=1	ASSGASAVAAALLASA	(90-105)	A	50.0	0.7173
tr|A0A2T9WLN5|A0A2T9WLN5_9CREN Thermosome subunit OS=Acidilobus sp. SCGC AC-742_M05 OX=1987489 GN=DDW02_00625 PE=3 SV=1	AAEAAIALLKIDDLIAAA	(512-529)	A	44.44	0.3843
tr|A0A2T9WLP7|A0A2T9WLP7_9CREN Uncharacterized protein OS=Acidilobus sp. SCGC AC-742_M05 OX=1987489 GN=DDW02_00635 PE=4 SV=1	ASAALDAAVYDAEAGDLFQA	(268-287)	A	40.0	0.7251
tr|A0A2T9WLW5|A0A2T9WLW5_9CREN Uncharacterized protein OS=Acidilobus sp. SCGC AC-742_M05 OX=1987489 GN=DDW02_00585 PE=4 SV=1	ALLPFAARGASVARLLAYAAVALLAIGA	(102-129)	A	39.29	0.8637
tr|A0A2T9WLW5|A0A2T9WLW5_9CREN Uncharacterized protein OS=Acidilobus sp. SCGC AC-742_M05 OX=1987489 GN=DDW02_00585 PE=4 SV=1	AAIAAVLALCLVYAVPVVAA	(147-166)	A	40.0	0.6657
tr|A0A2T9WMG2|A0A2T9WMG2_9CREN 50S ribosomal protein L12 OS=Acidilobus sp. SCGC AC-742_M05 OX=1987489 GN=rpl12 PE=3 SV=1	ALVAAAPAAAPASAPSAQPAEQTAEA	(63-88)	A	50.0	0.7724
tr|A0A2T9WKH1|A0A2T9WKH1_9CREN DNA-binding protein DDW02_01390 OS=Acidilobus sp. SCGC AC-742_M05 OX=1987489 GN=DDW02_01390 PE=3 SV=1	EELEELKRRKLEELRREAEE	(12-31)	E	45.0	0.5851
tr|A0A2T9WKY9|A0A2T9WKY9_9CREN Uncharacterized protein OS=Acidilobus sp. SCGC AC-742_M05 OX=1987489 GN=DDW02_01035 PE=4 SV=1	EETGREEGEVSEELAPLE	(1-18)	E	44.44	0.6744
tr|A0A2T9WLN5|A0A2T9WLN5_9CREN Thermosome subunit OS=Acidilobus sp. SCGC AC-742_M05 OX=1987489 GN=DDW02_00625 PE=3 SV=1	EEKGKEGEEKEKEE	(534-547)	E	57.14	0.7616
tr|A0A2T9WLP3|A0A2T9WLP3_9CREN Uncharacterized protein OS=Acidilobus sp. SCGC AC-742_M05 OX=1987489 GN=DDW02_00680 PE=4 SV=1	ELPKKKEDLEKIVEEVEEREHEHYHEHEHYHEHVHEEIE	(12-50)	E	38.46	0.8671
tr|A0A2T9WMG2|A0A2T9WMG2_9CREN 50S ribosomal protein L12 OS=Acidilobus sp. SCGC AC-742_M05 OX=1987489 GN=rpl12 PE=3 SV=1	EQTAEAKEEKKEEKKEASEAEISE	(83-106)	E	41.67	0.8638
tr|A0A2T9WMI0|A0A2T9WMI0_9CREN Uncharacterized protein OS=Acidilobus sp. SCGC AC-742_M05 OX=1987489 GN=DDW02_00310 PE=4 SV=1	ELLEEEGLEQPEEYWEGEE	(92-110)	E	52.63	0.7289
tr|A0A2T9WKP1|A0A2T9WKP1_9CREN Uncharacterized protein OS=Acidilobus sp. SCGC AC-742_M05 OX=1987489 GN=DDW02_01190 PE=4 SV=1	GSLGGGLRGFHERGWLGLAGGG	(71-92)	G	45.45	0.7032
tr|A0A2T9WLH0|A0A2T9WLH0_9CREN Uncharacterized protein OS=Acidilobus sp. SCGC AC-742_M05 OX=1987489 GN=DDW02_00765 PE=4 SV=1	GGASGEELHEGSSEGQLGGG	(243-262)	G	40.0	0.68
tr|A0A2T9WLP3|A0A2T9WLP3_9CREN Uncharacterized protein OS=Acidilobus sp. SCGC AC-742_M05 OX=1987489 GN=DDW02_00680 PE=4 SV=1	HEHYHEHEHYHEHVH	(32-46)	H	53.33	1.0
tr|A0A2T9WKF6|A0A2T9WKF6_9CREN Uncharacterized protein OS=Acidilobus sp. SCGC AC-742_M05 OX=1987489 GN=DDW02_01460 PE=4 SV=1	LRLRPALLNLLRDRDALALLTTVSL	(206-230)	L	40.0	0.7448
tr|A0A2T9WKN5|A0A2T9WKN5_9CREN Uncharacterized protein OS=Acidilobus sp. SCGC AC-742_M05 OX=1987489 GN=DDW02_01215 PE=4 SV=1	LVLLTIALFLMLTPLSELDL	(75-94)	L	45.0	0.848
tr|A0A2T9WKN5|A0A2T9WKN5_9CREN Uncharacterized protein OS=Acidilobus sp. SCGC AC-742_M05 OX=1987489 GN=DDW02_01215 PE=4 SV=1	LLAALAIISAVNVLVLLLELHLRRITRRALQNL	(139-171)	L	33.33	0.694
tr|A0A2T9WKN9|A0A2T9WKN9_9CREN Uncharacterized protein OS=Acidilobus sp. SCGC AC-742_M05 OX=1987489 GN=DDW02_01185 PE=4 SV=1	LADSLYFGLGLGLLAFLAFLLMILTL	(70-95)	L	42.31	0.8625
tr|A0A2T9WKP1|A0A2T9WKP1_9CREN Uncharacterized protein OS=Acidilobus sp. SCGC AC-742_M05 OX=1987489 GN=DDW02_01190 PE=4 SV=1	LLVLLVLTVVALGSLGGGL	(59-77)	L	42.11	0.7468
tr|A0A2T9WKP1|A0A2T9WKP1_9CREN Uncharacterized protein OS=Acidilobus sp. SCGC AC-742_M05 OX=1987489 GN=DDW02_01190 PE=4 SV=1	LFKVALLMAALGFMLLGLSLFRLGVLLLSPLLIAGGL	(115-151)	L	40.54	0.8314
tr|A0A2T9WL18|A0A2T9WL18_9CREN Transcription factor E OS=Acidilobus sp. SCGC AC-742_M05 OX=1987489 GN=tfe PE=3 SV=1	LDLALLRRKKLVLEKLKARL	(71-90)	L	40.0	0.8102
tr|A0A2T9WL89|A0A2T9WL89_9CREN PMT_2 domain-containing protein OS=Acidilobus sp. SCGC AC-742_M05 OX=1987489 GN=DDW02_00920 PE=4 SV=1	LRLIGLTLLVTLAVFLLTYVPL	(193-214)	L	40.91	0.7996
tr|A0A2T9WLH5|A0A2T9WLH5_9CREN ABC transporter permease OS=Acidilobus sp. SCGC AC-742_M05 OX=1987489 GN=DDW02_00805 PE=4 SV=1	LMLAGYGLRLTPTLLLLNLVDAAVL	(274-298)	L	40.0	0.7146
tr|A0A2T9WLI3|A0A2T9WLI3_9CREN DUF4010 domain-containing protein OS=Acidilobus sp. SCGC AC-742_M05 OX=1987489 GN=DDW02_00750 PE=4 SV=1	LLALLNLLLISAVILPLL	(143-160)	L	55.56	0.6214
tr|A0A2T9WLP1|A0A2T9WLP1_9CREN DUF1512 domain-containing protein OS=Acidilobus sp. SCGC AC-742_M05 OX=1987489 GN=DDW02_00610 PE=4 SV=1	LATLIVNILWVALLLLWLTGL	(10-30)	L	42.86	0.7007
tr|A0A2T9WLR6|A0A2T9WLR6_9CREN Glyco_trans_2-like domain-containing protein OS=Acidilobus sp. SCGC AC-742_M05 OX=1987489 GN=DDW02_00685 PE=4 SV=1	LGLVALWALLPLTNSVLIL	(304-322)	L	42.11	0.8065
tr|A0A2T9WLV3|A0A2T9WLV3_9CREN Uncharacterized protein OS=Acidilobus sp. SCGC AC-742_M05 OX=1987489 GN=DDW02_00590 PE=4 SV=1	LRCSLPSLYLGLRLTLGSLLVGLVADL	(80-106)	L	40.74	0.9017
tr|A0A2T9WLW0|A0A2T9WLW0_9CREN Dehydrogenase OS=Acidilobus sp. SCGC AC-742_M05 OX=1987489 GN=DDW02_00560 PE=4 SV=1	LSLLDKVSLALRMLGRPSLL	(371-390)	L	40.0	0.741
tr|A0A2T9WMF8|A0A2T9WMF8_9CREN ABC transporter permease OS=Acidilobus sp. SCGC AC-742_M05 OX=1987489 GN=DDW02_00405 PE=4 SV=1	LLALVLLVLIMGASGLAYL	(135-153)	L	42.11	0.6454
tr|A0A2T9WMJ5|A0A2T9WMJ5_9CREN Uncharacterized protein OS=Acidilobus sp. SCGC AC-742_M05 OX=1987489 GN=DDW02_00170 PE=4 SV=1	LAQLLDAIVGLKRSGLLGLL	(31-50)	L	40.0	0.6657
tr|A0A2T9WMK2|A0A2T9WMK2_9CREN Uncharacterized protein OS=Acidilobus sp. SCGC AC-742_M05 OX=1987489 GN=DDW02_00160 PE=4 SV=1	LQRLMDLLSTLNELLSDEELL	(12-32)	L	42.86	0.7602
tr|A0A2T9WMK2|A0A2T9WMK2_9CREN Uncharacterized protein OS=Acidilobus sp. SCGC AC-742_M05 OX=1987489 GN=DDW02_00160 PE=4 SV=1	LLERLTRPETLKLLESLLEVL	(57-77)	L	42.86	0.7149
tr|A0A2T9WMK3|A0A2T9WMK3_9CREN Uncharacterized protein OS=Acidilobus sp. SCGC AC-742_M05 OX=1987489 GN=DDW02_00285 PE=4 SV=1	LGQLLLQLYAIERLLEMISLRL	(52-73)	L	40.91	0.6908
tr|A0A2T9WMK8|A0A2T9WMK8_9CREN Uncharacterized protein OS=Acidilobus sp. SCGC AC-742_M05 OX=1987489 GN=DDW02_00150 PE=4 SV=1	LGLLELSLDLGGLGLAAALVL	(161-181)	L	47.62	0.8376
tr|A0A2T9WMN2|A0A2T9WMN2_9CREN ABC2_membrane domain-containing protein OS=Acidilobus sp. SCGC AC-742_M05 OX=1987489 GN=DDW02_00025 PE=4 SV=1	LRLATYELELLVYDAVLLPLGVLIYRL	(246-272)	L	37.04	0.8014
tr|A0A2T9WKK5|A0A2T9WKK5_9CREN V-type ATP synthase subunit D OS=Acidilobus sp. SCGC AC-742_M05 OX=1987489 GN=atpD PE=3 SV=1	RLRREYATIRRIRRVMEEKR	(17-36)	R	40.0	0.6249
tr|A0A2T9WLW7|A0A2T9WLW7_9CREN Uncharacterized protein OS=Acidilobus sp. SCGC AC-742_M05 OX=1987489 GN=DDW02_00540 PE=4 SV=1	RYARRAPPPVRRRLRETLR	(48-66)	R	42.11	0.6454
tr|A0A2T9WMH8|A0A2T9WMH8_9CREN 50S ribosomal protein L5 OS=Acidilobus sp. SCGC AC-742_M05 OX=1987489 GN=rpl5 PE=3 SV=1	RPGFRVERRRRARSRIPLRHRVR	(143-165)	R	47.83	0.7251
tr|A0A2T9WMM9|A0A2T9WMM9_9CREN 30S ribosomal protein S6e OS=Acidilobus sp. SCGC AC-742_M05 OX=1987489 GN=rps6e PE=3 SV=1	RRKKTVRGRRVPDPRAERR	(202-220)	R	42.11	0.6771
tr|A0A2T9WMN7|A0A2T9WMN7_9CREN Acyl-CoA thioesterase OS=Acidilobus sp. SCGC AC-742_M05 OX=1987489 GN=DDW02_00045 PE=4 SV=1	RRRAREERIRDRRQR	(127-141)	R	60.0	0.8678
tr|A0A2T9WMQ4|A0A2T9WMQ4_9CREN 50S ribosomal protein L15e OS=Acidilobus sp. SCGC AC-742_M05 OX=1987489 GN=rpl15e PE=3 SV=1	RVRVRKGGQRKPRPRSGRRPKR	(65-86)	R	40.91	0.8484
tr|A0A2T9WMK0|A0A2T9WMK0_9CREN Uncharacterized protein OS=Acidilobus sp. SCGC AC-742_M05 OX=1987489 GN=DDW02_00175 PE=4 SV=1	SVSPSFSFTSLLKPSLLTSS	(403-422)	S	40.0	0.8102
tr|A0A2T9WLP7|A0A2T9WLP7_9CREN Uncharacterized protein OS=Acidilobus sp. SCGC AC-742_M05 OX=1987489 GN=DDW02_00635 PE=4 SV=1	TTMTTVSTITTST	(183-195)	T	61.54	0.887
tr|A0A2T9WLC8|A0A2T9WLC8_9CREN Methylmalonyl Co-A mutase-associated GTPase MeaB OS=Acidilobus sp. SCGC AC-742_M05 OX=1987489 GN=DDW02_00840 PE=3 SV=1	VGVGQAEVDVMSAVHTVVVVTMPGV	(149-173)	V	40.0	0.7448
tr|A0A2T9WLD2|A0A2T9WLD2_9CREN Ribonuclease P protein component 2 OS=Acidilobus sp. SCGC AC-742_M05 OX=1987489 GN=rnp2 PE=3 SV=1	VVVVAVSAVVSLAV	(7-20)	V	57.14	0.6048
tr|A0A2T9WLP9|A0A2T9WLP9_9CREN SpoVT-AbrB domain-containing protein OS=Acidilobus sp. SCGC AC-742_M05 OX=1987489 GN=DDW02_00730 PE=4 SV=1	VIDDLVRVVGGMIKEVVDVV	(149-168)	V	40.0	0.6119
tr|A0A2T9WMF7|A0A2T9WMF7_9CREN Phosphoglucosamine mutase OS=Acidilobus sp. SCGC AC-742_M05 OX=1987489 GN=glmM PE=3 SV=1	VYDVVDVSQAVVDTYVRAVLSQV	(142-164)	V	39.13	0.8336
