Protein ID	Domain Sequence	Domain Boundaries	LCD Class	Final Domain Composition	Final Domain Linear Dispersion
tr|A0A0Q4B004|A0A0Q4B004_9EURY Zinc ABC transporter ATPase OS=Methanomassiliicoccales archaeon RumEn M2 OX=1713725 GN=AOA81_05815 PE=3 SV=1	ADAGIAMGVAGSGAAIEAA	(517-535)	A	42.11	0.7857
tr|A0A0Q4B0S4|A0A0Q4B0S4_9EURY Enolase OS=Methanomassiliicoccales archaeon RumEn M2 OX=1713725 GN=eno PE=3 SV=1	ANAIIAVSLAVARAGAGA	(105-122)	A	44.44	0.8843
tr|A0A0Q4B0U9|A0A0Q4B0U9_9EURY Methylated-DNA--[protein]-cysteine S-methyltransferase OS=Methanomassiliicoccales archaeon RumEn M2 OX=1713725 GN=AOA81_05555 PE=4 SV=1	AQIAEGAGRREAARAAGSACGA	(87-108)	A	40.91	0.8152
tr|A0A0Q4B1K7|A0A0Q4B1K7_9EURY Glutamyl-tRNA(Gln) amidotransferase subunit E OS=Methanomassiliicoccales archaeon RumEn M2 OX=1713725 GN=gatE PE=3 SV=1	AFAICAAPEKKARSALAAAVERANEA	(369-394)	A	42.31	0.8008
tr|A0A0Q4B1M7|A0A0Q4B1M7_9EURY Uncharacterized protein OS=Methanomassiliicoccales archaeon RumEn M2 OX=1713725 GN=AOA81_03655 PE=4 SV=1	AVEAPAAQPAAAAAA	(318-332)	A	66.67	0.5944
tr|A0A0Q4B269|A0A0Q4B269_9EURY 50S ribosomal protein L12 OS=Methanomassiliicoccales archaeon RumEn M2 OX=1713725 GN=rpl12p PE=3 SV=1	AIAAILSAAGVEADAAKIKALTA	(21-43)	A	43.48	0.7854
tr|A0A0Q4B269|A0A0Q4B269_9EURY 50S ribosomal protein L12 OS=Methanomassiliicoccales archaeon RumEn M2 OX=1713725 GN=rpl12p PE=3 SV=1	AIASASVMAAPAAGAAPAAAAAA	(53-75)	A	65.22	0.7706
tr|A0A0Q4B2P6|A0A0Q4B2P6_9EURY 50S ribosomal protein L18e OS=Methanomassiliicoccales archaeon RumEn M2 OX=1713725 GN=rpl18e PE=3 SV=1	AAYSFSEAARAAILASGGNA	(80-99)	A	40.0	0.6657
tr|A0A0Q4B4B5|A0A0Q4B4B5_9EURY Uncharacterized protein OS=Methanomassiliicoccales archaeon RumEn M2 OX=1713725 GN=AOA81_05570 PE=4 SV=1	AIALVTAVAASAALAPGKALFPVTA	(253-277)	A	40.0	0.7883
tr|A0A0Q4B5B0|A0A0Q4B5B0_9EURY Adenosylcobinamide-GDP ribazoletransferase OS=Methanomassiliicoccales archaeon RumEn M2 OX=1713725 GN=cobS PE=3 SV=1	AALAAIVAPLWGVAMAKLA	(311-329)	A	42.11	0.7108
tr|A0A0Q4B5H9|A0A0Q4B5H9_9EURY Uncharacterized protein OS=Methanomassiliicoccales archaeon RumEn M2 OX=1713725 GN=AOA81_02355 PE=4 SV=1	ARALPPLLLAAAAISAYLA	(10-28)	A	42.11	0.5728
tr|A0A0Q4B5H9|A0A0Q4B5H9_9EURY Uncharacterized protein OS=Methanomassiliicoccales archaeon RumEn M2 OX=1713725 GN=AOA81_02355 PE=4 SV=1	AYVWTAAAAAAGA	(37-49)	A	61.54	0.3431
tr|A0A0Q4B7I9|A0A0Q4B7I9_9EURY POR domain-containing protein OS=Methanomassiliicoccales archaeon RumEn M2 OX=1713725 GN=AOA81_06160 PE=4 SV=1	AISAGKAVAANAVMIGAVAAA	(137-157)	A	47.62	0.7098
tr|A0A0Q4B9N5|A0A0Q4B9N5_9EURY Uncharacterized protein OS=Methanomassiliicoccales archaeon RumEn M2 OX=1713725 GN=AOA81_06995 PE=4 SV=1	AAAKTIYVHAAMWSAACMA	(356-374)	A	42.11	0.5592
tr|A0A0Q4B9W7|A0A0Q4B9W7_9EURY DHODB_Fe-S_bind domain-containing protein OS=Methanomassiliicoccales archaeon RumEn M2 OX=1713725 GN=AOA81_06440 PE=4 SV=1	ALAARSAGELDFALPAADKA	(118-137)	A	40.0	0.741
tr|A0A0Q4BA54|A0A0Q4BA54_9EURY CbiA domain-containing protein OS=Methanomassiliicoccales archaeon RumEn M2 OX=1713725 GN=AOA81_05995 PE=4 SV=1	AALLAAQYAKAGMNVIAVDA	(19-38)	A	40.0	0.741
tr|A0A0Q4BAE4|A0A0Q4BAE4_9EURY Uncharacterized protein OS=Methanomassiliicoccales archaeon RumEn M2 OX=1713725 GN=AOA81_06925 PE=3 SV=1	AAALSAGPLGQYSAAALA	(339-356)	A	44.44	0.4462
tr|A0A0Q4BAK3|A0A0Q4BAK3_9EURY Uncharacterized protein OS=Methanomassiliicoccales archaeon RumEn M2 OX=1713725 GN=AOA81_01130 PE=4 SV=1	AAEVEAALIAHPAVSEAA	(510-527)	A	44.44	0.7131
tr|A0A0Q4BAR6|A0A0Q4BAR6_9EURY Orotidine 5'-phosphate decarboxylase OS=Methanomassiliicoccales archaeon RumEn M2 OX=1713725 GN=pyrF PE=3 SV=1	AEEMAAMGARCGAAGFIAPA	(127-146)	A	40.0	0.7919
tr|A0A0Q4BAU4|A0A0Q4BAU4_9EURY Uncharacterized protein OS=Methanomassiliicoccales archaeon RumEn M2 OX=1713725 GN=AOA81_00840 PE=4 SV=1	AYAATASLGAAGEIPYLATA	(83-102)	A	40.0	0.6657
tr|A0A0Q4BAW2|A0A0Q4BAW2_9EURY 3-hydroxy-3-methylglutaryl coenzyme A reductase OS=Methanomassiliicoccales archaeon RumEn M2 OX=1713725 GN=AOA81_05880 PE=3 SV=1	AMAGSMGFNAHAANMAAAVYIATGQDPA	(264-291)	A	35.71	0.7335
tr|A0A0Q4BAX1|A0A0Q4BAX1_9EURY Multidrug ABC transporter ATP-binding protein OS=Methanomassiliicoccales archaeon RumEn M2 OX=1713725 GN=AOA81_05380 PE=4 SV=1	AAAFGSLLAAIMVGAVAAYIAA	(74-95)	A	45.45	0.6187
tr|A0A0Q4BB09|A0A0Q4BB09_9EURY Aminoacyl-tRNA hydrolase OS=Methanomassiliicoccales archaeon RumEn M2 OX=1713725 GN=AOA81_05470 PE=4 SV=1	AAQAAHAAVTCALA	(25-38)	A	57.14	0.7616
tr|A0A0Q4BBF1|A0A0Q4BBF1_9EURY 4-hydroxy-tetrahydrodipicolinate reductase OS=Methanomassiliicoccales archaeon RumEn M2 OX=1713725 GN=dapB PE=3 SV=1	APATAVNAPVAAAA	(81-94)	A	57.14	0.6936
tr|A0A0Q4BBL9|A0A0Q4BBL9_9EURY Uncharacterized protein OS=Methanomassiliicoccales archaeon RumEn M2 OX=1713725 GN=AOA81_03175 PE=4 SV=1	ASVIAGVGPMAAVAGAVAAYALERIYA	(84-110)	A	37.04	0.7734
tr|A0A0Q4BBY9|A0A0Q4BBY9_9EURY Uncharacterized protein OS=Methanomassiliicoccales archaeon RumEn M2 OX=1713725 GN=AOA81_01125 PE=4 SV=1	ASVPASASESRRFAPADAAA	(172-191)	A	40.0	0.6518
tr|A0A0Q4BC30|A0A0Q4BC30_9EURY [NiFe] hydrogenase metallocenter assembly protein HypF OS=Methanomassiliicoccales archaeon RumEn M2 OX=1713725 GN=AOA81_03115 PE=3 SV=1	AYSIVYATAKALAETACRAA	(638-657)	A	40.0	0.7743
tr|A0A0Q4BC54|A0A0Q4BC54_9EURY Uncharacterized protein OS=Methanomassiliicoccales archaeon RumEn M2 OX=1713725 GN=AOA81_03270 PE=4 SV=1	ASSAFALRHAGAIVAAA	(384-400)	A	47.06	0.7136
tr|A0A0Q4BC81|A0A0Q4BC81_9EURY 50S ribosomal protein L10 OS=Methanomassiliicoccales archaeon RumEn M2 OX=1713725 GN=rpl10 PE=3 SV=1	AKADAQMLALAAAAGYANDSISARLSARAVAAPAAAVAAPAA	(267-308)	A	50.0	0.7699
tr|A0A0Q4BCA4|A0A0Q4BCA4_9EURY OMPdecase domain-containing protein OS=Methanomassiliicoccales archaeon RumEn M2 OX=1713725 GN=AOA81_02455 PE=4 SV=1	ANITAATAAVKAAMGGA	(196-212)	A	47.06	0.6688
tr|A0A0Q4BCB2|A0A0Q4BCB2_9EURY Uncharacterized protein OS=Methanomassiliicoccales archaeon RumEn M2 OX=1713725 GN=AOA81_02655 PE=4 SV=1	ADVAAWDAIYEAAVNIIAAAIGALVA	(64-89)	A	42.31	0.7787
tr|A0A0Q4BCJ2|A0A0Q4BCJ2_9EURY Coenzyme-B sulfoethylthiotransferase OS=Methanomassiliicoccales archaeon RumEn M2 OX=1713725 GN=AOA81_01015 PE=3 SV=1	AAMEAHFGGSQRATVAAAATGIAGSMATGNA	(385-415)	A	35.48	0.7377
tr|A0A0Q4BCL2|A0A0Q4BCL2_9EURY GHMP_kinases_N domain-containing protein OS=Methanomassiliicoccales archaeon RumEn M2 OX=1713725 GN=AOA81_01695 PE=4 SV=1	ADSDAPVTAAAVAALA	(57-72)	A	50.0	0.6429
tr|A0A0Q4BCS3|A0A0Q4BCS3_9EURY Diaminopimelate epimerase OS=Methanomassiliicoccales archaeon RumEn M2 OX=1713725 GN=dapF PE=3 SV=1	AGWTMACGTGAGAAAVAA	(215-232)	A	44.44	0.6214
tr|A0A0Q4BDK3|A0A0Q4BDK3_9EURY Methyl-coenzyme M reductase subunit beta OS=Methanomassiliicoccales archaeon RumEn M2 OX=1713725 GN=AOA81_01030 PE=3 SV=1	AYAAVGMVAAVMVNVGAARAA	(305-325)	A	42.86	0.599
tr|A0A0Q4BDN2|A0A0Q4BDN2_9EURY Uncharacterized protein OS=Methanomassiliicoccales archaeon RumEn M2 OX=1713725 GN=AOA81_02535 PE=4 SV=1	AEAAAKAKVEKAQADQKVAIANARKDAVARIQKAEAEA	(13-50)	A	39.47	0.8651
tr|A0A0Q4BEM1|A0A0Q4BEM1_9EURY 30S ribosomal protein S4 OS=Methanomassiliicoccales archaeon RumEn M2 OX=1713725 GN=rps4 PE=3 SV=1	AEKEEARARIEATRAAKAKADAEEAGITA	(183-211)	A	37.93	0.8851
tr|A0A0Q4BEY8|A0A0Q4BEY8_9EURY Exosome complex component Rrp41 OS=Methanomassiliicoccales archaeon RumEn M2 OX=1713725 GN=rrp41 PE=3 SV=1	ANAGTRCAGLTAASVALADA	(131-150)	A	40.0	0.8102
tr|A0A0Q4B269|A0A0Q4B269_9EURY 50S ribosomal protein L12 OS=Methanomassiliicoccales archaeon RumEn M2 OX=1713725 GN=rpl12p PE=3 SV=1	EEKKEEPEEEAVSEEE	(78-93)	E	62.5	0.7225
tr|A0A0Q4B5V4|A0A0Q4B5V4_9EURY DUF1638 domain-containing protein OS=Methanomassiliicoccales archaeon RumEn M2 OX=1713725 GN=AOA81_01720 PE=4 SV=1	EEFAEEYELEVMELE	(232-246)	E	53.33	0.7926
tr|A0A0Q4B6W5|A0A0Q4B6W5_9EURY AAA_23 domain-containing protein OS=Methanomassiliicoccales archaeon RumEn M2 OX=1713725 GN=AOA81_00045 PE=4 SV=1	ELREDMESKETEKEEAESHSNELNELNVE	(345-373)	E	37.93	0.8959
tr|A0A0Q4B7X7|A0A0Q4B7X7_9EURY Rubrerythrin domain-containing protein OS=Methanomassiliicoccales archaeon RumEn M2 OX=1713725 GN=AOA81_06045 PE=4 SV=1	ELDPEEAKLYAEGREEVEEIIEE	(76-98)	E	43.48	0.7077
tr|A0A0Q4BA91|A0A0Q4BA91_9EURY DNA primase DnaG OS=Methanomassiliicoccales archaeon RumEn M2 OX=1713725 GN=dnaG PE=3 SV=1	EEREPKEVRESREPREPRE	(299-317)	E	42.11	0.8762
tr|A0A0Q4BB39|A0A0Q4BB39_9EURY Exodeoxyribonuclease VII small subunit OS=Methanomassiliicoccales archaeon RumEn M2 OX=1713725 GN=AOA81_00270 PE=3 SV=1	EDMTFEESLRALEELVEELE	(11-30)	E	40.0	0.6657
tr|A0A0Q4BBI7|A0A0Q4BBI7_9EURY Uncharacterized protein OS=Methanomassiliicoccales archaeon RumEn M2 OX=1713725 GN=AOA81_02980 PE=4 SV=1	EEGEYNSAIEIYEELTENPEE	(164-184)	E	42.86	0.7149
tr|A0A0Q4BBN6|A0A0Q4BBN6_9EURY Type 2 DNA topoisomerase 6 subunit B OS=Methanomassiliicoccales archaeon RumEn M2 OX=1713725 GN=top6B PE=3 SV=1	EVTEIDSEEEPVEEEEEEEETQEVLE	(635-660)	E	57.69	0.6023
tr|A0A0Q4BBT6|A0A0Q4BBT6_9EURY Uncharacterized protein OS=Methanomassiliicoccales archaeon RumEn M2 OX=1713725 GN=AOA81_05830 PE=4 SV=1	EEDINRLESSEETEQVEMETSEEEISPETEQVEAETNEDEVTPETEERLEELE	(5-57)	E	43.4	0.8799
tr|A0A0Q4BC81|A0A0Q4BC81_9EURY 50S ribosomal protein L10 OS=Methanomassiliicoccales archaeon RumEn M2 OX=1713725 GN=rpl10 PE=3 SV=1	EEKNDEEEKKEVSEEE	(309-324)	E	56.25	0.6446
tr|A0A0Q4BD31|A0A0Q4BD31_9EURY 30S ribosomal protein S3Ae OS=Methanomassiliicoccales archaeon RumEn M2 OX=1713725 GN=rps3ae PE=3 SV=1	EFAEENDSAIEAPKEEAPEEDGPEEGSAEETSEEKEPEEESEE	(196-238)	E	46.51	0.7922
tr|A0A0Q4BD89|A0A0Q4BD89_9EURY Metallophos_2 domain-containing protein OS=Methanomassiliicoccales archaeon RumEn M2 OX=1713725 GN=AOA81_00425 PE=4 SV=1	EYEEEEITELLEPISSE	(108-124)	E	47.06	0.5902
tr|A0A0Q4BDA5|A0A0Q4BDA5_9EURY Chaperone protein HtpG OS=Methanomassiliicoccales archaeon RumEn M2 OX=1713725 GN=AOA81_00850 PE=3 SV=1	EDLGLESEEERKEAEEKDEEHKGTLE	(496-521)	E	42.31	0.7282
tr|A0A0Q4B286|A0A0Q4B286_9EURY V-type ATP synthase subunit I OS=Methanomassiliicoccales archaeon RumEn M2 OX=1713725 GN=AOA81_02540 PE=3 SV=1	FFGGIWTFIFGFFFF	(396-410)	F	53.33	0.4628
tr|A0A0Q4B5S3|A0A0Q4B5S3_9EURY Kinase OS=Methanomassiliicoccales archaeon RumEn M2 OX=1713725 GN=AOA81_01510 PE=4 SV=1	GAIGGKVSGAGGGG	(281-294)	G	57.14	0.6048
tr|A0A0Q4B7S4|A0A0Q4B7S4_9EURY Uncharacterized protein OS=Methanomassiliicoccales archaeon RumEn M2 OX=1713725 GN=AOA81_06645 PE=4 SV=1	GGKVAAKIGWKGGFLLGAGGILGSAAANANSGGGDGGGLLPGWIFDPLGLG	(11-61)	G	35.29	0.7821
tr|A0A0Q4B9E2|A0A0Q4B9E2_9EURY HcyBio domain-containing protein OS=Methanomassiliicoccales archaeon RumEn M2 OX=1713725 GN=AOA81_03185 PE=4 SV=1	GGGTRIFLGGGEGYVAWQG	(206-224)	G	42.11	0.5329
tr|A0A0Q4BAZ5|A0A0Q4BAZ5_9EURY AA_TRNA_LIGASE_II_ALA domain-containing protein OS=Methanomassiliicoccales archaeon RumEn M2 OX=1713725 GN=AOA81_03940 PE=4 SV=1	GGKGGGKKDFSRGGLLKG	(354-371)	G	44.44	0.5137
tr|A0A0Q4BB87|A0A0Q4BB87_9EURY PALP domain-containing protein OS=Methanomassiliicoccales archaeon RumEn M2 OX=1713725 GN=AOA81_06485 PE=3 SV=1	GIGTGGTASGIGEGLRLYG	(172-190)	G	42.11	0.7857
tr|A0A0Q4BBS5|A0A0Q4BBS5_9EURY mRNA 3'-end processing factor OS=Methanomassiliicoccales archaeon RumEn M2 OX=1713725 GN=AOA81_03760 PE=4 SV=1	GGAEGIGRMGMTMEGGG	(7-23)	G	47.06	0.628
tr|A0A0Q4BCB6|A0A0Q4BCB6_9EURY 50S ribosomal protein L15 OS=Methanomassiliicoccales archaeon RumEn M2 OX=1713725 GN=rpl15 PE=3 SV=1	GSRTHGRGKKAGRGAGLTGGRGMAG	(10-34)	G	40.0	0.8633
tr|A0A0Q4BCH8|A0A0Q4BCH8_9EURY Methyltranfer_dom domain-containing protein OS=Methanomassiliicoccales archaeon RumEn M2 OX=1713725 GN=AOA81_04455 PE=4 SV=1	GGGCGCGSGCCGNG	(22-35)	G	57.14	0.8404
tr|A0A0Q4BCK0|A0A0Q4BCK0_9EURY Thermosome subunit OS=Methanomassiliicoccales archaeon RumEn M2 OX=1713725 GN=AOA81_00145 PE=3 SV=1	GDPSLGGPGMGGIGG	(532-546)	G	53.33	0.64
tr|A0A0Q4BCN3|A0A0Q4BCN3_9EURY Chaperone protein DnaJ OS=Methanomassiliicoccales archaeon RumEn M2 OX=1713725 GN=dnaJ PE=3 SV=1	GDRIKIPGGGDAGYNGGQAG	(234-253)	G	40.0	0.6382
tr|A0A0Q4BDD0|A0A0Q4BDD0_9EURY Uncharacterized protein OS=Methanomassiliicoccales archaeon RumEn M2 OX=1713725 GN=AOA81_00555 PE=4 SV=1	GTGSGTRSGTGGSTNSTTGGG	(3-23)	G	42.86	0.635
tr|A0A0Q4B499|A0A0Q4B499_9EURY Uncharacterized protein OS=Methanomassiliicoccales archaeon RumEn M2 OX=1713725 GN=AOA81_05735 PE=4 SV=1	ILIMIVLAIVFFIIILFII	(17-35)	I	47.37	0.6914
tr|A0A0Q4B5T9|A0A0Q4B5T9_9EURY Translation initiation factor 2 subunit gamma OS=Methanomassiliicoccales archaeon RumEn M2 OX=1713725 GN=eif2g PE=3 SV=1	IIGIDKIIIVQNKIDI	(135-150)	I	50.0	0.6204
tr|A0A0Q4BA47|A0A0Q4BA47_9EURY Uncharacterized protein OS=Methanomassiliicoccales archaeon RumEn M2 OX=1713725 GN=AOA81_06690 PE=4 SV=1	ILEKIIWIILLIVFLLGIISGI	(122-143)	I	40.91	0.7288
tr|A0A0Q4BA49|A0A0Q4BA49_9EURY Permease OS=Methanomassiliicoccales archaeon RumEn M2 OX=1713725 GN=AOA81_00895 PE=3 SV=1	IVVIGIIIIGYIFNFI	(322-337)	I	50.0	0.6204
tr|A0A0Q4BB06|A0A0Q4BB06_9EURY Uncharacterized protein OS=Methanomassiliicoccales archaeon RumEn M2 OX=1713725 GN=AOA81_06220 PE=4 SV=1	ILAIGAVIIVIGGLDIGGII	(324-343)	I	40.0	0.7743
tr|A0A0Q4BBN3|A0A0Q4BBN3_9EURY Uncharacterized protein OS=Methanomassiliicoccales archaeon RumEn M2 OX=1713725 GN=AOA81_04220 PE=4 SV=1	IWKDSSTYILIIIVIIVI	(79-96)	I	44.44	0.4859
tr|A0A0Q4BD82|A0A0Q4BD82_9EURY ABC transmembrane type-1 domain-containing protein OS=Methanomassiliicoccales archaeon RumEn M2 OX=1713725 GN=AOA81_00165 PE=3 SV=1	IDYASAFACIVIICIIGLII	(219-238)	I	40.0	0.5158
tr|A0A0Q4BDI4|A0A0Q4BDI4_9EURY Uncharacterized protein OS=Methanomassiliicoccales archaeon RumEn M2 OX=1713725 GN=AOA81_00320 PE=4 SV=1	IFIPIIMMLVIIMIGSILI	(205-223)	I	47.37	0.7289
tr|A0A0Q4BDS2|A0A0Q4BDS2_9EURY Uncharacterized protein OS=Methanomassiliicoccales archaeon RumEn M2 OX=1713725 GN=AOA81_00235 PE=4 SV=1	IYFIICIAFILISVLAAII	(85-103)	I	42.11	0.7108
tr|A0A0Q4B6W5|A0A0Q4B6W5_9EURY AAA_23 domain-containing protein OS=Methanomassiliicoccales archaeon RumEn M2 OX=1713725 GN=AOA81_00045 PE=4 SV=1	KDKKEKALPQKEKDKNEGEK	(727-746)	K	40.0	0.7743
tr|A0A0Q4BB66|A0A0Q4BB66_9EURY Response regulatory domain-containing protein OS=Methanomassiliicoccales archaeon RumEn M2 OX=1713725 GN=AOA81_05655 PE=4 SV=1	KKKKAKFKLFGHKK	(120-133)	K	57.14	0.5517
tr|A0A0Q4BBP7|A0A0Q4BBP7_9EURY Uncharacterized protein OS=Methanomassiliicoccales archaeon RumEn M2 OX=1713725 GN=AOA81_05225 PE=4 SV=1	KKAKMAAKEENKKAKMAAK	(54-72)	K	42.11	0.7658
tr|A0A0Q4BC28|A0A0Q4BC28_9EURY 30S ribosomal protein S3 OS=Methanomassiliicoccales archaeon RumEn M2 OX=1713725 GN=rps3 PE=3 SV=1	KVEKPKEDKPKAAKPKAEKPK	(257-277)	K	42.86	0.9396
tr|A0A0Q4BC28|A0A0Q4BC28_9EURY 30S ribosomal protein S3 OS=Methanomassiliicoccales archaeon RumEn M2 OX=1713725 GN=rps3 PE=3 SV=1	KEDKPKAAKTKAEKPKAEEKK	(282-302)	K	42.86	0.8689
tr|A0A0Q4BCN3|A0A0Q4BCN3_9EURY Chaperone protein DnaJ OS=Methanomassiliicoccales archaeon RumEn M2 OX=1713725 GN=dnaJ PE=3 SV=1	KLDDSAGSKTTKKDKLKKK	(356-374)	K	42.11	0.5329
tr|A0A0Q4BD31|A0A0Q4BD31_9EURY 30S ribosomal protein S3Ae OS=Methanomassiliicoccales archaeon RumEn M2 OX=1713725 GN=rps3ae PE=3 SV=1	KKSKGTSRKIKDKWKAKEWYK	(4-24)	K	42.86	0.8108
tr|A0A0Q4BDE5|A0A0Q4BDE5_9EURY DUF853 domain-containing protein OS=Methanomassiliicoccales archaeon RumEn M2 OX=1713725 GN=AOA81_03540 PE=4 SV=1	KEAKAKEAAKAVKEESKKK	(426-444)	K	42.11	0.7658
tr|A0A0Q4B0I9|A0A0Q4B0I9_9EURY AAA_27 domain-containing protein OS=Methanomassiliicoccales archaeon RumEn M2 OX=1713725 GN=AOA81_04950 PE=4 SV=1	LLMLSFLLFPESPDLRFILLL	(389-409)	L	42.86	0.6107
tr|A0A0Q4B368|A0A0Q4B368_9EURY Methanogen marker protein 4 OS=Methanomassiliicoccales archaeon RumEn M2 OX=1713725 GN=AOA81_01180 PE=3 SV=1	LLLPKLRRALGLSYLERSVLL	(67-87)	L	42.86	0.7295
tr|A0A0Q4B3F1|A0A0Q4B3F1_9EURY Uncharacterized protein OS=Methanomassiliicoccales archaeon RumEn M2 OX=1713725 GN=AOA81_00515 PE=4 SV=1	LLSLWPFLDGGLGALYLTVLL	(197-217)	L	42.86	0.8108
tr|A0A0Q4B3U9|A0A0Q4B3U9_9EURY Polysacc_synt_C domain-containing protein OS=Methanomassiliicoccales archaeon RumEn M2 OX=1713725 GN=AOA81_06945 PE=4 SV=1	LILTPILLILRRPLLALMGAGVLL	(4-27)	L	41.67	0.7446
tr|A0A0Q4B6N3|A0A0Q4B6N3_9EURY Proton_antipo_M domain-containing protein OS=Methanomassiliicoccales archaeon RumEn M2 OX=1713725 GN=AOA81_00710 PE=3 SV=1	LLSLLILVPLIGTVATLFL	(7-25)	L	42.11	0.6454
tr|A0A0Q4B7I5|A0A0Q4B7I5_9EURY Uncharacterized protein OS=Methanomassiliicoccales archaeon RumEn M2 OX=1713725 GN=AOA81_06470 PE=4 SV=1	LVGLLLLLVWGLITALPVL	(31-49)	L	47.37	0.5806
tr|A0A0Q4B9G2|A0A0Q4B9G2_9EURY Acyl_transf_3 domain-containing protein OS=Methanomassiliicoccales archaeon RumEn M2 OX=1713725 GN=AOA81_02765 PE=4 SV=1	LLLIMLYMRDLRRNYGLLLL	(266-285)	L	45.0	0.5362
tr|A0A0Q4B9N7|A0A0Q4B9N7_9EURY Uncharacterized protein OS=Methanomassiliicoccales archaeon RumEn M2 OX=1713725 GN=AOA81_01755 PE=4 SV=1	LAGGISLVLILALLALL	(142-158)	L	47.06	0.628
tr|A0A0Q4B9W0|A0A0Q4B9W0_9EURY Uncharacterized protein OS=Methanomassiliicoccales archaeon RumEn M2 OX=1713725 GN=AOA81_06090 PE=4 SV=1	LYTFPYLILGLVLFIPLLLLMFYSPFLAILSLLTVIL	(20-56)	L	37.84	0.7863
tr|A0A0Q4BA47|A0A0Q4BA47_9EURY Uncharacterized protein OS=Methanomassiliicoccales archaeon RumEn M2 OX=1713725 GN=AOA81_06690 PE=4 SV=1	LGLIGVLIAGLLLLIFGL	(35-52)	L	44.44	0.6385
tr|A0A0Q4BAW5|A0A0Q4BAW5_9EURY Uncharacterized protein OS=Methanomassiliicoccales archaeon RumEn M2 OX=1713725 GN=AOA81_05140 PE=4 SV=1	LLLIFQRPLLLLL	(117-129)	L	61.54	0.2971
tr|A0A0Q4BBJ3|A0A0Q4BBJ3_9EURY Cation_ATPase_N domain-containing protein OS=Methanomassiliicoccales archaeon RumEn M2 OX=1713725 GN=AOA81_04910 PE=4 SV=1	LNPFNLILFILGAVLLLLDDFWNAL	(40-64)	L	36.0	0.6949
tr|A0A0Q4BBN4|A0A0Q4BBN4_9EURY FeoB-type G domain-containing protein OS=Methanomassiliicoccales archaeon RumEn M2 OX=1713725 GN=AOA81_03295 PE=4 SV=1	LGFLPQLLVLFLLLALL	(350-366)	L	58.82	0.8289
tr|A0A0Q4BBQ0|A0A0Q4BBQ0_9EURY Cobalamin ABC transporter permease OS=Methanomassiliicoccales archaeon RumEn M2 OX=1713725 GN=AOA81_03060 PE=3 SV=1	LFWLIILGLAASFLMFLLCL	(18-37)	L	40.0	0.8293
tr|A0A0Q4BBR4|A0A0Q4BBR4_9EURY Uncharacterized protein OS=Methanomassiliicoccales archaeon RumEn M2 OX=1713725 GN=AOA81_02440 PE=4 SV=1	LSIIVMVLSLILSLLSLSILSIIVAVLIL	(57-85)	L	34.48	0.7658
tr|A0A0Q4BBW3|A0A0Q4BBW3_9EURY Uncharacterized protein OS=Methanomassiliicoccales archaeon RumEn M2 OX=1713725 GN=AOA81_05670 PE=4 SV=1	LVLILMLILGVALMLALTLLVVFVL	(16-40)	L	44.0	0.8468
tr|A0A0Q4BC08|A0A0Q4BC08_9EURY Uncharacterized protein OS=Methanomassiliicoccales archaeon RumEn M2 OX=1713725 GN=AOA81_04540 PE=4 SV=1	LLPLAILRILLGFLFLWSFL	(13-32)	L	45.0	0.8046
tr|A0A0Q4BC08|A0A0Q4BC08_9EURY Uncharacterized protein OS=Methanomassiliicoccales archaeon RumEn M2 OX=1713725 GN=AOA81_04540 PE=4 SV=1	LAAVGGTLLLLLMYVSLFPL	(102-121)	L	40.0	0.5158
tr|A0A0Q4BCB4|A0A0Q4BCB4_9EURY Uncharacterized protein OS=Methanomassiliicoccales archaeon RumEn M2 OX=1713725 GN=AOA81_03505 PE=4 SV=1	LLVTAVLLLLLTLWL	(684-698)	L	60.0	0.5403
tr|A0A0Q4BCC8|A0A0Q4BCC8_9EURY Phosphatidylglycerophosphate synthase OS=Methanomassiliicoccales archaeon RumEn M2 OX=1713725 GN=AOA81_02760 PE=4 SV=1	LILALLCGILLYLSYDYHILL	(34-54)	L	42.86	0.6475
tr|A0A0Q4BCK9|A0A0Q4BCK9_9EURY Uncharacterized protein OS=Methanomassiliicoccales archaeon RumEn M2 OX=1713725 GN=AOA81_01065 PE=4 SV=1	LLSANTLYQGLNLVLPLL	(64-81)	L	44.44	0.7131
tr|A0A0Q4BCP0|A0A0Q4BCP0_9EURY ABC transporter domain-containing protein OS=Methanomassiliicoccales archaeon RumEn M2 OX=1713725 GN=AOA81_01890 PE=4 SV=1	LLLDEPLRALDARLRLEL	(155-172)	L	44.44	0.7336
tr|A0A0Q4BD46|A0A0Q4BD46_9EURY Uncharacterized protein OS=Methanomassiliicoccales archaeon RumEn M2 OX=1713725 GN=AOA81_04470 PE=4 SV=1	LFFLLILFLLCLDL	(10-23)	L	57.14	0.886
tr|A0A0Q4BDA3|A0A0Q4BDA3_9EURY Protein GrpE OS=Methanomassiliicoccales archaeon RumEn M2 OX=1713725 GN=grpE PE=3 SV=1	LLADLLLTVDDLERALAL	(68-85)	L	44.44	0.6562
tr|A0A0Q4BDQ4|A0A0Q4BDQ4_9EURY Uncharacterized protein OS=Methanomassiliicoccales archaeon RumEn M2 OX=1713725 GN=AOA81_00130 PE=4 SV=1	LLLGILVITALVFLFLGLAL	(124-143)	L	45.0	0.7478
tr|A0A0Q4BEC2|A0A0Q4BEC2_9EURY Probable membrane transporter protein OS=Methanomassiliicoccales archaeon RumEn M2 OX=1713725 GN=AOA81_02045 PE=3 SV=1	LLLLGLVILGIVAGILGALL	(4-23)	L	45.0	0.5601
tr|A0A0Q4BD81|A0A0Q4BD81_9EURY Uncharacterized protein OS=Methanomassiliicoccales archaeon RumEn M2 OX=1713725 GN=AOA81_04305 PE=4 SV=1	PLPPLPVPPPSMP	(31-43)	P	61.54	0.8395
tr|A0A0Q4B1M7|A0A0Q4B1M7_9EURY Uncharacterized protein OS=Methanomassiliicoccales archaeon RumEn M2 OX=1713725 GN=AOA81_03655 PE=4 SV=1	QMYQQLNQQQQQQAMAQMQQQ	(261-281)	Q	61.9	0.6584
tr|A0A0Q4B3H1|A0A0Q4B3H1_9EURY DNA-binding protein AOA81_06120 OS=Methanomassiliicoccales archaeon RumEn M2 OX=1713725 GN=AOA81_06120 PE=3 SV=1	QSSQQQMAAQQQLAENQRQQAEAQKQ	(18-43)	Q	46.15	0.715
tr|A0A0Q4BDB8|A0A0Q4BDB8_9EURY Prefoldin subunit beta OS=Methanomassiliicoccales archaeon RumEn M2 OX=1713725 GN=pfdB PE=3 SV=1	QLQNQIAQFQQVQQQLQVTSNQKIQMEAQ	(7-35)	Q	44.83	0.8161
tr|A0A0Q4BA39|A0A0Q4BA39_9EURY Glutamate--tRNA ligase OS=Methanomassiliicoccales archaeon RumEn M2 OX=1713725 GN=gltX PE=3 SV=1	RTGTVRALRRRGIRPEAIRR	(351-370)	R	40.0	0.6946
tr|A0A0Q4BAN3|A0A0Q4BAN3_9EURY Uncharacterized protein OS=Methanomassiliicoccales archaeon RumEn M2 OX=1713725 GN=AOA81_00375 PE=4 SV=1	RRRYIAFRVDPALRRDDLRR	(9-28)	R	40.0	0.6119
tr|A0A0Q4BCA3|A0A0Q4BCA3_9EURY Ribosomal_L2_C domain-containing protein OS=Methanomassiliicoccales archaeon RumEn M2 OX=1713725 GN=rpl2p PE=4 SV=1	RLRTQRRGRGTPRYRSPSHR	(4-23)	R	40.0	0.8102
tr|A0A0Q4BCT8|A0A0Q4BCT8_9EURY PS_pyruv_trans domain-containing protein OS=Methanomassiliicoccales archaeon RumEn M2 OX=1713725 GN=AOA81_02700 PE=4 SV=1	RSREEMRRIHRLRFREVIR	(266-284)	R	42.11	0.8284
tr|A0A0Q4BCT9|A0A0Q4BCT9_9EURY Uncharacterized protein OS=Methanomassiliicoccales archaeon RumEn M2 OX=1713725 GN=AOA81_04825 PE=4 SV=1	RSRRERRETERRLRREREERLR	(16-37)	R	54.55	0.8258
tr|A0A0Q4B1D5|A0A0Q4B1D5_9EURY Uncharacterized protein OS=Methanomassiliicoccales archaeon RumEn M2 OX=1713725 GN=AOA81_04290 PE=4 SV=1	SVYSSLGQHSDSSSAGAFFS	(286-305)	S	40.0	0.6518
tr|A0A0Q4B1X9|A0A0Q4B1X9_9EURY Uncharacterized protein OS=Methanomassiliicoccales archaeon RumEn M2 OX=1713725 GN=AOA81_03315 PE=4 SV=1	SMHNSPSTRSSSMFWRSSLPSGS	(144-166)	S	43.48	0.7579
tr|A0A0Q4BAC0|A0A0Q4BAC0_9EURY Shikimate kinase OS=Methanomassiliicoccales archaeon RumEn M2 OX=1713725 GN=aroK PE=3 SV=1	SSQIPVSRGLKSSSSACNS	(65-83)	S	42.11	0.5867
tr|A0A0Q4BB83|A0A0Q4BB83_9EURY tRNA_int_endo_N domain-containing protein OS=Methanomassiliicoccales archaeon RumEn M2 OX=1713725 GN=AOA81_02675 PE=4 SV=1	SSSTTLPGSMTNSTSSTWSTGTSASAGS	(65-92)	S	39.29	0.7939
tr|A0A0Q4BBE4|A0A0Q4BBE4_9EURY Uncharacterized protein OS=Methanomassiliicoccales archaeon RumEn M2 OX=1713725 GN=AOA81_04925 PE=4 SV=1	SSGSGFSVSAPAVSFRISHS	(632-651)	S	40.0	0.8102
tr|A0A0Q4BBK4|A0A0Q4BBK4_9EURY NTP_transf_3 domain-containing protein OS=Methanomassiliicoccales archaeon RumEn M2 OX=1713725 GN=AOA81_03090 PE=4 SV=1	SAVSRSKSVSRVVVSVSS	(37-54)	S	44.44	0.7777
tr|A0A0Q4BC54|A0A0Q4BC54_9EURY Uncharacterized protein OS=Methanomassiliicoccales archaeon RumEn M2 OX=1713725 GN=AOA81_03270 PE=4 SV=1	SSYDSIAVMSDSESKSGVNS	(416-435)	S	40.0	0.8102
tr|A0A0Q4BD53|A0A0Q4BD53_9EURY Elp3 domain-containing protein OS=Methanomassiliicoccales archaeon RumEn M2 OX=1713725 GN=AOA81_02785 PE=4 SV=1	SIGSYSILGGSSCSSSASRFFDEIS	(93-117)	S	40.0	0.705
tr|A0A0Q4BEG1|A0A0Q4BEG1_9EURY Uncharacterized protein OS=Methanomassiliicoccales archaeon RumEn M2 OX=1713725 GN=AOA81_00860 PE=4 SV=1	SSASTGDIYINSSNIWGSSS	(173-192)	S	40.0	0.5158
tr|A0A0Q4BEK6|A0A0Q4BEK6_9EURY Uncharacterized protein OS=Methanomassiliicoccales archaeon RumEn M2 OX=1713725 GN=AOA81_01195 PE=4 SV=1	SIPSKSRKSPVSLSQGKSS	(181-199)	S	42.11	0.8515
tr|A0A0Q4B1P4|A0A0Q4B1P4_9EURY Uncharacterized protein OS=Methanomassiliicoccales archaeon RumEn M2 OX=1713725 GN=AOA81_03765 PE=4 SV=1	TKQSAVTTTAEMRVATTSTT	(231-250)	T	40.0	0.5386
tr|A0A0Q4BA59|A0A0Q4BA59_9EURY 50S ribosomal protein L13 OS=Methanomassiliicoccales archaeon RumEn M2 OX=1713725 GN=rpl13 PE=3 SV=1	VIVVNAEKVVVTGTKEVV	(29-46)	V	44.44	0.5426
tr|A0A0Q4BBK4|A0A0Q4BBK4_9EURY NTP_transf_3 domain-containing protein OS=Methanomassiliicoccales archaeon RumEn M2 OX=1713725 GN=AOA81_03090 PE=4 SV=1	VVSAVSRSKSVSRVVVSV	(35-52)	V	44.44	0.6214
tr|A0A0Q4BCI9|A0A0Q4BCI9_9EURY UPF0179 protein AOA81_05530 OS=Methanomassiliicoccales archaeon RumEn M2 OX=1713725 GN=AOA81_05530 PE=3 SV=1	VRAVVVVKVPMRVCV	(64-78)	V	53.33	0.6147
tr|A0A0Q4BCW3|A0A0Q4BCW3_9EURY Radical_SAM domain-containing protein OS=Methanomassiliicoccales archaeon RumEn M2 OX=1713725 GN=AOA81_01255 PE=4 SV=1	VVLVPTVVKGVNDHQVGDIV	(251-270)	V	40.0	0.7743
tr|A0A0Q4BEE9|A0A0Q4BEE9_9EURY CitMHS domain-containing protein OS=Methanomassiliicoccales archaeon RumEn M2 OX=1713725 GN=AOA81_00125 PE=3 SV=1	VGVPLYVPAVCAAAVAVIVV	(234-253)	V	40.0	0.8102
