Protein ID	Domain Sequence	Domain Boundaries	LCD Class	Final Domain Composition	Final Domain Linear Dispersion
tr|A0A087S2K3|A0A087S2K3_9ARCH Homoserine kinase OS=Marine Group I thaumarchaeote SCGC AAA799-D07 OX=1502290 GN=thrB PE=3 SV=1	AASAAAAALA	(103-112)	A	80.0	0.7593
tr|A0A087S417|A0A087S417_9ARCH Uncharacterized protein OS=Marine Group I thaumarchaeote SCGC AAA799-D07 OX=1502290 GN=AAA799D07_00428 PE=4 SV=1	ALVAAVATFPLAASAQSDA	(17-35)	A	42.11	0.7468
tr|A0A087S447|A0A087S447_9ARCH V-type ATP synthase beta chain OS=Marine Group I thaumarchaeote SCGC AAA799-D07 OX=1502290 GN=atpB PE=3 SV=1	ADQLYAAYAQGKDARALAAIVGEGA	(370-394)	A	36.0	0.7614
tr|A0A087S457|A0A087S457_9ARCH Uncharacterized protein OS=Marine Group I thaumarchaeote SCGC AAA799-D07 OX=1502290 GN=AAA799D07_00406 PE=4 SV=1	AEAAMAAFGSAIGVLIAMA	(2-20)	A	42.11	0.6937
tr|A0A087S4A9|A0A087S4A9_9ARCH Uncharacterized protein OS=Marine Group I thaumarchaeote SCGC AAA799-D07 OX=1502290 GN=AAA799D07_00375 PE=4 SV=1	AKRSAAAKKAARTRKRNAAKRKAAAKKAAAKRKRRAAA	(11-48)	A	44.74	0.7033
tr|A0A087S4I1|A0A087S4I1_9ARCH Uncharacterized protein OS=Marine Group I thaumarchaeote SCGC AAA799-D07 OX=1502290 GN=AAA799D07_00311 PE=4 SV=1	AAGSCATAATSTAAQELGA	(1056-1074)	A	42.11	0.6937
tr|A0A087S4I3|A0A087S4I3_9ARCH Threonine synthase OS=Marine Group I thaumarchaeote SCGC AAA799-D07 OX=1502290 GN=thrC PE=3 SV=1	ASTGNLASATAAHAAKANFPCYVFA	(127-151)	A	36.0	0.6773
tr|A0A087S4J3|A0A087S4J3_9ARCH 3-hydroxy-3-methylglutaryl coenzyme A reductase OS=Marine Group I thaumarchaeote SCGC AAA799-D07 OX=1502290 GN=hmgA PE=3 SV=1	AAASKAAKIAKIHGGFKAEA	(88-107)	A	40.0	0.5743
tr|A0A087S4J3|A0A087S4J3_9ARCH 3-hydroxy-3-methylglutaryl coenzyme A reductase OS=Marine Group I thaumarchaeote SCGC AAA799-D07 OX=1502290 GN=hmgA PE=3 SV=1	ANATGQDSRAIEAAAHAYAA	(270-289)	A	45.0	0.6111
tr|A0A087S4S5|A0A087S4S5_9ARCH Citrate synthase OS=Marine Group I thaumarchaeote SCGC AAA799-D07 OX=1502290 GN=gltA PE=3 SV=1	AAREVASTRAHMYSAASAA	(192-210)	A	42.11	0.6937
tr|A0A087S557|A0A087S557_9ARCH Uncharacterized protein OS=Marine Group I thaumarchaeote SCGC AAA799-D07 OX=1502290 GN=AAA799D07_00076 PE=4 SV=1	AEAQTAVAKAELEAAKAEAEEA	(15-36)	A	45.45	0.8645
tr|A0A087S557|A0A087S557_9ARCH Uncharacterized protein OS=Marine Group I thaumarchaeote SCGC AAA799-D07 OX=1502290 GN=AAA799D07_00076 PE=4 SV=1	ATISDAVAASEAAIKAEDAYQAAKKKLKAARMASEAAWKADYEAAKA	(46-92)	A	40.43	0.8657
tr|A0A087S596|A0A087S596_9ARCH Putative L-glutamine3-amino-23-dideoxy-scyllo-inosose aminotransferase protein OS=Marine Group I thaumarchaeote SCGC AAA799-D07 OX=1502290 GN=gtmD PE=3 SV=1	AIAFNSATAALHAAVVA	(73-89)	A	47.06	0.7378
tr|A0A087S525|A0A087S525_9ARCH Uncharacterized protein OS=Marine Group I thaumarchaeote SCGC AAA799-D07 OX=1502290 GN=AAA799D07_00029 PE=4 SV=1	DTQSDTVLSNNDNMDDGDDDISKITDD	(243-269)	D	37.04	0.6981
tr|A0A087S389|A0A087S389_9ARCH Uncharacterized protein OS=Marine Group I thaumarchaeote SCGC AAA799-D07 OX=1502290 GN=AAA799D07_00469 PE=4 SV=1	ESEEPVAEPVAEPEPVAEPE	(7-26)	E	40.0	0.8293
tr|A0A087S4A5|A0A087S4A5_9ARCH Uncharacterized protein OS=Marine Group I thaumarchaeote SCGC AAA799-D07 OX=1502290 GN=AAA799D07_00366 PE=4 SV=1	EPTQEEHIEIVEIVEKYSEE	(67-86)	E	40.0	0.8102
tr|A0A087RZD3|A0A087RZD3_9ARCH Uncharacterized protein OS=Marine Group I thaumarchaeote SCGC AAA799-D07 OX=1502290 GN=AAA799D07_00606 PE=4 SV=1	GGGLMVVVIGPLSLGGFGG	(19-37)	G	42.11	0.5329
tr|A0A087S0N4|A0A087S0N4_9ARCH Probable membrane transporter protein OS=Marine Group I thaumarchaeote SCGC AAA799-D07 OX=1502290 GN=AAA799D07_00582 PE=3 SV=1	GLGFAAGILGSIIGLGGG	(9-26)	G	44.44	0.7336
tr|A0A087S3C0|A0A087S3C0_9ARCH Ketoisovalerate oxidoreductase subunit VorA protein OS=Marine Group I thaumarchaeote SCGC AAA799-D07 OX=1502290 GN=vorA PE=4 SV=1	GVHTLHGGDGDGLGIGAGHFVAAG	(33-56)	G	37.5	0.7628
tr|A0A087S3Z1|A0A087S3Z1_9ARCH Uncharacterized protein OS=Marine Group I thaumarchaeote SCGC AAA799-D07 OX=1502290 GN=AAA799D07_00451 PE=4 SV=1	GSGIGAGLGGVDHPGTWFLG	(45-64)	G	40.0	0.7743
tr|A0A087S452|A0A087S452_9ARCH ATP-synt_C domain-containing protein OS=Marine Group I thaumarchaeote SCGC AAA799-D07 OX=1502290 GN=AAA799D07_00401 PE=4 SV=1	GGLIGTGSAQQGIGAAGMG	(54-72)	G	42.11	0.8065
tr|A0A087S491|A0A087S491_9ARCH 50S ribosomal protein L4 OS=Marine Group I thaumarchaeote SCGC AAA799-D07 OX=1502290 GN=rpl4 PE=3 SV=1	GGGGGRQGQAGGVASVRGG	(77-95)	G	52.63	0.5013
tr|A0A087S4I1|A0A087S4I1_9ARCH Uncharacterized protein OS=Marine Group I thaumarchaeote SCGC AAA799-D07 OX=1502290 GN=AAA799D07_00311 PE=4 SV=1	GWHGGGAKGKGGGFG	(170-184)	G	60.0	0.767
tr|A0A087S4P5|A0A087S4P5_9ARCH Uncharacterized protein OS=Marine Group I thaumarchaeote SCGC AAA799-D07 OX=1502290 GN=AAA799D07_00145 PE=4 SV=1	GSGGSGFGLGGGGFFGQGSGSG	(75-96)	G	59.09	0.8848
tr|A0A087RZ42|A0A087RZ42_9ARCH Pribosyltran domain-containing protein OS=Marine Group I thaumarchaeote SCGC AAA799-D07 OX=1502290 GN=purF PE=4 SV=1	IEINRWIIPIKEIIDGKHVI	(75-94)	I	40.0	0.7251
tr|A0A087RZD2|A0A087RZD2_9ARCH UDP-N-acetylglucosamine--dolichyl-phosphate N-acetylglucosaminephosphotransferase protein OS=Marine Group I thaumarchaeote SCGC AAA799-D07 OX=1502290 GN=AAA799D07_00605 PE=4 SV=1	ISEILAVIIVSILGFIVGII	(73-92)	I	40.0	0.8102
tr|A0A087RZV6|A0A087RZV6_9ARCH Probable cobalamin biosynthesis protein CobD OS=Marine Group I thaumarchaeote SCGC AAA799-D07 OX=1502290 GN=cobD PE=3 SV=1	ISLLTIDIVSLIISIVIGSI	(77-96)	I	40.0	0.8102
tr|A0A087S2K5|A0A087S2K5_9ARCH Uncharacterized protein OS=Marine Group I thaumarchaeote SCGC AAA799-D07 OX=1502290 GN=AAA799D07_00529 PE=4 SV=1	IAVIPVTMIPIIIIIIQFDI	(5-24)	I	50.0	0.5179
tr|A0A087S2W4|A0A087S2W4_9ARCH PMT_2 domain-containing protein OS=Marine Group I thaumarchaeote SCGC AAA799-D07 OX=1502290 GN=AAA799D07_00518 PE=4 SV=1	IRPNGFIIFLIITIIYFII	(174-192)	I	47.37	0.6098
tr|A0A087S3Y1|A0A087S3Y1_9ARCH Cellulose synthase catalytic subunit UDP-forming protein OS=Marine Group I thaumarchaeote SCGC AAA799-D07 OX=1502290 GN=bcsA PE=4 SV=1	ILFACIWIAAIIGIFAII	(603-620)	I	44.44	0.7336
tr|A0A087S4H9|A0A087S4H9_9ARCH Extracellular subtilisin-like protease protein OS=Marine Group I thaumarchaeote SCGC AAA799-D07 OX=1502290 GN=AAA799D07_00309 PE=3 SV=1	ILMIIIAIAAVAGIIIFI	(1392-1409)	I	50.0	0.5675
tr|A0A087S4P7|A0A087S4P7_9ARCH ABC transmembrane type-1 domain-containing protein OS=Marine Group I thaumarchaeote SCGC AAA799-D07 OX=1502290 GN=oppC PE=3 SV=1	IGVGILLALIIISITAAITIPI	(21-42)	I	40.91	0.77
tr|A0A087S4V2|A0A087S4V2_9ARCH Probable membrane transporter protein OS=Marine Group I thaumarchaeote SCGC AAA799-D07 OX=1502290 GN=yunE PE=3 SV=1	IIVIIVLIAAAIKLIIDSTGI	(230-250)	I	42.86	0.7446
tr|A0A087S4X8|A0A087S4X8_9ARCH Uncharacterized protein OS=Marine Group I thaumarchaeote SCGC AAA799-D07 OX=1502290 GN=AAA799D07_00238 PE=4 SV=1	IAAAAIGIIISIILIYKYI	(5-23)	I	47.37	0.657
tr|A0A087S532|A0A087S532_9ARCH Peptidase_S24 domain-containing protein OS=Marine Group I thaumarchaeote SCGC AAA799-D07 OX=1502290 GN=AAA799D07_00041 PE=4 SV=1	IIKDIVIVIICVAVIWI	(4-20)	I	47.06	0.6906
tr|A0A087S532|A0A087S532_9ARCH Peptidase_S24 domain-containing protein OS=Marine Group I thaumarchaeote SCGC AAA799-D07 OX=1502290 GN=AAA799D07_00041 PE=4 SV=1	ITKILQPPINYIIIAVIVGIMVIRQI	(131-156)	I	38.46	0.851
tr|A0A087RY18|A0A087RY18_9ARCH Uncharacterized protein OS=Marine Group I thaumarchaeote SCGC AAA799-D07 OX=1502290 GN=AAA799D07_00626 PE=4 SV=1	KQKKPTTKPTSKAKPTSKAK	(4-23)	K	40.0	0.8293
tr|A0A087RYG7|A0A087RYG7_9ARCH HpcH_HpaI domain-containing protein OS=Marine Group I thaumarchaeote SCGC AAA799-D07 OX=1502290 GN=citE PE=4 SV=1	KELKKIEKTISSLEKKRKIK	(100-119)	K	40.0	0.68
tr|A0A087RZV8|A0A087RZV8_9ARCH Aminotran_1_2 domain-containing protein OS=Marine Group I thaumarchaeote SCGC AAA799-D07 OX=1502290 GN=AAA799D07_00593 PE=4 SV=1	KTKTKSKLLQKKLLRKK	(282-298)	K	47.06	0.7136
tr|A0A087S1T4|A0A087S1T4_9ARCH 3-dehydroquinate synthase protein OS=Marine Group I thaumarchaeote SCGC AAA799-D07 OX=1502290 GN=aroB' PE=4 SV=1	KITNKKLKGKKIGKRFK	(61-77)	K	47.06	0.7378
tr|A0A087S275|A0A087S275_9ARCH Uncharacterized protein OS=Marine Group I thaumarchaeote SCGC AAA799-D07 OX=1502290 GN=AAA799D07_00538 PE=4 SV=1	KKKKRDTILKYIEEQLKKRK	(73-92)	K	40.0	0.5158
tr|A0A087S2K9|A0A087S2K9_9ARCH Uncharacterized protein OS=Marine Group I thaumarchaeote SCGC AAA799-D07 OX=1502290 GN=AAA799D07_00533 PE=4 SV=1	KGEIYKKLLKKFPSKKK	(39-55)	K	47.06	0.5723
tr|A0A087S2L0|A0A087S2L0_9ARCH Uncharacterized protein OS=Marine Group I thaumarchaeote SCGC AAA799-D07 OX=1502290 GN=AAA799D07_00534 PE=4 SV=1	KKYSKSKFYNPNKSHKEIKK	(5-24)	K	40.0	0.741
tr|A0A087S393|A0A087S393_9ARCH Ribosomal_L19e domain-containing protein OS=Marine Group I thaumarchaeote SCGC AAA799-D07 OX=1502290 GN=AAA799D07_00473 PE=3 SV=1	KKIQKRKRSVKPGSKKGTK	(73-91)	K	42.11	0.7857
tr|A0A087S3A4|A0A087S3A4_9ARCH 50S ribosomal protein L15 OS=Marine Group I thaumarchaeote SCGC AAA799-D07 OX=1502290 GN=rpl15 PE=3 SV=1	KNKKKIDQFNSKAKDKVK	(138-155)	K	44.44	0.5887
tr|A0A087S401|A0A087S401_9ARCH Riboflavin synthase protein OS=Marine Group I thaumarchaeote SCGC AAA799-D07 OX=1502290 GN=ribE PE=4 SV=1	KIEKKPKEVKFWFKIPKKLTKYVVKK	(46-71)	K	42.31	0.8365
tr|A0A087S406|A0A087S406_9ARCH 2,5-diamino-6-(5-phospho-D-ribosylamino)pyrimidin-4(3H)-one reductase OS=Marine Group I thaumarchaeote SCGC AAA799-D07 OX=1502290 GN=AAA799D07_00417 PE=3 SV=1	KKINMKKLFKLLKQKNIK	(127-144)	K	44.44	0.7777
tr|A0A087S407|A0A087S407_9ARCH Transcription factor E OS=Marine Group I thaumarchaeote SCGC AAA799-D07 OX=1502290 GN=tfe PE=3 SV=1	KKNDKAKKAFSKKIDEIKK	(148-166)	K	47.37	0.6408
tr|A0A087S446|A0A087S446_9ARCH V-type ATP synthase subunit D OS=Marine Group I thaumarchaeote SCGC AAA799-D07 OX=1502290 GN=atpD PE=3 SV=1	KKRIKIAKKGLKLLKLK	(18-34)	K	47.06	0.7637
tr|A0A087S462|A0A087S462_9ARCH Thymidylate_kin domain-containing protein OS=Marine Group I thaumarchaeote SCGC AAA799-D07 OX=1502290 GN=tmk PE=4 SV=1	KKSKRDKFEKNKEFSKK	(104-120)	K	47.06	0.7378
tr|A0A087S474|A0A087S474_9ARCH Uncharacterized protein OS=Marine Group I thaumarchaeote SCGC AAA799-D07 OX=1502290 GN=AAA799D07_00335 PE=4 SV=1	KTAQIDKISNEKKTKKTTKKSKRKSK	(83-108)	K	42.31	0.7578
tr|A0A087S499|A0A087S499_9ARCH 50S ribosomal protein L24 OS=Marine Group I thaumarchaeote SCGC AAA799-D07 OX=1502290 GN=rpl24 PE=3 SV=1	KSKPETKSKPETKSKIKSKSKNSTKKNNKNEVTK	(125-158)	K	38.24	0.9
tr|A0A087S4A9|A0A087S4A9_9ARCH Uncharacterized protein OS=Marine Group I thaumarchaeote SCGC AAA799-D07 OX=1502290 GN=AAA799D07_00375 PE=4 SV=1	KKGGRKRGGAKKKGGKKRKAAKRKPAK	(49-75)	K	44.44	0.7787
tr|A0A087S4E0|A0A087S4E0_9ARCH 30S ribosomal protein S13 OS=Marine Group I thaumarchaeote SCGC AAA799-D07 OX=1502290 GN=rps13 PE=3 SV=1	KKDAPKDVKKDAPKDVKKDAPKDVKKDAPKDEKKK	(175-209)	K	42.86	0.8218
tr|A0A087S4E6|A0A087S4E6_9ARCH Uncharacterized protein OS=Marine Group I thaumarchaeote SCGC AAA799-D07 OX=1502290 GN=AAA799D07_00261 PE=4 SV=1	KGDLRISKQKIKKAKSVLKKNQKKANNAFQK	(47-77)	K	35.48	0.7503
tr|A0A087S4F1|A0A087S4F1_9ARCH Isopentenyl phosphate kinase OS=Marine Group I thaumarchaeote SCGC AAA799-D07 OX=1502290 GN=proB PE=3 SV=1	KSKKLIYDFKKEKPTISKNK	(176-195)	K	40.0	0.6946
tr|A0A087S4F3|A0A087S4F3_9ARCH Geranylgeranyl diphosphate synthase protein OS=Marine Group I thaumarchaeote SCGC AAA799-D07 OX=1502290 GN=gds PE=3 SV=1	KKTLPIILAIKKAKGKNKK	(239-257)	K	42.11	0.471
tr|A0A087S4J6|A0A087S4J6_9ARCH tRNA(Ile2) 2-agmatinylcytidine synthetase TiaS OS=Marine Group I thaumarchaeote SCGC AAA799-D07 OX=1502290 GN=tiaS PE=3 SV=1	KKCNKKMKSKGTKQGFECVK	(363-382)	K	40.0	0.68
tr|A0A087S4X6|A0A087S4X6_9ARCH Glutamate-1-semialdehyde 21-aminomutase 2 protein OS=Marine Group I thaumarchaeote SCGC AAA799-D07 OX=1502290 GN=hemL2 PE=3 SV=1	KLYTKNTKKSAKLFQKSKK	(7-25)	K	42.11	0.7857
tr|A0A087S518|A0A087S518_9ARCH 50S ribosomal protein L24e OS=Marine Group I thaumarchaeote SCGC AAA799-D07 OX=1502290 GN=rpl24e PE=3 SV=1	KLKWTKKYVKGGIKVKK	(49-65)	K	47.06	0.7378
tr|A0A087S523|A0A087S523_9ARCH Putative mycofactocin system creatinine amidohydrolase family protein MftE OS=Marine Group I thaumarchaeote SCGC AAA799-D07 OX=1502290 GN=mftE PE=4 SV=1	KVKMKKAKKGLITKGMSKK	(165-183)	K	47.37	0.6739
tr|A0A087S561|A0A087S561_9ARCH PadR domain-containing protein OS=Marine Group I thaumarchaeote SCGC AAA799-D07 OX=1502290 GN=AAA799D07_00085 PE=4 SV=1	KYKKFLKSELEKMEKPPKKSGKKIK	(142-166)	K	44.0	0.8059
tr|A0A087S567|A0A087S567_9ARCH Argininosuccinate lyase OS=Marine Group I thaumarchaeote SCGC AAA799-D07 OX=1502290 GN=argH PE=3 SV=1	KIITKKEIKKILKGLENLKKEK	(46-67)	K	40.91	0.7288
tr|A0A087S590|A0A087S590_9ARCH NeuB domain-containing protein OS=Marine Group I thaumarchaeote SCGC AAA799-D07 OX=1502290 GN=AAA799D07_00124 PE=4 SV=1	KKQSKTKKIIIEKHVKLKNSK	(195-215)	K	42.86	0.7932
tr|A0A087S593|A0A087S593_9ARCH GFO_IDH_MocA domain-containing protein OS=Marine Group I thaumarchaeote SCGC AAA799-D07 OX=1502290 GN=iolG PE=4 SV=1	KKKSLVYKQLVAKKFPVAKK	(257-276)	K	40.0	0.6249
tr|A0A087S1T8|A0A087S1T8_9ARCH EPSP_synthase domain-containing protein OS=Marine Group I thaumarchaeote SCGC AAA799-D07 OX=1502290 GN=aroA PE=4 SV=1	LALLLSASVLLGKNLTAVNL	(237-256)	L	40.0	0.68
tr|A0A087S1V2|A0A087S1V2_9ARCH Histidine kinase OS=Marine Group I thaumarchaeote SCGC AAA799-D07 OX=1502290 GN=gacS PE=4 SV=1	LLSLISDLLDAQKLELEQL	(305-323)	L	42.11	0.7468
tr|A0A087S475|A0A087S475_9ARCH Uncharacterized protein OS=Marine Group I thaumarchaeote SCGC AAA799-D07 OX=1502290 GN=AAA799D07_00336 PE=4 SV=1	LRLLILDSLNDKKLIEKLQLTL	(100-121)	L	40.91	0.8315
tr|A0A087S555|A0A087S555_9ARCH AAA domain-containing protein OS=Marine Group I thaumarchaeote SCGC AAA799-D07 OX=1502290 GN=rfcL PE=4 SV=1	LKPLSPKLLRLYLNKILQL	(152-170)	L	42.11	0.8284
tr|A0A087S591|A0A087S591_9ARCH UDP-4-amino-4-deoxy-L-arabinose--oxoglutarate aminotransferase protein OS=Marine Group I thaumarchaeote SCGC AAA799-D07 OX=1502290 GN=arnB PE=3 SV=1	LNLALSLLDLRNKDVILPSL	(64-83)	L	40.0	0.7096
tr|A0A087S3A7|A0A087S3A7_9ARCH Uncharacterized protein OS=Marine Group I thaumarchaeote SCGC AAA799-D07 OX=1502290 GN=AAA799D07_00487 PE=4 SV=1	MNKMSMEMMQMNMRPM	(106-121)	M	50.0	0.844
tr|A0A087S2W6|A0A087S2W6_9ARCH Epimerase domain-containing protein OS=Marine Group I thaumarchaeote SCGC AAA799-D07 OX=1502290 GN=AAA799D07_00520 PE=4 SV=1	SNYGSASSIVDESSPIQSLSLYS	(125-147)	S	39.13	0.8051
tr|A0A087S527|A0A087S527_9ARCH Amidohydro-rel domain-containing protein OS=Marine Group I thaumarchaeote SCGC AAA799-D07 OX=1502290 GN=allB PE=4 SV=1	SQSRSSESESKSIKTIS	(221-237)	S	47.06	0.7378
tr|A0A087S447|A0A087S447_9ARCH V-type ATP synthase beta chain OS=Marine Group I thaumarchaeote SCGC AAA799-D07 OX=1502290 GN=atpB PE=3 SV=1	TLGLNTTGTSTTFLGETAT	(61-79)	T	42.11	0.7108
tr|A0A087S4I1|A0A087S4I1_9ARCH Uncharacterized protein OS=Marine Group I thaumarchaeote SCGC AAA799-D07 OX=1502290 GN=AAA799D07_00311 PE=4 SV=1	TITVTDPDATADTFTTST	(1017-1034)	T	44.44	0.7777
tr|A0A087S4I1|A0A087S4I1_9ARCH Uncharacterized protein OS=Marine Group I thaumarchaeote SCGC AAA799-D07 OX=1502290 GN=AAA799D07_00311 PE=4 SV=1	TTADDITIAATTTVGTTT	(1522-1539)	T	50.0	0.5675
tr|A0A087S559|A0A087S559_9ARCH DNA/RNA-binding protein Alba OS=Marine Group I thaumarchaeote SCGC AAA799-D07 OX=1502290 GN=albA PE=3 SV=1	TTDITETTETVNTEQT	(2-17)	T	50.0	0.7752
tr|A0A087S399|A0A087S399_9ARCH Signal recognition particle receptor FtsY OS=Marine Group I thaumarchaeote SCGC AAA799-D07 OX=1502290 GN=ftsY PE=3 SV=1	VVEPEPVVEPEPVVEPEPVVEPEPVVEPEPVVEPEPVVEPEPVV	(308-351)	V	36.36	0.805
