Protein ID	Domain Sequence	Domain Boundaries	LCD Class	Final Domain Composition	Final Domain Linear Dispersion
tr|A0A2H5V7D7|A0A2H5V7D7_9ARCH Uncharacterized protein OS=archaeon HR04 OX=2035440 GN=HRbin04_00002 PE=4 SV=1	AEAFIAHMYAMAGTFAASTA	(8-27)	A	40.0	0.8492
tr|A0A2H5V7I8|A0A2H5V7I8_9ARCH Uncharacterized protein OS=archaeon HR04 OX=2035440 GN=HRbin04_00019 PE=4 SV=1	AASAISAIVASAILAELLA	(118-136)	A	42.11	0.8515
tr|A0A2H5V7R2|A0A2H5V7R2_9ARCH Ammonium transporter OS=archaeon HR04 OX=2035440 GN=nrgA_1 PE=3 SV=1	AENAAGAAAAAAWA	(425-438)	A	71.43	0.6225
tr|A0A2H5V7R3|A0A2H5V7R3_9ARCH Acyl-CoA dehydrogenase OS=archaeon HR04 OX=2035440 GN=mmgC PE=3 SV=1	AKKRAADTAVAEAKLFAVNAAYDAADRA	(312-339)	A	42.86	0.8503
tr|A0A2H5V835|A0A2H5V835_9ARCH Pyruvate, phosphate dikinase OS=archaeon HR04 OX=2035440 GN=ppdK PE=3 SV=1	ANADTPEAAAIARAYGA	(536-552)	A	47.06	0.6688
tr|A0A2H5V8Q2|A0A2H5V8Q2_9ARCH Rubrerythrin domain-containing protein OS=archaeon HR04 OX=2035440 GN=HRbin04_00386 PE=4 SV=1	AGLAGLIAGVAASIAMASAAYNQA	(179-202)	A	41.67	0.8485
tr|A0A2H5V8S0|A0A2H5V8S0_9ARCH Putative methylthioribose-1-phosphate isomerase OS=archaeon HR04 OX=2035440 GN=mtnA PE=3 SV=1	AVRGAPAIGVAAAFGLALAAINSKA	(50-74)	A	40.0	0.777
tr|A0A2H5V8W9|A0A2H5V8W9_9ARCH ORC1-type DNA replication protein OS=archaeon HR04 OX=2035440 GN=HRbin04_00531 PE=3 SV=1	AAINLCAAIAGAEHGDARRA	(239-258)	A	40.0	0.741
tr|A0A2H5V8Y8|A0A2H5V8Y8_9ARCH Methyl-accepting chemotaxis protein 4 OS=archaeon HR04 OX=2035440 GN=mcp4_1 PE=4 SV=1	ALNAAIEAARAGEAGRGFAVVA	(496-517)	A	40.91	0.8152
tr|A0A2H5V983|A0A2H5V983_9ARCH Ammonium transporter OS=archaeon HR04 OX=2035440 GN=nrgA_2 PE=3 SV=1	ALASNEAAVAAIVSTNLAAAAGAITTFLA	(221-249)	A	41.38	0.6793
tr|A0A2H5V9H2|A0A2H5V9H2_9ARCH Uncharacterized protein OS=archaeon HR04 OX=2035440 GN=HRbin04_00733 PE=4 SV=1	AGAGVAVAAVLAFAVLA	(10-26)	A	47.06	0.8219
tr|A0A2H5V9U4|A0A2H5V9U4_9ARCH Proteasome subunit beta OS=archaeon HR04 OX=2035440 GN=prcB_1 PE=3 SV=1	AAKVATRAIAAAIMRNA	(173-189)	A	47.06	0.628
tr|A0A2H5V9V4|A0A2H5V9V4_9ARCH Uncharacterized protein OS=archaeon HR04 OX=2035440 GN=HRbin04_00848 PE=4 SV=1	AGAIALVAIAAALIFNAIA	(22-40)	A	47.37	0.7097
tr|A0A2H5V9Y1|A0A2H5V9Y1_9ARCH K(+)-insensitive pyrophosphate-energized proton pump OS=archaeon HR04 OX=2035440 GN=hppA PE=3 SV=1	AIASAGLAALAMIQAFQHEAA	(468-488)	A	42.86	0.7764
tr|A0A2H5V9Y2|A0A2H5V9Y2_9ARCH Uncharacterized protein OS=archaeon HR04 OX=2035440 GN=HRbin04_00897 PE=4 SV=1	AIAAIAAIVGTAAVVSYA	(30-47)	A	44.44	0.6385
tr|A0A2H5VA32|A0A2H5VA32_9ARCH 3-hydroxy-3-methylglutaryl coenzyme A reductase OS=archaeon HR04 OX=2035440 GN=mvaA PE=3 SV=1	AVAYATAQDTRAIEAGAHAYA	(261-281)	A	42.86	0.8689
tr|A0A2H5VA39|A0A2H5VA39_9ARCH MEMO1 family protein HRbin04_00957 OS=archaeon HR04 OX=2035440 GN=HRbin04_00957 PE=3 SV=1	AAYMYSGAVAAHAYHAA	(73-89)	A	47.06	0.5902
tr|A0A2H5VAA0|A0A2H5VAA0_9ARCH Uncharacterized protein OS=archaeon HR04 OX=2035440 GN=HRbin04_01018 PE=4 SV=1	AVLAILAIAAIAAIMPSAYA	(11-30)	A	45.0	0.7659
tr|A0A2H5VAE3|A0A2H5VAE3_9ARCH (2E,6E)-farnesyl diphosphate synthase OS=archaeon HR04 OX=2035440 GN=HRbin04_01071 PE=3 SV=1	AKAVAEAIAAVARGA	(131-145)	A	53.33	0.8761
tr|A0A2H5VAK7|A0A2H5VAK7_9ARCH zinc_ribbon_2 domain-containing protein OS=archaeon HR04 OX=2035440 GN=HRbin04_01128 PE=4 SV=1	ARHTAATAATAAVA	(87-100)	A	57.14	0.7616
tr|A0A2H5VAL2|A0A2H5VAL2_9ARCH Threonine synthase OS=archaeon HR04 OX=2035440 GN=thrC_2 PE=3 SV=1	AVGCASTGNLASATAAHAAKADLPCYIFA	(128-156)	A	34.48	0.7369
tr|A0A2H5VAV7|A0A2H5VAV7_9ARCH Nop domain-containing protein OS=archaeon HR04 OX=2035440 GN=HRbin04_01230 PE=4 SV=1	ARAIATKVAVAARIDAFTGA	(268-287)	A	40.0	0.8293
tr|A0A2H5VBA4|A0A2H5VBA4_9ARCH 50S ribosomal protein L12 OS=archaeon HR04 OX=2035440 GN=rpl12 PE=3 SV=1	AAPSAAPAEAKPAEA	(63-77)	A	53.33	0.7926
tr|A0A2H5VBA5|A0A2H5VBA5_9ARCH Methyl-accepting chemotaxis protein 4 OS=archaeon HR04 OX=2035440 GN=mcp4_2 PE=4 SV=1	ALNAAIEAARAGEAGRGFAVVA	(143-164)	A	40.91	0.8152
tr|A0A2H5V820|A0A2H5V820_9ARCH BPL/LPL catalytic domain-containing protein OS=archaeon HR04 OX=2035440 GN=birA PE=3 SV=1	DDDALTIDGVAVDVDDD	(300-316)	D	47.06	0.5217
tr|A0A2H5V825|A0A2H5V825_9ARCH Uncharacterized protein OS=archaeon HR04 OX=2035440 GN=HRbin04_00240 PE=4 SV=1	DEDDEEDSGDEDGDGDED	(61-78)	D	50.0	0.8648
tr|A0A2H5V850|A0A2H5V850_9ARCH Uncharacterized protein OS=archaeon HR04 OX=2035440 GN=HRbin04_00259 PE=4 SV=1	DDKEGEDGDDEDDVLRD	(212-228)	D	47.06	0.628
tr|A0A2H5V8B5|A0A2H5V8B5_9ARCH Leukotoxin OS=archaeon HR04 OX=2035440 GN=ltxA PE=4 SV=1	DDILYGDGIYEDDIDSEGDD	(220-239)	D	40.0	0.6946
tr|A0A2H5V8B5|A0A2H5V8B5_9ARCH Leukotoxin OS=archaeon HR04 OX=2035440 GN=ltxA PE=4 SV=1	DDILYGDGIYEDDIDSEGDD	(284-303)	D	40.0	0.6946
tr|A0A2H5V8P7|A0A2H5V8P7_9ARCH Cysteine desulfurase SufS OS=archaeon HR04 OX=2035440 GN=sufS_1 PE=3 SV=1	DASDASDDGDSSLILDDLYD	(188-207)	D	40.0	0.741
tr|A0A2H5V9A9|A0A2H5V9A9_9ARCH Thiosulfate sulfurtransferase OS=archaeon HR04 OX=2035440 GN=rhdA PE=4 SV=1	DDEGKDDNGEEGVKDDDND	(220-238)	D	42.11	0.4951
tr|A0A2H5V9I7|A0A2H5V9I7_9ARCH Tubulin domain-containing protein OS=archaeon HR04 OX=2035440 GN=ftsZ PE=4 SV=1	DDENYDDYEGMDDNNNNDD	(323-341)	D	42.11	0.6302
tr|A0A2H5VA43|A0A2H5VA43_9ARCH Peptidase_S8 domain-containing protein OS=archaeon HR04 OX=2035440 GN=aprX PE=4 SV=1	DAWDTVDIDGGIVMRDDKDD	(1186-1205)	D	40.0	0.68
tr|A0A2H5VAM1|A0A2H5VAM1_9ARCH Phos_pyr_kin domain-containing protein OS=archaeon HR04 OX=2035440 GN=pdxK PE=4 SV=1	DEDDEYDNDYDAVDGDGDDDEYVTD	(205-229)	D	48.0	0.7623
tr|A0A2H5V7K3|A0A2H5V7K3_9ARCH Cob(I)yrinic acid a,c-diamide adenosyltransferase OS=archaeon HR04 OX=2035440 GN=btuR PE=4 SV=1	EQEHEEEKEEKKQE	(2-15)	E	57.14	0.7265
tr|A0A2H5V7K3|A0A2H5V7K3_9ARCH Cob(I)yrinic acid a,c-diamide adenosyltransferase OS=archaeon HR04 OX=2035440 GN=btuR PE=4 SV=1	EGGGEGGEEEKKKEEKEE	(41-58)	E	50.0	0.6518
tr|A0A2H5V7M1|A0A2H5V7M1_9ARCH DNA primase DnaG OS=archaeon HR04 OX=2035440 GN=dnaG PE=3 SV=1	ERIAKEESGREVVVEEEEGVVLDE	(293-316)	E	37.5	0.6797
tr|A0A2H5V7T5|A0A2H5V7T5_9ARCH Uncharacterized protein OS=archaeon HR04 OX=2035440 GN=HRbin04_00145 PE=4 SV=1	EEEEMEEEEEFEEDFEEDFEEEDYEYEEDVEEE	(3-35)	E	66.67	0.8412
tr|A0A2H5V813|A0A2H5V813_9ARCH Uncharacterized protein OS=archaeon HR04 OX=2035440 GN=HRbin04_00223 PE=4 SV=1	EYEEGVEEEGKVSSAVEYE	(168-186)	E	42.11	0.5329
tr|A0A2H5V844|A0A2H5V844_9ARCH Cyclic 2,3-diphosphoglycerate synthetase OS=archaeon HR04 OX=2035440 GN=cpgS PE=4 SV=1	ELTLEEEEEYIVHLENGYE	(202-220)	E	42.11	0.5329
tr|A0A2H5V849|A0A2H5V849_9ARCH ABC transporter domain-containing protein OS=archaeon HR04 OX=2035440 GN=oppF PE=4 SV=1	EREEMVFKALEEVRLEPVEE	(21-40)	E	40.0	0.6382
tr|A0A2H5V8D8|A0A2H5V8D8_9ARCH Ferritin-like diiron domain-containing protein OS=archaeon HR04 OX=2035440 GN=HRbin04_00337 PE=4 SV=1	EDILARLELREVEEGEEIIE	(52-71)	E	40.0	0.68
tr|A0A2H5V8E7|A0A2H5V8E7_9ARCH Uncharacterized protein OS=archaeon HR04 OX=2035440 GN=HRbin04_00358 PE=3 SV=1	EEVEEEGREEKVDEAREVKEAE	(247-268)	E	50.0	0.7394
tr|A0A2H5V8F3|A0A2H5V8F3_9ARCH Uncharacterized protein OS=archaeon HR04 OX=2035440 GN=HRbin04_00364 PE=4 SV=1	EEGDEEEEEEVQE	(15-27)	E	69.23	0.5076
tr|A0A2H5V8F7|A0A2H5V8F7_9ARCH Putative DNA double-strand break repair Rad50 ATPase OS=archaeon HR04 OX=2035440 GN=HRbin04_00365 PE=4 SV=1	EEEVRRVEEEKVTLEKEYEEMRGKKE	(223-248)	E	42.31	0.6741
tr|A0A2H5V8G2|A0A2H5V8G2_9ARCH Uncharacterized protein OS=archaeon HR04 OX=2035440 GN=HRbin04_00352 PE=4 SV=1	EMREGDEEEEEGE	(204-216)	E	61.54	0.583
tr|A0A2H5V9A1|A0A2H5V9A1_9ARCH Uncharacterized protein OS=archaeon HR04 OX=2035440 GN=HRbin04_00577 PE=4 SV=1	EGEGEEKDEEKEE	(3-15)	E	61.54	0.887
tr|A0A2H5V9A4|A0A2H5V9A4_9ARCH Uncharacterized protein OS=archaeon HR04 OX=2035440 GN=HRbin04_00669 PE=4 SV=1	ELGLSIKEIEFEEDESKEEEE	(30-50)	E	47.62	0.5672
tr|A0A2H5V9A6|A0A2H5V9A6_9ARCH Uncharacterized protein OS=archaeon HR04 OX=2035440 GN=HRbin04_00666 PE=4 SV=1	EEGVKELSEEITETLPELPE	(15-34)	E	40.0	0.8102
tr|A0A2H5V9J6|A0A2H5V9J6_9ARCH SHSP domain-containing protein OS=archaeon HR04 OX=2035440 GN=HRbin04_00757 PE=3 SV=1	EIEEMMREMEREMERMFEKSMKELEE	(19-44)	E	42.31	0.8242
tr|A0A2H5V9N1|A0A2H5V9N1_9ARCH Uncharacterized protein OS=archaeon HR04 OX=2035440 GN=HRbin04_00765 PE=4 SV=1	EVKGENEDREEIRIEEGEE	(4-22)	E	47.37	0.7097
tr|A0A2H5V9N3|A0A2H5V9N3_9ARCH PINc domain-containing protein OS=archaeon HR04 OX=2035440 GN=HRbin04_00809 PE=4 SV=1	EKEEQKKREEGREGERKE	(173-190)	E	44.44	0.7336
tr|A0A2H5V9V7|A0A2H5V9V7_9ARCH Ribonuclease OS=archaeon HR04 OX=2035440 GN=HRbin04_00865 PE=4 SV=1	EEEGREGEGEEEGEEEEEVVVAEDNRE	(119-145)	E	55.56	0.695
tr|A0A2H5V9W2|A0A2H5V9W2_9ARCH DNA polymerase sliding clamp OS=archaeon HR04 OX=2035440 GN=pcn PE=3 SV=1	ESRREIREEEVKEVEEEGKEEEEVTALEGTKEKE	(100-133)	E	47.06	0.7432
tr|A0A2H5VA77|A0A2H5VA77_9ARCH 5-formyltetrahydrofolate cyclo-ligase OS=archaeon HR04 OX=2035440 GN=HRbin04_00914 PE=4 SV=1	EMDEEDEDEEDEDEGEGEEDIIRMRKQE	(4-31)	E	42.86	0.6787
tr|A0A2H5VAA2|A0A2H5VAA2_9ARCH Uncharacterized protein OS=archaeon HR04 OX=2035440 GN=HRbin04_01021 PE=4 SV=1	EEGEEEGEGEGEGE	(278-291)	E	64.29	0.9509
tr|A0A2H5VAU2|A0A2H5VAU2_9ARCH Uncharacterized protein OS=archaeon HR04 OX=2035440 GN=HRbin04_01213 PE=4 SV=1	ERRGRREMMREKREEDGEEEEGGGKEEE	(103-130)	E	42.86	0.6862
tr|A0A2H5VAV7|A0A2H5VAV7_9ARCH Nop domain-containing protein OS=archaeon HR04 OX=2035440 GN=HRbin04_01230 PE=4 SV=1	ERLEEIREKYVEPRHEEKEEVE	(298-319)	E	45.45	0.7751
tr|A0A2H5VAW1|A0A2H5VAW1_9ARCH Fibrillarin-like rRNA/tRNA 2'-O-methyltransferase OS=archaeon HR04 OX=2035440 GN=flpA PE=3 SV=1	EVEEAEEKGIKVVEVEGEE	(3-21)	E	47.37	0.5806
tr|A0A2H5VB60|A0A2H5VB60_9ARCH SpoVT-AbrB domain-containing protein OS=archaeon HR04 OX=2035440 GN=HRbin04_01237 PE=4 SV=1	EKGEEEAEASKGEEDRGEGKGEGEGREGERE	(16-46)	E	41.94	0.8363
tr|A0A2H5VB81|A0A2H5VB81_9ARCH Uncharacterized protein OS=archaeon HR04 OX=2035440 GN=HRbin04_01352 PE=4 SV=1	EALVIEEEEEKKREEERRYIEE	(195-216)	E	50.0	0.5287
tr|A0A2H5VB81|A0A2H5VB81_9ARCH Uncharacterized protein OS=archaeon HR04 OX=2035440 GN=HRbin04_01352 PE=4 SV=1	EIKTKVTELLEEEEEE	(241-256)	E	50.0	0.2872
tr|A0A2H5VB81|A0A2H5VB81_9ARCH Uncharacterized protein OS=archaeon HR04 OX=2035440 GN=HRbin04_01352 PE=4 SV=1	EVREDDNIERIRDEKEEKEEE	(268-288)	E	42.86	0.7007
tr|A0A2H5VB83|A0A2H5VB83_9ARCH Peptidylprolyl isomerase OS=archaeon HR04 OX=2035440 GN=fkpB PE=4 SV=1	EVYERVEEVKEKEGEKVGEGE	(222-242)	E	42.86	0.8689
tr|A0A2H5VB83|A0A2H5VB83_9ARCH Peptidylprolyl isomerase OS=archaeon HR04 OX=2035440 GN=fkpB PE=4 SV=1	EAEKRVKEVERVEEKGKEEEKEEEKEKIQE	(272-301)	E	46.67	0.7582
tr|A0A2H5VBA2|A0A2H5VBA2_9ARCH Glutamyl-tRNA(Gln) amidotransferase subunit D OS=archaeon HR04 OX=2035440 GN=ansA PE=3 SV=1	EEAAIVGRGEEEERERKRE	(74-92)	E	42.11	0.471
tr|A0A2H5VBA4|A0A2H5VBA4_9ARCH 50S ribosomal protein L12 OS=archaeon HR04 OX=2035440 GN=rpl12 PE=3 SV=1	EAKPAEAKPKEEKKGEEEEKKGEEE	(71-95)	E	44.0	0.6477
tr|A0A2H5V7J4|A0A2H5V7J4_9ARCH 2-hydroxy-3-oxopropionate reductase OS=archaeon HR04 OX=2035440 GN=garR PE=4 SV=1	GGKKGYDRDGSGSDDGDGSG	(92-111)	G	40.0	0.8102
tr|A0A2H5V7K3|A0A2H5V7K3_9ARCH Cob(I)yrinic acid a,c-diamide adenosyltransferase OS=archaeon HR04 OX=2035440 GN=btuR PE=4 SV=1	GSKGYGEGGGEGG	(35-47)	G	61.54	0.8395
tr|A0A2H5V7N0|A0A2H5V7N0_9ARCH Uncharacterized protein OS=archaeon HR04 OX=2035440 GN=HRbin04_00097 PE=4 SV=1	GEKGMGGRQDGGLGEWMDGVREEGG	(2-26)	G	40.0	0.777
tr|A0A2H5V7N9|A0A2H5V7N9_9ARCH Thiolase_N domain-containing protein OS=archaeon HR04 OX=2035440 GN=HRbin04_00094 PE=4 SV=1	GAGGVGKPYTRVFVGGGTG	(72-90)	G	42.11	0.4592
tr|A0A2H5V7P2|A0A2H5V7P2_9ARCH Metallophos domain-containing protein OS=archaeon HR04 OX=2035440 GN=HRbin04_00107 PE=4 SV=1	GGSGIRRMGGRGGRGEG	(19-35)	G	52.94	0.6906
tr|A0A2H5V860|A0A2H5V860_9ARCH C2H2-type domain-containing protein OS=archaeon HR04 OX=2035440 GN=HRbin04_00269 PE=4 SV=1	GGEKAEGKKEGEGEAGVGIGGTGVVSSASAGGGAG	(149-183)	G	40.0	0.7664
tr|A0A2H5V864|A0A2H5V864_9ARCH Uncharacterized protein OS=archaeon HR04 OX=2035440 GN=HRbin04_00277 PE=4 SV=1	GEEGRGGNSSSSIGGGRGVRVGVGG	(12-36)	G	44.0	0.6847
tr|A0A2H5V8B5|A0A2H5V8B5_9ARCH Leukotoxin OS=archaeon HR04 OX=2035440 GN=ltxA PE=4 SV=1	GGAGNDTITGGNDTLDGGAG	(170-189)	G	40.0	0.6249
tr|A0A2H5V8C4|A0A2H5V8C4_9ARCH Peptidase_S24 domain-containing protein OS=archaeon HR04 OX=2035440 GN=HRbin04_00333 PE=4 SV=1	GGIGKDVGKGLPDGRGDEDGGVGGVRG	(177-203)	G	44.44	0.8228
tr|A0A2H5V8D0|A0A2H5V8D0_9ARCH DUF35_N domain-containing protein OS=archaeon HR04 OX=2035440 GN=HRbin04_00256 PE=4 SV=1	GGSGGSDGSGAGVGSQVMMVGCGVDGG	(91-117)	G	44.44	0.7489
tr|A0A2H5V8F1|A0A2H5V8F1_9ARCH Uncharacterized protein OS=archaeon HR04 OX=2035440 GN=HRbin04_00359 PE=4 SV=1	GGGSAGNGGDGSGDDGSG	(88-105)	G	55.56	0.827
tr|A0A2H5V8F1|A0A2H5V8F1_9ARCH Uncharacterized protein OS=archaeon HR04 OX=2035440 GN=HRbin04_00359 PE=4 SV=1	GGGSGSGNGDLPNGG	(227-241)	G	53.33	0.6147
tr|A0A2H5V8N0|A0A2H5V8N0_9ARCH Bac_luciferase domain-containing protein OS=archaeon HR04 OX=2035440 GN=HRbin04_00451 PE=4 SV=1	GGGRGGDEGRRRRIGISLG	(16-34)	G	42.11	0.6454
tr|A0A2H5V8V2|A0A2H5V8V2_9ARCH Uncharacterized protein OS=archaeon HR04 OX=2035440 GN=HRbin04_00514 PE=4 SV=1	GSGGGDMGGDAGEGGGWDWGDFG	(151-173)	G	52.17	0.7251
tr|A0A2H5V8X9|A0A2H5V8X9_9ARCH TrmB domain-containing protein OS=archaeon HR04 OX=2035440 GN=HRbin04_00536 PE=4 SV=1	GGSDGDGEGEGEGREDSSG	(118-136)	G	42.11	0.7468
tr|A0A2H5V9L1|A0A2H5V9L1_9ARCH Uncharacterized protein OS=archaeon HR04 OX=2035440 GN=HRbin04_00744 PE=4 SV=1	GNNGVEGSRGNGNGGVDDGRARGGMGG	(5-31)	G	44.44	0.8347
tr|A0A2H5V9L3|A0A2H5V9L3_9ARCH ATP-dependent dethiobiotin synthetase BioD OS=archaeon HR04 OX=2035440 GN=bioD1 PE=3 SV=1	GDGGGGGVFVTGTDTCVG	(23-40)	G	44.44	0.4724
tr|A0A2H5V9N1|A0A2H5V9N1_9ARCH Uncharacterized protein OS=archaeon HR04 OX=2035440 GN=HRbin04_00765 PE=4 SV=1	GKGAGRRGRKGRRGGRGRRRG	(150-170)	G	42.86	0.8689
tr|A0A2H5V9N2|A0A2H5V9N2_9ARCH Quinolinate synthase A OS=archaeon HR04 OX=2035440 GN=nadA PE=3 SV=1	GNGNGNGNGCVVNGNGHDNG	(216-235)	G	40.0	0.8492
tr|A0A2H5V9N8|A0A2H5V9N8_9ARCH Ferredoxin-2 OS=archaeon HR04 OX=2035440 GN=HRbin04_00805 PE=4 SV=1	GAGAGTGAGGAHAGKG	(220-235)	G	50.0	0.8078
tr|A0A2H5VA56|A0A2H5VA56_9ARCH Small-conductance mechanosensitive channel OS=archaeon HR04 OX=2035440 GN=mscS PE=3 SV=1	GDKGKGKGKGKGEGEGEEGEDEEKGG	(269-294)	G	42.31	0.8365
tr|A0A2H5VA93|A0A2H5VA93_9ARCH Indole-3-glycerol phosphate synthase OS=archaeon HR04 OX=2035440 GN=trpC PE=3 SV=1	GGRKGGIEGGEEEKGHG	(30-46)	G	47.06	0.648
tr|A0A2H5VAA2|A0A2H5VAA2_9ARCH Uncharacterized protein OS=archaeon HR04 OX=2035440 GN=HRbin04_01021 PE=4 SV=1	GRSEGRGKGRGRRKGRRGGEEGEEEGEGEGEGEGG	(259-293)	G	42.86	0.8992
tr|A0A2H5VAG8|A0A2H5VAG8_9ARCH Succinate--CoA ligase [ADP-forming] subunit alpha OS=archaeon HR04 OX=2035440 GN=sucD PE=3 SV=1	GMGKSSGSGSGSGSGSIG	(2-19)	G	44.44	0.8843
tr|A0A2H5VAJ6|A0A2H5VAJ6_9ARCH Uncharacterized protein OS=archaeon HR04 OX=2035440 GN=HRbin04_01025 PE=4 SV=1	GDGEVQQQGRGGRRGRGGERIGGRGGDGGDKGGKG	(121-155)	G	48.57	0.7688
tr|A0A2H5VAQ1|A0A2H5VAQ1_9ARCH Uncharacterized protein OS=archaeon HR04 OX=2035440 GN=HRbin04_01155 PE=3 SV=1	GGGVEAKEDGEESGGRVGGEGG	(168-189)	G	45.45	0.5969
tr|A0A2H5VAV1|A0A2H5VAV1_9ARCH Uncharacterized protein OS=archaeon HR04 OX=2035440 GN=HRbin04_01196 PE=4 SV=1	GGSSNTGTDNVSGGIGAGGAGTVLG	(609-633)	G	40.0	0.7448
tr|A0A2H5VAV7|A0A2H5VAV7_9ARCH Nop domain-containing protein OS=archaeon HR04 OX=2035440 GN=HRbin04_01230 PE=4 SV=1	GRGRRRGRGREGGEGGGGEERGRGRRG	(323-349)	G	48.15	0.7493
tr|A0A2H5VAV8|A0A2H5VAV8_9ARCH Uncharacterized protein OS=archaeon HR04 OX=2035440 GN=HRbin04_01228 PE=4 SV=1	GGARGGTLPTGGGGG	(21-35)	G	60.0	0.4984
tr|A0A2H5VAZ3|A0A2H5VAZ3_9ARCH 60 kDa chaperonin OS=archaeon HR04 OX=2035440 GN=groL_2 PE=3 SV=1	GGKGHEGEEGAGGEGMGG	(313-330)	G	55.56	0.8545
tr|A0A2H5VBB5|A0A2H5VBB5_9ARCH Uncharacterized protein OS=archaeon HR04 OX=2035440 GN=HRbin04_01299 PE=4 SV=1	GMQGERGEGLAGTGEGGGEGGVGGKGKVEGEGEGEESMG	(28-66)	G	46.15	0.8549
tr|A0A2H5V7X4|A0A2H5V7X4_9ARCH Uncharacterized protein OS=archaeon HR04 OX=2035440 GN=HRbin04_00082 PE=4 SV=1	HEHVHWHKDIGYHSHLHVH	(117-135)	H	42.11	0.7857
tr|A0A2H5VAU4|A0A2H5VAU4_9ARCH LAM_G_DOMAIN domain-containing protein OS=archaeon HR04 OX=2035440 GN=HRbin04_01222 PE=4 SV=1	HHYHHYNHYRHHNQHHHHH	(4-22)	H	63.16	0.7351
tr|A0A2H5V7K4|A0A2H5V7K4_9ARCH Histidine kinase domain-containing protein OS=archaeon HR04 OX=2035440 GN=barA PE=3 SV=1	IKISRIVIIAFGIGIGI	(386-402)	I	47.06	0.7916
tr|A0A2H5V7M7|A0A2H5V7M7_9ARCH Uncharacterized protein OS=archaeon HR04 OX=2035440 GN=HRbin04_00087 PE=4 SV=1	IINSSNSSISLIIIPII	(9-25)	I	47.06	0.4749
tr|A0A2H5V7P3|A0A2H5V7P3_9ARCH PINc domain-containing protein OS=archaeon HR04 OX=2035440 GN=HRbin04_00106 PE=4 SV=1	IIDNARSIIIPSIVIHEYI	(19-37)	I	42.11	0.6454
tr|A0A2H5V7Y5|A0A2H5V7Y5_9ARCH Copper-bind domain-containing protein OS=archaeon HR04 OX=2035440 GN=mauC_2 PE=4 SV=1	IIIIITTIIISI	(15-26)	I	75.0	0.6655
tr|A0A2H5V860|A0A2H5V860_9ARCH C2H2-type domain-containing protein OS=archaeon HR04 OX=2035440 GN=HRbin04_00269 PE=4 SV=1	IIILCIISVLGIGFINI	(93-109)	I	47.06	0.628
tr|A0A2H5V8L9|A0A2H5V8L9_9ARCH Uncharacterized protein OS=archaeon HR04 OX=2035440 GN=HRbin04_00422 PE=4 SV=1	IASITIIILLSATIIAI	(6-22)	I	47.06	0.5723
tr|A0A2H5V8V1|A0A2H5V8V1_9ARCH Uncharacterized protein OS=archaeon HR04 OX=2035440 GN=HRbin04_00509 PE=4 SV=1	IPMLIVGISIIIIGMLLI	(87-104)	I	44.44	0.6214
tr|A0A2H5V945|A0A2H5V945_9ARCH Uncharacterized protein OS=archaeon HR04 OX=2035440 GN=HRbin04_00611 PE=4 SV=1	IITGIIVVIAIAGIVGI	(8-24)	I	47.06	0.7637
tr|A0A2H5V975|A0A2H5V975_9ARCH Uncharacterized protein OS=archaeon HR04 OX=2035440 GN=HRbin04_00639 PE=4 SV=1	IIAVIMAIGGIILTIIGAAMIGI	(11-33)	I	43.48	0.7854
tr|A0A2H5V994|A0A2H5V994_9ARCH Uncharacterized protein OS=archaeon HR04 OX=2035440 GN=HRbin04_00661 PE=4 SV=1	IIAIVVTIIAITTAIITAIAPSI	(51-73)	I	43.48	0.7854
tr|A0A2H5V9D0|A0A2H5V9D0_9ARCH Uncharacterized protein OS=archaeon HR04 OX=2035440 GN=HRbin04_00607 PE=4 SV=1	IYTIPIISILITGIGIPLYMI	(234-254)	I	42.86	0.8291
tr|A0A2H5V9N5|A0A2H5V9N5_9ARCH Divalent metal cation transporter MntH OS=archaeon HR04 OX=2035440 GN=mntH PE=4 SV=1	IAVILIIIINIMLI	(376-389)	I	57.14	0.6936
tr|A0A2H5VA95|A0A2H5VA95_9ARCH Uncharacterized protein OS=archaeon HR04 OX=2035440 GN=HRbin04_00924 PE=4 SV=1	IIGLIAIVITTTIIVI	(9-24)	I	50.0	0.7452
tr|A0A2H5VAD2|A0A2H5VAD2_9ARCH Sec-independent protein translocase protein TatC OS=archaeon HR04 OX=2035440 GN=tatC PE=3 SV=1	IRIVRIVLAIIILSAINLTISI	(15-36)	I	40.91	0.7996
tr|A0A2H5VBA0|A0A2H5VBA0_9ARCH Uncharacterized protein OS=archaeon HR04 OX=2035440 GN=HRbin04_01377 PE=4 SV=1	IHPSINQSIIISYHIII	(108-124)	I	47.06	0.5723
tr|A0A2H5VBC4|A0A2H5VBC4_9ARCH Uncharacterized protein OS=archaeon HR04 OX=2035440 GN=HRbin04_01309 PE=4 SV=1	IVIAVVAIAIVIAIAINDI	(2-20)	I	42.11	0.8515
tr|A0A2H5V8B2|A0A2H5V8B2_9ARCH AAA_15 domain-containing protein OS=archaeon HR04 OX=2035440 GN=HRbin04_00315 PE=4 SV=1	KKESKKFRKNIKKAIK	(291-306)	K	50.0	0.7173
tr|A0A2H5V8F4|A0A2H5V8F4_9ARCH Uncharacterized protein OS=archaeon HR04 OX=2035440 GN=HRbin04_00357 PE=4 SV=1	KGKGKGKGKRGKRRKMVK	(5-22)	K	44.44	0.9174
tr|A0A2H5V951|A0A2H5V951_9ARCH 50S ribosomal protein L19e OS=archaeon HR04 OX=2035440 GN=rpl19e PE=3 SV=1	KHAKGKKRGKGKGSKEGKKSARQGKK	(65-90)	K	42.31	0.7896
tr|A0A2H5V9S3|A0A2H5V9S3_9ARCH Uncharacterized protein OS=archaeon HR04 OX=2035440 GN=HRbin04_00849 PE=4 SV=1	KKEDRKRKNKRRRKKSRK	(14-31)	K	44.44	0.7551
tr|A0A2H5VA58|A0A2H5VA58_9ARCH Uncharacterized protein OS=archaeon HR04 OX=2035440 GN=HRbin04_00976 PE=4 SV=1	KEEKEGKNKTEIKRGKRKKRK	(25-45)	K	42.86	0.8689
tr|A0A2H5VAA4|A0A2H5VAA4_9ARCH DNA-directed RNA polymerase subunit K OS=archaeon HR04 OX=2035440 GN=rpoK PE=3 SV=1	KPSKSKKSKASKKEEK	(6-21)	K	50.0	0.7752
tr|A0A2H5V7I8|A0A2H5V7I8_9ARCH Uncharacterized protein OS=archaeon HR04 OX=2035440 GN=HRbin04_00019 PE=4 SV=1	LLENLWDLVIPLVALFSLL	(189-207)	L	42.11	0.8065
tr|A0A2H5V7K2|A0A2H5V7K2_9ARCH Glyco_trans_2-like domain-containing protein OS=archaeon HR04 OX=2035440 GN=crtQ PE=4 SV=1	LLPLAVKRLLKDGLDALTL	(154-172)	L	42.11	0.7468
tr|A0A2H5V7K2|A0A2H5V7K2_9ARCH Glyco_trans_2-like domain-containing protein OS=archaeon HR04 OX=2035440 GN=crtQ PE=4 SV=1	LFLYPFLLASYSLQVLSLNLDLGTSL	(304-329)	L	38.46	0.8632
tr|A0A2H5V7Q8|A0A2H5V7Q8_9ARCH Uncharacterized protein OS=archaeon HR04 OX=2035440 GN=HRbin04_00001 PE=4 SV=1	LVELSILSMIVLTLLEIVLL	(7-26)	L	40.0	0.7743
tr|A0A2H5V7S6|A0A2H5V7S6_9ARCH Uncharacterized protein OS=archaeon HR04 OX=2035440 GN=HRbin04_00134 PE=4 SV=1	LLSQFNLFLLLSLITIVIPL	(10-29)	L	40.0	0.5991
tr|A0A2H5V7W4|A0A2H5V7W4_9ARCH DUF87 domain-containing protein OS=archaeon HR04 OX=2035440 GN=HRbin04_00180 PE=4 SV=1	LLKSLLPLSRDEMLSLSL	(342-359)	L	44.44	0.6744
tr|A0A2H5V873|A0A2H5V873_9ARCH 1,4-dihydroxy-2-naphthoate octaprenyltransferase OS=archaeon HR04 OX=2035440 GN=menA PE=4 SV=1	LQILPLYTLATLLALPLALRAYRIL	(234-258)	L	40.0	0.8367
tr|A0A2H5V8D5|A0A2H5V8D5_9ARCH Uncharacterized protein OS=archaeon HR04 OX=2035440 GN=HRbin04_00266 PE=4 SV=1	LFIAVTVMLALILLPLLLRLPSSFKRL	(568-594)	L	37.04	0.6532
tr|A0A2H5V8D7|A0A2H5V8D7_9ARCH Uncharacterized protein OS=archaeon HR04 OX=2035440 GN=HRbin04_00353 PE=4 SV=1	LLDLFLLTFILAILWTL	(204-220)	L	47.06	0.7378
tr|A0A2H5V8G7|A0A2H5V8G7_9ARCH ATP-dependent DNA helicase Hel308 OS=archaeon HR04 OX=2035440 GN=helY PE=3 SV=1	LLYSMHELALLLGKKHLL	(653-670)	L	44.44	0.5426
tr|A0A2H5V8J0|A0A2H5V8J0_9ARCH Uncharacterized protein OS=archaeon HR04 OX=2035440 GN=HRbin04_00398 PE=4 SV=1	LYLNLYMLLYLRKLLKNALVHNLIL	(44-68)	L	44.0	0.8468
tr|A0A2H5V8K0|A0A2H5V8K0_9ARCH Uncharacterized protein OS=archaeon HR04 OX=2035440 GN=HRbin04_00401 PE=4 SV=1	LLLLLMLSLHTSTTVL	(42-57)	L	50.0	0.3719
tr|A0A2H5V8N2|A0A2H5V8N2_9ARCH UPF0056 membrane protein OS=archaeon HR04 OX=2035440 GN=HRbin04_00434 PE=3 SV=1	LLLLLSFELLLKGWEL	(84-99)	L	56.25	0.453
tr|A0A2H5V8Q2|A0A2H5V8Q2_9ARCH Rubrerythrin domain-containing protein OS=archaeon HR04 OX=2035440 GN=HRbin04_00386 PE=4 SV=1	LLLALPYFLVHDILEALLISL	(226-246)	L	42.86	0.7295
tr|A0A2H5V8R2|A0A2H5V8R2_9ARCH CRISPR system Cms protein Csm5 OS=archaeon HR04 OX=2035440 GN=HRbin04_00396 PE=3 SV=1	LSLGEILLLTPRLRRVILL	(209-227)	L	42.11	0.6771
tr|A0A2H5V8V1|A0A2H5V8V1_9ARCH Uncharacterized protein OS=archaeon HR04 OX=2035440 GN=HRbin04_00509 PE=4 SV=1	LALVMLLVILVPFVLFFLL	(160-178)	L	42.11	0.7658
tr|A0A2H5V9K9|A0A2H5V9K9_9ARCH Sodium-dependent dicarboxylate transporter SdcS OS=archaeon HR04 OX=2035440 GN=sdcS PE=4 SV=1	LSWLPIGLPVGSILLLLLWLYLLYVHRL	(211-238)	L	42.86	0.6862
tr|A0A2H5V9N5|A0A2H5V9N5_9ARCH Divalent metal cation transporter MntH OS=archaeon HR04 OX=2035440 GN=mntH PE=4 SV=1	LDVLILLLASEKRGRLELLIGLL	(126-148)	L	43.48	0.6106
tr|A0A2H5V9W8|A0A2H5V9W8_9ARCH Cupredoxin_1 domain-containing protein OS=archaeon HR04 OX=2035440 GN=mauC_3 PE=4 SV=1	LAALGGLLAGLSTVSTLPLLIGTLLL	(71-96)	L	42.31	0.7477
tr|A0A2H5VA43|A0A2H5VA43_9ARCH Peptidase_S8 domain-containing protein OS=archaeon HR04 OX=2035440 GN=aprX PE=4 SV=1	LLLASLSLLLIL	(8-19)	L	66.67	0.787
tr|A0A2H5VA50|A0A2H5VA50_9ARCH L-fuculose phosphate aldolase OS=archaeon HR04 OX=2035440 GN=HRbin04_00967 PE=4 SV=1	LLRELDVCSRGLILKGLLLL	(23-42)	L	45.0	0.5601
tr|A0A2H5VA55|A0A2H5VA55_9ARCH PMT_2 domain-containing protein OS=archaeon HR04 OX=2035440 GN=HRbin04_00962 PE=4 SV=1	LPLPHLLLLAPSLIDPL	(64-80)	L	47.06	0.6088
tr|A0A2H5VA86|A0A2H5VA86_9ARCH Uncharacterized protein OS=archaeon HR04 OX=2035440 GN=HRbin04_00992 PE=4 SV=1	LLLLHPLSSQLSLPSILPL	(27-45)	L	47.37	0.657
tr|A0A2H5VA94|A0A2H5VA94_9ARCH Adenylate kinase OS=archaeon HR04 OX=2035440 GN=adkA PE=3 SV=1	LPLHLLNLLKPTNLIL	(112-127)	L	50.0	0.6911
tr|A0A2H5VAE0|A0A2H5VAE0_9ARCH Uncharacterized protein OS=archaeon HR04 OX=2035440 GN=HRbin04_01062 PE=4 SV=1	LARIERLAKLLLLLPFASTLLILTMVFLLL	(22-51)	L	43.33	0.6457
tr|A0A2H5VAI3|A0A2H5VAI3_9ARCH Uncharacterized protein OS=archaeon HR04 OX=2035440 GN=HRbin04_01112 PE=4 SV=1	LYILPAVIALLLTPLLL	(20-36)	L	47.06	0.5217
tr|A0A2H5VAN8|A0A2H5VAN8_9ARCH DUF2070 domain-containing protein OS=archaeon HR04 OX=2035440 GN=HRbin04_01163 PE=4 SV=1	LLLIPVALGIALLLFRIDYLLL	(43-64)	L	45.45	0.5657
tr|A0A2H5VAR0|A0A2H5VAR0_9ARCH Uncharacterized protein OS=archaeon HR04 OX=2035440 GN=HRbin04_01087 PE=4 SV=1	LFILLWCTYLLLFTLLLLSPKNMLSAILRL	(87-116)	L	43.33	0.7107
tr|A0A2H5VAX8|A0A2H5VAX8_9ARCH Uncharacterized protein OS=archaeon HR04 OX=2035440 GN=HRbin04_01248 PE=4 SV=1	LLSLLSNVMLTLTALLLPSLPFLIL	(11-35)	L	48.0	0.7381
tr|A0A2H5VB00|A0A2H5VB00_9ARCH Uncharacterized protein OS=archaeon HR04 OX=2035440 GN=HRbin04_01246 PE=4 SV=1	LSLSEFFADILLIRLLLSLSSCSSLVTSMLLTPL	(2-35)	L	35.29	0.7483
tr|A0A2H5VB00|A0A2H5VB00_9ARCH Uncharacterized protein OS=archaeon HR04 OX=2035440 GN=HRbin04_01246 PE=4 SV=1	LSLSILSLLSLIICSLLAIVPL	(84-105)	L	40.91	0.77
tr|A0A2H5VB00|A0A2H5VB00_9ARCH Uncharacterized protein OS=archaeon HR04 OX=2035440 GN=HRbin04_01246 PE=4 SV=1	LNSLRDLLLAIILITSLTLVL	(154-174)	L	42.86	0.7932
tr|A0A2H5VB34|A0A2H5VB34_9ARCH 3,4-dihydroxy-2-butanone 4-phosphate synthase OS=archaeon HR04 OX=2035440 GN=ribBA PE=3 SV=1	LGLLYMHDLLNLALDGRL	(79-96)	L	44.44	0.7131
tr|A0A2H5VB68|A0A2H5VB68_9ARCH Uncharacterized protein OS=archaeon HR04 OX=2035440 GN=HRbin04_01319 PE=4 SV=1	LLKRLSHDSELRLREDLLLSL	(67-87)	L	42.86	0.6869
tr|A0A2H5VB76|A0A2H5VB76_9ARCH Uncharacterized protein OS=archaeon HR04 OX=2035440 GN=HRbin04_01329 PE=4 SV=1	LTPHALLTMKEAELLDLLL	(121-139)	L	42.11	0.5329
tr|A0A2H5V8L9|A0A2H5V8L9_9ARCH Uncharacterized protein OS=archaeon HR04 OX=2035440 GN=HRbin04_00422 PE=4 SV=1	MMMGRASMMMDPTMMFGMPMMMQMMMQMQMMGMGQGMGM	(77-115)	M	53.85	0.7944
tr|A0A2H5V8V2|A0A2H5V8V2_9ARCH Uncharacterized protein OS=archaeon HR04 OX=2035440 GN=HRbin04_00514 PE=4 SV=1	MRSWIPIMLFMGIMDMMMWMTMLNMMNLAAQDYM	(110-143)	M	35.29	0.7536
tr|A0A2H5V8P1|A0A2H5V8P1_9ARCH TP_methylase domain-containing protein OS=archaeon HR04 OX=2035440 GN=sumT PE=3 SV=1	NYDSNSSNNSRSSNNDGNGN	(10-29)	N	40.0	0.7743
tr|A0A2H5V927|A0A2H5V927_9ARCH Uncharacterized protein OS=archaeon HR04 OX=2035440 GN=HRbin04_00553 PE=4 SV=1	NSIDNNNNNRIDEDNYNKSDGN	(797-818)	N	40.91	0.6007
tr|A0A2H5V971|A0A2H5V971_9ARCH Histidine kinase OS=archaeon HR04 OX=2035440 GN=cheA PE=4 SV=1	NNSSDDGNGSANNNNKNEVTNDN	(134-156)	N	43.48	0.6623
tr|A0A2H5V9Q9|A0A2H5V9Q9_9ARCH MTTase N-terminal domain-containing protein OS=archaeon HR04 OX=2035440 GN=miaB_2 PE=4 SV=1	NNYDDYSNGHNSFNNDVNN	(409-427)	N	42.11	0.6771
tr|A0A2H5V9Y7|A0A2H5V9Y7_9ARCH Uncharacterized protein OS=archaeon HR04 OX=2035440 GN=HRbin04_00908 PE=4 SV=1	NINTKDENNNNNN	(94-106)	N	61.54	0.3431
tr|A0A2H5VA43|A0A2H5VA43_9ARCH Peptidase_S8 domain-containing protein OS=archaeon HR04 OX=2035440 GN=aprX PE=4 SV=1	NNSNSSNSNGNGNGYASNNNNN	(1299-1320)	N	54.55	0.6775
tr|A0A2H5VA48|A0A2H5VA48_9ARCH Uncharacterized protein OS=archaeon HR04 OX=2035440 GN=HRbin04_00950 PE=4 SV=1	NGNGHANGNGKNNNN	(303-317)	N	53.33	0.6147
tr|A0A2H5VA90|A0A2H5VA90_9ARCH AAA domain-containing protein OS=archaeon HR04 OX=2035440 GN=HRbin04_01000 PE=4 SV=1	NSEHNNSNNNNNNSSSSSNSSSN	(16-38)	N	47.83	0.5261
tr|A0A2H5VAN8|A0A2H5VAN8_9ARCH DUF2070 domain-containing protein OS=archaeon HR04 OX=2035440 GN=HRbin04_01163 PE=4 SV=1	NSNSNSSNSNSSNNSSSSNHN	(447-467)	N	42.86	0.8291
tr|A0A2H5VAS8|A0A2H5VAS8_9ARCH Uncharacterized protein OS=archaeon HR04 OX=2035440 GN=HRbin04_01176 PE=4 SV=1	NNNTTTTTTTNNNSSNSIDN	(321-340)	N	40.0	0.5272
tr|A0A2H5VAX5|A0A2H5VAX5_9ARCH CN hydrolase domain-containing protein OS=archaeon HR04 OX=2035440 GN=amiF PE=4 SV=1	NSNSNNNSNSSNSNSN	(101-116)	N	56.25	0.8658
tr|A0A2H5VB20|A0A2H5VB20_9ARCH Acetoin utilization protein AcuC OS=archaeon HR04 OX=2035440 GN=acuC PE=4 SV=1	NSNNSSSSGNINANSDININ	(49-68)	N	40.0	0.7574
tr|A0A2H5VB20|A0A2H5VB20_9ARCH Acetoin utilization protein AcuC OS=archaeon HR04 OX=2035440 GN=acuC PE=4 SV=1	NSSSSNNNTPPSNNNSISNYYN	(74-95)	N	40.91	0.6787
tr|A0A2H5VB76|A0A2H5VB76_9ARCH Uncharacterized protein OS=archaeon HR04 OX=2035440 GN=HRbin04_01329 PE=4 SV=1	NIDISIHNINSISNNSNSNNNSNSNDSSNGSSN	(6-38)	N	39.39	0.8006
tr|A0A2H5VB76|A0A2H5VB76_9ARCH Uncharacterized protein OS=archaeon HR04 OX=2035440 GN=HRbin04_01329 PE=4 SV=1	NNNNNNYNHNSNTIYEYN	(249-266)	N	55.56	0.4859
tr|A0A2H5VB88|A0A2H5VB88_9ARCH ATP_bind_3 domain-containing protein OS=archaeon HR04 OX=2035440 GN=ttcA PE=4 SV=1	NSNGSSRNDNDSHSNNSNSNN	(332-352)	N	42.86	0.7446
tr|A0A2H5V8D4|A0A2H5V8D4_9ARCH ATPase_AAA_core domain-containing protein OS=archaeon HR04 OX=2035440 GN=HRbin04_00350 PE=4 SV=1	PIPFTTPFPMYVPPPYITIP	(182-201)	P	40.0	0.741
tr|A0A2H5V8D9|A0A2H5V8D9_9ARCH DUF4332 domain-containing protein OS=archaeon HR04 OX=2035440 GN=HRbin04_00322 PE=4 SV=1	PIPLPYRAAQPQPQPKPRP	(130-148)	P	42.11	0.7857
tr|A0A2H5V8E9|A0A2H5V8E9_9ARCH Uncharacterized protein OS=archaeon HR04 OX=2035440 GN=HRbin04_00276 PE=4 SV=1	PSNVLVVVPPPPSPSLPHHPHP	(521-542)	P	40.91	0.6007
tr|A0A2H5V9R7|A0A2H5V9R7_9ARCH Uncharacterized protein OS=archaeon HR04 OX=2035440 GN=HRbin04_00833 PE=4 SV=1	PGDPSEVPPEGPTPPSPPPEPEDELCDRPGPPPIDP	(29-64)	P	44.44	0.7438
tr|A0A2H5VAX8|A0A2H5VAX8_9ARCH Uncharacterized protein OS=archaeon HR04 OX=2035440 GN=HRbin04_01248 PE=4 SV=1	PSPPSFSLPSPPFSPSPSSSP	(40-60)	P	42.86	0.7764
tr|A0A2H5V889|A0A2H5V889_9ARCH Uncharacterized protein OS=archaeon HR04 OX=2035440 GN=HRbin04_00288 PE=4 SV=1	QQQQQQKQQGQQQQ	(230-243)	Q	85.71	0.8875
tr|A0A2H5V8L9|A0A2H5V8L9_9ARCH Uncharacterized protein OS=archaeon HR04 OX=2035440 GN=HRbin04_00422 PE=4 SV=1	QGMGMGQAAIAQIQQMQQQ	(111-129)	Q	42.11	0.6153
tr|A0A2H5V979|A0A2H5V979_9ARCH Uncharacterized protein OS=archaeon HR04 OX=2035440 GN=HRbin04_00643 PE=4 SV=1	QEQTEETKQSEQKQQNIQQ	(240-258)	Q	42.11	0.7108
tr|A0A2H5V9N8|A0A2H5V9N8_9ARCH Ferredoxin-2 OS=archaeon HR04 OX=2035440 GN=HRbin04_00805 PE=4 SV=1	QQTVQQVAAAAQQVQQQQTAAQVQ	(183-206)	Q	50.0	0.6281
tr|A0A2H5V9V9|A0A2H5V9V9_9ARCH Coenzyme A biosynthesis bifunctional protein CoaBC OS=archaeon HR04 OX=2035440 GN=coaBC PE=4 SV=1	QSQSQSPLPSSQQQQQ	(393-408)	Q	50.0	0.3719
tr|A0A2H5VAH1|A0A2H5VAH1_9ARCH Probable cobalamin biosynthesis protein CobD OS=archaeon HR04 OX=2035440 GN=cobD_2 PE=3 SV=1	QVLLQQVLVLIEQQIQQQQQ	(5-24)	Q	50.0	0.4632
tr|A0A2H5VB83|A0A2H5VB83_9ARCH Peptidylprolyl isomerase OS=archaeon HR04 OX=2035440 GN=fkpB PE=4 SV=1	QEGQDVQPQPQPQPQQQAHVQAESKVQ	(300-326)	Q	40.74	0.8071
tr|A0A2H5V7T4|A0A2H5V7T4_9ARCH Uncharacterized protein OS=archaeon HR04 OX=2035440 GN=HRbin04_00147 PE=4 SV=1	RNRRKVEERRREKEKRRR	(15-32)	R	50.0	0.5372
tr|A0A2H5V8C3|A0A2H5V8C3_9ARCH Guanylate cyclase domain-containing protein OS=archaeon HR04 OX=2035440 GN=HRbin04_00246 PE=4 SV=1	RVEGRRRGRGGEEGRRR	(7-23)	R	47.06	0.5057
tr|A0A2H5V8F7|A0A2H5V8F7_9ARCH Putative DNA double-strand break repair Rad50 ATPase OS=archaeon HR04 OX=2035440 GN=HRbin04_00365 PE=4 SV=1	RDDLERLRREVRDREVLVRR	(536-555)	R	40.0	0.741
tr|A0A2H5V9E8|A0A2H5V9E8_9ARCH Uncharacterized protein OS=archaeon HR04 OX=2035440 GN=HRbin04_00712 PE=3 SV=1	RVRVSKGGMRRKRARAGRR	(64-82)	R	42.11	0.6454
tr|A0A2H5V9N1|A0A2H5V9N1_9ARCH Uncharacterized protein OS=archaeon HR04 OX=2035440 GN=HRbin04_00765 PE=4 SV=1	RRGRKGRRGGRGRRRGRR	(155-172)	R	61.11	0.8516
tr|A0A2H5VAA2|A0A2H5VAA2_9ARCH Uncharacterized protein OS=archaeon HR04 OX=2035440 GN=HRbin04_01021 PE=4 SV=1	RGRSEGRGKGRGRRKGRR	(258-275)	R	44.44	0.7551
tr|A0A2H5VAE9|A0A2H5VAE9_9ARCH Omega-protein OS=archaeon HR04 OX=2035440 GN=topB PE=3 SV=1	RNVRRDGRYYRMRFNSTDRR	(107-126)	R	40.0	0.741
tr|A0A2H5VAI9|A0A2H5VAI9_9ARCH ATP-dependent RNA helicase RhlE OS=archaeon HR04 OX=2035440 GN=rhlE PE=4 SV=1	RRRRRKGNGRGCSARDVER	(420-438)	R	42.11	0.5459
tr|A0A2H5VAM1|A0A2H5VAM1_9ARCH Phos_pyr_kin domain-containing protein OS=archaeon HR04 OX=2035440 GN=pdxK PE=4 SV=1	REGGRLRRKMMMRRKKRRKR	(181-200)	R	45.0	0.7139
tr|A0A2H5VAN5|A0A2H5VAN5_9ARCH Uncharacterized protein OS=archaeon HR04 OX=2035440 GN=HRbin04_01162 PE=4 SV=1	RNVRVRARLGRGSRRGSR	(106-123)	R	44.44	0.8545
tr|A0A2H5VAS8|A0A2H5VAS8_9ARCH Uncharacterized protein OS=archaeon HR04 OX=2035440 GN=HRbin04_01176 PE=4 SV=1	RKRSFRVQSRGRGRGRGRERVVRKR	(218-242)	R	44.0	0.9305
tr|A0A2H5VAT6|A0A2H5VAT6_9ARCH TFIIB-type domain-containing protein OS=archaeon HR04 OX=2035440 GN=HRbin04_01212 PE=4 SV=1	RRWHNRLRACSSRDRRLR	(101-118)	R	44.44	0.7131
tr|A0A2H5VB43|A0A2H5VB43_9ARCH Uncharacterized protein OS=archaeon HR04 OX=2035440 GN=HRbin04_01323 PE=4 SV=1	REKRRIREVWEREKRRVNWR	(319-338)	R	40.0	0.7743
tr|A0A2H5VB95|A0A2H5VB95_9ARCH NH(3)-dependent NAD(+) synthetase OS=archaeon HR04 OX=2035440 GN=nadE PE=3 SV=1	RVRRVLRLVRSSRHKRAPPR	(116-135)	R	40.0	0.8702
tr|A0A2H5V7E3|A0A2H5V7E3_9ARCH Uncharacterized protein OS=archaeon HR04 OX=2035440 GN=HRbin04_00004 PE=4 SV=1	SSVKYSVRNGSSSRRSSSNNISSRS	(82-106)	S	48.0	0.6641
tr|A0A2H5V7E7|A0A2H5V7E7_9ARCH Pribosyltran_N domain-containing protein OS=archaeon HR04 OX=2035440 GN=prs PE=4 SV=1	SILSTSSASSKVGMECSSSSNSSNSESRGRGSRGSIS	(308-344)	S	45.95	0.7542
tr|A0A2H5V7F0|A0A2H5V7F0_9ARCH CCA-adding enzyme OS=archaeon HR04 OX=2035440 GN=cca PE=3 SV=1	SSNRCSSSSSSSDGSSNNSRS	(228-248)	S	61.9	0.6109
tr|A0A2H5V7F9|A0A2H5V7F9_9ARCH Uncharacterized protein OS=archaeon HR04 OX=2035440 GN=HRbin04_00027 PE=4 SV=1	SSAATLGNSSSNSSSSSIS	(347-365)	S	57.89	0.4951
tr|A0A2H5V7N1|A0A2H5V7N1_9ARCH Uncharacterized protein OS=archaeon HR04 OX=2035440 GN=HRbin04_00098 PE=4 SV=1	SNEENSGSSNSNNISSSKGSS	(273-293)	S	47.62	0.6663
tr|A0A2H5V7Q7|A0A2H5V7Q7_9ARCH D-glycerate 2-kinase OS=archaeon HR04 OX=2035440 GN=HRbin04_00091 PE=4 SV=1	SSSSSNSSSNS	(104-114)	S	81.82	0.8065
tr|A0A2H5V7S1|A0A2H5V7S1_9ARCH Uncharacterized protein OS=archaeon HR04 OX=2035440 GN=HRbin04_00125 PE=4 SV=1	SSSKDGDNASDNSSSSSNSS	(90-109)	S	55.0	0.4908
tr|A0A2H5V7S7|A0A2H5V7S7_9ARCH OMPdecase domain-containing protein OS=archaeon HR04 OX=2035440 GN=pyrF PE=4 SV=1	SPSSSSSSPSPS	(208-219)	S	75.0	0.631
tr|A0A2H5V825|A0A2H5V825_9ARCH Uncharacterized protein OS=archaeon HR04 OX=2035440 GN=HRbin04_00240 PE=4 SV=1	SSTTSIASYSLHNLPISSS	(7-25)	S	42.11	0.6008
tr|A0A2H5V834|A0A2H5V834_9ARCH DNA helicase OS=archaeon HR04 OX=2035440 GN=HRbin04_00225 PE=3 SV=1	SSISSSGSGSSMGSTDVKFES	(364-384)	S	47.62	0.5901
tr|A0A2H5V856|A0A2H5V856_9ARCH Metalloenzyme domain-containing protein OS=archaeon HR04 OX=2035440 GN=HRbin04_00272 PE=3 SV=1	SKVFSIMSSSSPPPSS	(454-469)	S	50.0	0.5582
tr|A0A2H5V893|A0A2H5V893_9ARCH ABC transporter domain-containing protein OS=archaeon HR04 OX=2035440 GN=ssuB PE=4 SV=1	SSNIATSSSSSNSNSS	(231-246)	S	62.5	0.5929
tr|A0A2H5V8B6|A0A2H5V8B6_9ARCH Uncharacterized protein OS=archaeon HR04 OX=2035440 GN=HRbin04_00323 PE=4 SV=1	SLIPRSSSTLASSGAGSS	(87-104)	S	44.44	0.6048
tr|A0A2H5V8C1|A0A2H5V8C1_9ARCH Uncharacterized protein OS=archaeon HR04 OX=2035440 GN=HRbin04_00327 PE=4 SV=1	SIAMTKSSRSSSRSS	(58-72)	S	53.33	0.5026
tr|A0A2H5V8H2|A0A2H5V8H2_9ARCH High-affinity zinc uptake system binding-protein ZnuA OS=archaeon HR04 OX=2035440 GN=znuA PE=4 SV=1	SSTSSTSSDVTIPTSENVS	(39-57)	S	42.11	0.6008
tr|A0A2H5V8H7|A0A2H5V8H7_9ARCH ABC transporter domain-containing protein OS=archaeon HR04 OX=2035440 GN=znuC_2 PE=4 SV=1	STAGHVDSSISSSSSRSSSSNNSSRS	(267-292)	S	57.69	0.633
tr|A0A2H5V8J6|A0A2H5V8J6_9ARCH Thiazole biosynthetic enzyme OS=archaeon HR04 OX=2035440 GN=HRbin04_00410 PE=4 SV=1	SSDSSSYDGSADSHNHNNNSS	(231-251)	S	42.86	0.6107
tr|A0A2H5V8K1|A0A2H5V8K1_9ARCH GFO_IDH_MocA domain-containing protein OS=archaeon HR04 OX=2035440 GN=idhA PE=4 SV=1	SSSGSGSSSNSSGGSSS	(279-295)	S	70.59	0.866
tr|A0A2H5V8K7|A0A2H5V8K7_9ARCH MFS domain-containing protein OS=archaeon HR04 OX=2035440 GN=HRbin04_00407 PE=4 SV=1	SSSSNNDRDKSSNSSSSSNSSSNSNSNSKSNSNSGSGSLGGVRSIS	(166-211)	S	52.17	0.7455
tr|A0A2H5V8P1|A0A2H5V8P1_9ARCH TP_methylase domain-containing protein OS=archaeon HR04 OX=2035440 GN=sumT PE=3 SV=1	SNGKSDGNYDSNSSNNSRSS	(3-22)	S	40.0	0.7251
tr|A0A2H5V8P7|A0A2H5V8P7_9ARCH Cysteine desulfurase SufS OS=archaeon HR04 OX=2035440 GN=sufS_1 PE=3 SV=1	SSSSSNNSSSSSRSNSSSSSSSNSTNYDVASDASDAS	(157-193)	S	59.46	0.6752
tr|A0A2H5V8T9|A0A2H5V8T9_9ARCH Uncharacterized protein OS=archaeon HR04 OX=2035440 GN=HRbin04_00496 PE=4 SV=1	SMPLSIPISSGSSSLSSKIQSNPPNPKS	(400-427)	S	39.29	0.7342
tr|A0A2H5V8V1|A0A2H5V8V1_9ARCH Uncharacterized protein OS=archaeon HR04 OX=2035440 GN=HRbin04_00509 PE=4 SV=1	SSSNSSSSDS	(61-70)	S	80.0	0.8735
tr|A0A2H5V8W0|A0A2H5V8W0_9ARCH Uncharacterized protein OS=archaeon HR04 OX=2035440 GN=HRbin04_00521 PE=4 SV=1	SCNSNNNICSSSNVSSSSSNSAS	(49-71)	S	52.17	0.5902
tr|A0A2H5V8Y8|A0A2H5V8Y8_9ARCH Methyl-accepting chemotaxis protein 4 OS=archaeon HR04 OX=2035440 GN=mcp4_1 PE=4 SV=1	SSSLESMMNVSNESSS	(451-466)	S	50.0	0.5582
tr|A0A2H5V911|A0A2H5V911_9ARCH Uncharacterized protein OS=archaeon HR04 OX=2035440 GN=HRbin04_00572 PE=4 SV=1	SHSSNQGSDKGSSSS	(2-16)	S	53.33	0.5449
tr|A0A2H5V919|A0A2H5V919_9ARCH Serine hydroxymethyltransferase OS=archaeon HR04 OX=2035440 GN=HRbin04_00581 PE=3 SV=1	SDSSNSSNSSDGNNSSSS	(4-21)	S	61.11	0.7038
tr|A0A2H5V946|A0A2H5V946_9ARCH AIRS_C domain-containing protein OS=archaeon HR04 OX=2035440 GN=purL PE=4 SV=1	SSISISMDSMLDSYSS	(197-212)	S	50.0	0.7452
tr|A0A2H5V958|A0A2H5V958_9ARCH VWFA domain-containing protein OS=archaeon HR04 OX=2035440 GN=HRbin04_00624 PE=4 SV=1	SKGSSSSNSSSNSSSSSSNS	(15-34)	S	75.0	0.7913
tr|A0A2H5V977|A0A2H5V977_9ARCH M20_dimer domain-containing protein OS=archaeon HR04 OX=2035440 GN=argE PE=4 SV=1	SSSSSNNDSSSMIS	(235-248)	S	64.29	0.5368
tr|A0A2H5V993|A0A2H5V993_9ARCH Diaminopimelate decarboxylase OS=archaeon HR04 OX=2035440 GN=lysA PE=4 SV=1	SKDDNNNSNGSSSSNSSSSSSNSDYSKYDARS	(355-386)	S	46.88	0.6044
tr|A0A2H5V9F9|A0A2H5V9F9_9ARCH ATP-dependent RNA helicase DbpA OS=archaeon HR04 OX=2035440 GN=dbpA PE=4 SV=1	STDSTDIGSSSNNNNSSSSS	(4-23)	S	50.0	0.5066
tr|A0A2H5V9F9|A0A2H5V9F9_9ARCH ATP-dependent RNA helicase DbpA OS=archaeon HR04 OX=2035440 GN=dbpA PE=4 SV=1	SYGRIASLLADASSSSNSSS	(173-192)	S	45.0	0.5019
tr|A0A2H5V9F9|A0A2H5V9F9_9ARCH ATP-dependent RNA helicase DbpA OS=archaeon HR04 OX=2035440 GN=dbpA PE=4 SV=1	SSDEGYYSISSSSNNS	(390-405)	S	50.0	0.4843
tr|A0A2H5V9I7|A0A2H5V9I7_9ARCH Tubulin domain-containing protein OS=archaeon HR04 OX=2035440 GN=ftsZ PE=4 SV=1	SSIGSSSISSSS	(342-353)	S	75.0	0.7768
tr|A0A2H5V9S8|A0A2H5V9S8_9ARCH Chaperone protein DnaK OS=archaeon HR04 OX=2035440 GN=dnaK PE=3 SV=1	SAQVYSRVGSSAGSSSSSS	(554-572)	S	52.63	0.477
tr|A0A2H5V9T3|A0A2H5V9T3_9ARCH DNA-directed RNA polymerase OS=archaeon HR04 OX=2035440 GN=HRbin04_00860 PE=4 SV=1	SMKEEVSSIVSSSSNNNNSNSSSRGNGNGS	(83-112)	S	40.0	0.6679
tr|A0A2H5V9V9|A0A2H5V9V9_9ARCH Coenzyme A biosynthesis bifunctional protein CoaBC OS=archaeon HR04 OX=2035440 GN=coaBC PE=4 SV=1	SLPSSPQSQSQSPLPSS	(387-403)	S	47.06	0.7378
tr|A0A2H5V9X7|A0A2H5V9X7_9ARCH Threonine--tRNA ligase OS=archaeon HR04 OX=2035440 GN=thrS PE=3 SV=1	SGESSMGVEANSNSSSNSSNNVSS	(556-579)	S	45.83	0.6363
tr|A0A2H5VA00|A0A2H5VA00_9ARCH Uncharacterized protein OS=archaeon HR04 OX=2035440 GN=HRbin04_00912 PE=4 SV=1	SDSSSSTSSKGGRVDSMLMSILS	(56-78)	S	43.48	0.6307
tr|A0A2H5VA36|A0A2H5VA36_9ARCH 50S ribosomal protein L18e OS=archaeon HR04 OX=2035440 GN=rplO_1 PE=3 SV=1	SKIARYSSSSKSSRSSNTNTSS	(47-68)	S	50.0	0.5683
tr|A0A2H5VA43|A0A2H5VA43_9ARCH Peptidase_S8 domain-containing protein OS=archaeon HR04 OX=2035440 GN=aprX PE=4 SV=1	SDGSSSSSSYSSNSNSNSNGEGSSNSSDKAKS	(1019-1050)	S	53.12	0.6993
tr|A0A2H5VA43|A0A2H5VA43_9ARCH Peptidase_S8 domain-containing protein OS=archaeon HR04 OX=2035440 GN=aprX PE=4 SV=1	SNDGIISSSNNSNSSNSNGNGNGYAS	(1290-1315)	S	34.62	0.6311
tr|A0A2H5VA89|A0A2H5VA89_9ARCH Tryptophan synthase alpha chain OS=archaeon HR04 OX=2035440 GN=trpA PE=3 SV=1	SSNSNSSSNSSNSSRGGSNSSSSS	(2-25)	S	66.67	0.8244
tr|A0A2H5VA90|A0A2H5VA90_9ARCH AAA domain-containing protein OS=archaeon HR04 OX=2035440 GN=HRbin04_01000 PE=4 SV=1	STNSEHNNSNNNNNNSSSSSNS	(14-35)	S	40.91	0.57
tr|A0A2H5VA90|A0A2H5VA90_9ARCH AAA domain-containing protein OS=archaeon HR04 OX=2035440 GN=HRbin04_01000 PE=4 SV=1	SSSRGSSSSGGSEGS	(453-467)	S	60.0	0.6564
tr|A0A2H5VAA6|A0A2H5VAA6_9ARCH Uncharacterized protein OS=archaeon HR04 OX=2035440 GN=HRbin04_01032 PE=4 SV=1	SLSYSQADGSNSDSISNGS	(94-112)	S	42.11	0.8515
tr|A0A2H5VAA9|A0A2H5VAA9_9ARCH Endonuclease V OS=archaeon HR04 OX=2035440 GN=nfi PE=4 SV=1	SKPISSSSSSSSPSSSPS	(174-191)	S	72.22	0.5463
tr|A0A2H5VAB4|A0A2H5VAB4_9ARCH Acetyl-coenzyme A synthetase OS=archaeon HR04 OX=2035440 GN=acsA_1 PE=4 SV=1	SSSSSKSNSSVSDAS	(215-229)	S	66.67	0.738
tr|A0A2H5VAK7|A0A2H5VAK7_9ARCH zinc_ribbon_2 domain-containing protein OS=archaeon HR04 OX=2035440 GN=HRbin04_01128 PE=4 SV=1	SEAVSKEGDGSSSNSSSSS	(154-172)	S	52.63	0.477
tr|A0A2H5VAN8|A0A2H5VAN8_9ARCH DUF2070 domain-containing protein OS=archaeon HR04 OX=2035440 GN=HRbin04_01163 PE=4 SV=1	SNSNSSNSNSSNNSSSS	(448-464)	S	64.71	0.8497
tr|A0A2H5VAQ0|A0A2H5VAQ0_9ARCH Uncharacterized protein OS=archaeon HR04 OX=2035440 GN=HRbin04_01076 PE=4 SV=1	SSLYTVWMSKEYASNSSNSSDGGDDDSSS	(261-289)	S	37.93	0.6685
tr|A0A2H5VAQ0|A0A2H5VAQ0_9ARCH Uncharacterized protein OS=archaeon HR04 OX=2035440 GN=HRbin04_01076 PE=4 SV=1	SESKSKSESESENHSSNSIVYIGS	(395-418)	S	41.67	0.8064
tr|A0A2H5VAQ7|A0A2H5VAQ7_9ARCH Amidohydro-rel domain-containing protein OS=archaeon HR04 OX=2035440 GN=lhyD PE=4 SV=1	SGSCGGSSIGSSSNDGDGS	(319-337)	S	42.11	0.6454
tr|A0A2H5VAR0|A0A2H5VAR0_9ARCH Uncharacterized protein OS=archaeon HR04 OX=2035440 GN=HRbin04_01087 PE=4 SV=1	SSSSNSNSINNSSS	(123-136)	S	64.29	0.668
tr|A0A2H5VAS8|A0A2H5VAS8_9ARCH Uncharacterized protein OS=archaeon HR04 OX=2035440 GN=HRbin04_01176 PE=4 SV=1	SYGYVSSSSNNSSNS	(104-118)	S	53.33	0.5234
tr|A0A2H5VAT2|A0A2H5VAT2_9ARCH SpoVT-AbrB domain-containing protein OS=archaeon HR04 OX=2035440 GN=HRbin04_01203 PE=4 SV=1	SSSSSSDLGSFAS	(23-35)	S	61.54	0.3913
tr|A0A2H5VAW3|A0A2H5VAW3_9ARCH Uncharacterized protein OS=archaeon HR04 OX=2035440 GN=HRbin04_01234 PE=4 SV=1	SSSSSSSSSKSINSSKNRSSSS	(41-62)	S	72.73	0.5771
tr|A0A2H5VAX5|A0A2H5VAX5_9ARCH CN hydrolase domain-containing protein OS=archaeon HR04 OX=2035440 GN=amiF PE=4 SV=1	SSSDGSNSNSNNNSNSSNSNSNTARS	(95-120)	S	46.15	0.7786
tr|A0A2H5VAX8|A0A2H5VAX8_9ARCH Uncharacterized protein OS=archaeon HR04 OX=2035440 GN=HRbin04_01248 PE=4 SV=1	SSPSPPSFSLPSPPFSPSPSSSPFTILSSS	(38-67)	S	46.67	0.742
tr|A0A2H5VB00|A0A2H5VB00_9ARCH Uncharacterized protein OS=archaeon HR04 OX=2035440 GN=HRbin04_01246 PE=4 SV=1	SLSSCSSLVTSMLLTPLASS	(19-38)	S	40.0	0.5743
tr|A0A2H5VB00|A0A2H5VB00_9ARCH Uncharacterized protein OS=archaeon HR04 OX=2035440 GN=HRbin04_01246 PE=4 SV=1	SDMSVLICSCITSISSLSLSILSLLSLIICS	(68-98)	S	35.48	0.8838
tr|A0A2H5VB02|A0A2H5VB02_9ARCH 3-phosphoshikimate 1-carboxyvinyltransferase OS=archaeon HR04 OX=2035440 GN=aroA PE=3 SV=1	SSSSYSSSSSSSITSSRSSTRSKSSSSSTRNSIGNASEGS	(79-118)	S	60.0	0.7435
tr|A0A2H5VB20|A0A2H5VB20_9ARCH Acetoin utilization protein AcuC OS=archaeon HR04 OX=2035440 GN=acuC PE=4 SV=1	SRFTSTMLSNSNNSSSSGNINANSDININTSRSSNSSSSNNNTPPSNNNSIS	(40-91)	S	36.54	0.799
tr|A0A2H5VB38|A0A2H5VB38_9ARCH Phosphoglycolate phosphatase OS=archaeon HR04 OX=2035440 GN=ycsE PE=3 SV=1	SSSSNSNSNSNS	(254-265)	S	66.67	0.8338
tr|A0A2H5VB61|A0A2H5VB61_9ARCH Uncharacterized protein OS=archaeon HR04 OX=2035440 GN=HRbin04_01336 PE=4 SV=1	SSSSAGSSSRSNDESSIKS	(15-33)	S	57.89	0.6937
tr|A0A2H5VB76|A0A2H5VB76_9ARCH Uncharacterized protein OS=archaeon HR04 OX=2035440 GN=HRbin04_01329 PE=4 SV=1	SISNNSNSNNNSNSNDSSNGSSNGSGGSSWCSNTTTS	(16-52)	S	40.54	0.8908
tr|A0A2H5VB80|A0A2H5VB80_9ARCH Uncharacterized protein OS=archaeon HR04 OX=2035440 GN=HRbin04_01357 PE=4 SV=1	STILPISSSLAFSFSPSSISACALTSLS	(89-116)	S	39.29	0.7505
tr|A0A2H5VB88|A0A2H5VB88_9ARCH ATP_bind_3 domain-containing protein OS=archaeon HR04 OX=2035440 GN=ttcA PE=4 SV=1	SSINSNSSNSSGSSNSNGSSRNDNDSHSNNSNS	(318-350)	S	48.48	0.7755
tr|A0A2H5V7I4|A0A2H5V7I4_9ARCH Uncharacterized protein OS=archaeon HR04 OX=2035440 GN=HRbin04_00010 PE=4 SV=1	TQNIYGTTTPTSTCTPFTKNGSVT	(177-200)	T	37.5	0.7301
tr|A0A2H5V9E1|A0A2H5V9E1_9ARCH Uncharacterized protein OS=archaeon HR04 OX=2035440 GN=HRbin04_00700 PE=4 SV=1	TSTSTPPHTTPTPTVSTSSTST	(55-76)	T	45.45	0.8645
tr|A0A2H5V802|A0A2H5V802_9ARCH Uncharacterized protein OS=archaeon HR04 OX=2035440 GN=HRbin04_00217 PE=4 SV=1	VVGAVLIAVGVAVGVFFGNVV	(7-27)	V	42.86	0.7764
tr|A0A2H5V813|A0A2H5V813_9ARCH Uncharacterized protein OS=archaeon HR04 OX=2035440 GN=HRbin04_00223 PE=4 SV=1	VLVRVIALAVVVVGLLVVVCSTAV	(9-32)	V	45.83	0.646
tr|A0A2H5V887|A0A2H5V887_9ARCH Uncharacterized protein OS=archaeon HR04 OX=2035440 GN=HRbin04_00285 PE=4 SV=1	VVVVITTVVVVLV	(10-22)	V	69.23	0.5906
tr|A0A2H5V994|A0A2H5V994_9ARCH Uncharacterized protein OS=archaeon HR04 OX=2035440 GN=HRbin04_00661 PE=4 SV=1	VLIATTEAVVVIVVVAVVVIVVVLVVIVVVVVILPVLLIIAIVV	(13-56)	V	52.27	0.6724
tr|A0A2H5V997|A0A2H5V997_9ARCH Phosphate transport system permease protein PstA OS=archaeon HR04 OX=2035440 GN=pstA1 PE=3 SV=1	VCVSVMVLTVLLVNVVLNGV	(68-87)	V	45.0	0.848
tr|A0A2H5V9S6|A0A2H5V9S6_9ARCH tRNA (cytidine(56)-2'-O)-methyltransferase OS=archaeon HR04 OX=2035440 GN=HRbin04_00818 PE=3 SV=1	VMVVVGAEKVPKVVYEV	(112-128)	V	47.06	0.628
tr|A0A2H5VA43|A0A2H5VA43_9ARCH Peptidase_S8 domain-containing protein OS=archaeon HR04 OX=2035440 GN=aprX PE=4 SV=1	VSSTAVVVDGVGRVRGGMVV	(1544-1563)	V	40.0	0.6946
tr|A0A2H5VB82|A0A2H5VB82_9ARCH Uncharacterized protein OS=archaeon HR04 OX=2035440 GN=HRbin04_01356 PE=4 SV=1	VMAVVAVVVIVAVIVAVVAAVVVIIMVVVVGILV	(2-35)	V	55.88	0.8087
tr|A0A2H5V9M7|A0A2H5V9M7_9ARCH Uncharacterized protein OS=archaeon HR04 OX=2035440 GN=HRbin04_00708 PE=4 SV=1	YMSEIAYIYYYYASPYIY	(26-43)	Y	44.44	0.5729
