Protein ID	Domain Sequence	Domain Boundaries	LCD Class	Final Domain Composition	Final Domain Linear Dispersion
tr|H9ZZ74|H9ZZ74_FERFK PHB domain-containing protein OS=Fervidicoccus fontis (strain DSM 19380 / JCM 18336 / VKM B-2539 / Kam940) OX=1163730 GN=FFONT_0035 PE=3 SV=1	ARVTLAQAEYEAAAKMIEAA	(192-211)	A	40.0	0.68
tr|H9ZZ86|H9ZZ86_FERFK Uncharacterized protein OS=Fervidicoccus fontis (strain DSM 19380 / JCM 18336 / VKM B-2539 / Kam940) OX=1163730 GN=FFONT_0048 PE=4 SV=1	AKAAAAMILASSDSIARIA	(132-150)	A	42.11	0.6153
tr|H9ZZS1|H9ZZS1_FERFK Uncharacterized protein OS=Fervidicoccus fontis (strain DSM 19380 / JCM 18336 / VKM B-2539 / Kam940) OX=1163730 GN=FFONT_0237 PE=4 SV=1	AAAIFNVVAALYAATA	(45-60)	A	50.0	0.5202
tr|I0A010|I0A010_FERFK 2-oxoacid oxidoreductase (ferredoxin) OS=Fervidicoccus fontis (strain DSM 19380 / JCM 18336 / VKM B-2539 / Kam940) OX=1163730 GN=FFONT_0327 PE=4 SV=1	ALAATFGAALGGARAFTA	(66-83)	A	44.44	0.7551
tr|I0A0A8|I0A0A8_FERFK Indolepyruvate oxidoreductase subunit IorA OS=Fervidicoccus fontis (strain DSM 19380 / JCM 18336 / VKM B-2539 / Kam940) OX=1163730 GN=FFONT_0425 PE=4 SV=1	AAEVAGGAAAAGLKA	(72-86)	A	53.33	0.5673
tr|I0A0E8|I0A0E8_FERFK 30S ribosomal protein S11 OS=Fervidicoccus fontis (strain DSM 19380 / JCM 18336 / VKM B-2539 / Kam940) OX=1163730 GN=rps11 PE=3 SV=1	AAMISAARAAQQAMERGITA	(27-46)	A	40.0	0.6382
tr|I0A0F7|I0A0F7_FERFK Uncharacterized protein OS=Fervidicoccus fontis (strain DSM 19380 / JCM 18336 / VKM B-2539 / Kam940) OX=1163730 GN=FFONT_0474 PE=4 SV=1	AVTAAQNAATSASSAATQAQNAATAASNAANQINA	(788-822)	A	45.71	0.8211
tr|I0A0F7|I0A0F7_FERFK Uncharacterized protein OS=Fervidicoccus fontis (strain DSM 19380 / JCM 18336 / VKM B-2539 / Kam940) OX=1163730 GN=FFONT_0474 PE=4 SV=1	AVSAANAATTQASDAASKAAYA	(837-858)	A	50.0	0.7549
tr|I0A0J7|I0A0J7_FERFK 30S ribosomal protein S3 OS=Fervidicoccus fontis (strain DSM 19380 / JCM 18336 / VKM B-2539 / Kam940) OX=1163730 GN=rps3 PE=3 SV=1	AFAALRRIMAAGAAGA	(114-129)	A	50.0	0.5782
tr|I0A152|I0A152_FERFK Cation_ATPase_N domain-containing protein OS=Fervidicoccus fontis (strain DSM 19380 / JCM 18336 / VKM B-2539 / Kam940) OX=1163730 GN=FFONT_0721 PE=3 SV=1	AEVGIAVSNASDAAKAAA	(559-576)	A	44.44	0.6562
tr|I0A1G5|I0A1G5_FERFK Major facilitator superfamily MFS_1 OS=Fervidicoccus fontis (strain DSM 19380 / JCM 18336 / VKM B-2539 / Kam940) OX=1163730 GN=FFONT_0834 PE=4 SV=1	AQYAAILYVLAMAADAAVA	(221-239)	A	47.37	0.6408
tr|I0A1Q5|I0A1Q5_FERFK Flagellin OS=Fervidicoccus fontis (strain DSM 19380 / JCM 18336 / VKM B-2539 / Kam940) OX=1163730 GN=FFONT_0924 PE=3 SV=1	AAIVLIAFVIVAAALAFVA	(12-30)	A	42.11	0.6611
tr|I0A1S7|I0A1S7_FERFK Transcription initiation factor IIB OS=Fervidicoccus fontis (strain DSM 19380 / JCM 18336 / VKM B-2539 / Kam940) OX=1163730 GN=tfb PE=3 SV=1	AKQKALTAGKDPAGLAAAAIYVA	(251-273)	A	39.13	0.7409
tr|I0A247|I0A247_FERFK Archaeal enzymes of ATP-grasp superfamily OS=Fervidicoccus fontis (strain DSM 19380 / JCM 18336 / VKM B-2539 / Kam940) OX=1163730 GN=FFONT_1066 PE=4 SV=1	ANAETPDPAAAATAIEA	(181-197)	A	47.06	0.5381
tr|I0A2Q6|I0A2Q6_FERFK 50S ribosomal protein L12 OS=Fervidicoccus fontis (strain DSM 19380 / JCM 18336 / VKM B-2539 / Kam940) OX=1163730 GN=rpl12 PE=3 SV=1	ALVTGAVAPAAPAAAPA	(49-65)	A	52.94	0.6688
tr|H9ZZ96|H9ZZ96_FERFK Uncharacterized protein OS=Fervidicoccus fontis (strain DSM 19380 / JCM 18336 / VKM B-2539 / Kam940) OX=1163730 GN=FFONT_0059 PE=4 SV=1	EEWLEMREKVEDEELKGLIE	(169-188)	E	40.0	0.741
tr|H9ZZA0|H9ZZA0_FERFK CRISPR-associated autoregulator, DevR family OS=Fervidicoccus fontis (strain DSM 19380 / JCM 18336 / VKM B-2539 / Kam940) OX=1163730 GN=FFONT_0063 PE=4 SV=1	EEIEEKTEEEIKEKTEKEE	(187-205)	E	57.89	0.8065
tr|H9ZZA9|H9ZZA9_FERFK Uncharacterized protein OS=Fervidicoccus fontis (strain DSM 19380 / JCM 18336 / VKM B-2539 / Kam940) OX=1163730 GN=FFONT_0072 PE=4 SV=1	EKFEEIILTSEQEPEEMLEIIE	(26-47)	E	40.91	0.77
tr|H9ZZV2|H9ZZV2_FERFK Ferredoxin OS=Fervidicoccus fontis (strain DSM 19380 / JCM 18336 / VKM B-2539 / Kam940) OX=1163730 GN=FFONT_0269 PE=4 SV=1	EISEGEIPEELYECAKRAEE	(49-68)	E	40.0	0.741
tr|H9ZZX8|H9ZZX8_FERFK Uncharacterized protein OS=Fervidicoccus fontis (strain DSM 19380 / JCM 18336 / VKM B-2539 / Kam940) OX=1163730 GN=FFONT_0295 PE=4 SV=1	EAEEKLKEIEKVKEIEKFE	(607-625)	E	42.11	0.8284
tr|I0A0H1|I0A0H1_FERFK Uncharacterized protein OS=Fervidicoccus fontis (strain DSM 19380 / JCM 18336 / VKM B-2539 / Kam940) OX=1163730 GN=FFONT_0488 PE=4 SV=1	EEIEKEIDEELKKLEQEQNVE	(68-88)	E	42.86	0.7764
tr|I0A0J2|I0A0J2_FERFK 50S ribosomal protein L24 OS=Fervidicoccus fontis (strain DSM 19380 / JCM 18336 / VKM B-2539 / Kam940) OX=1163730 GN=rpl24 PE=3 SV=1	ERKTGRKVIEEKEEEKKETETAEAKEEKEESKVEKSEE	(118-155)	E	42.11	0.7479
tr|I0A0M3|I0A0M3_FERFK Uncharacterized protein OS=Fervidicoccus fontis (strain DSM 19380 / JCM 18336 / VKM B-2539 / Kam940) OX=1163730 GN=FFONT_0540 PE=4 SV=1	EEIEKEIDEELKKLEQEQNVE	(68-88)	E	42.86	0.7764
tr|I0A0P2|I0A0P2_FERFK Formate-dependent phosphoribosylglycinamide formyltransferase OS=Fervidicoccus fontis (strain DSM 19380 / JCM 18336 / VKM B-2539 / Kam940) OX=1163730 GN=purT PE=3 SV=1	EVEAISFEALEELEDEGFE	(83-101)	E	42.11	0.8065
tr|I0A0R9|I0A0R9_FERFK Uncharacterized protein OS=Fervidicoccus fontis (strain DSM 19380 / JCM 18336 / VKM B-2539 / Kam940) OX=1163730 GN=FFONT_0586 PE=4 SV=1	EEEEVEEVEIEEEEEKEEASEMEEEE	(3-28)	E	73.08	0.8775
tr|I0A129|I0A129_FERFK T2SP_E domain-containing protein OS=Fervidicoccus fontis (strain DSM 19380 / JCM 18336 / VKM B-2539 / Kam940) OX=1163730 GN=FFONT_0698 PE=4 SV=1	EKIEKKGEEELTLENLFEEE	(18-37)	E	45.0	0.6672
tr|I0A137|I0A137_FERFK DUF2070 domain-containing protein OS=Fervidicoccus fontis (strain DSM 19380 / JCM 18336 / VKM B-2539 / Kam940) OX=1163730 GN=FFONT_0706 PE=4 SV=1	EGEQFEEELKKIGEEKE	(170-186)	E	47.06	0.5723
tr|I0A186|I0A186_FERFK DNA repair and recombination protein RadA OS=Fervidicoccus fontis (strain DSM 19380 / JCM 18336 / VKM B-2539 / Kam940) OX=1163730 GN=FFONT_0755 PE=4 SV=1	ESEDLEEEKKKDEEKDESE	(10-28)	E	47.37	0.6739
tr|I0A1A4|I0A1A4_FERFK Uncharacterized protein OS=Fervidicoccus fontis (strain DSM 19380 / JCM 18336 / VKM B-2539 / Kam940) OX=1163730 GN=FFONT_0773 PE=4 SV=1	EEKLKEEQSVENEEEILKLLE	(28-48)	E	42.86	0.6475
tr|I0A1C6|I0A1C6_FERFK Zinc-hook domain-containing protein OS=Fervidicoccus fontis (strain DSM 19380 / JCM 18336 / VKM B-2539 / Kam940) OX=1163730 GN=FFONT_0795 PE=3 SV=1	EKERAIVERELKMMEEKEKE	(255-274)	E	40.0	0.7743
tr|I0A1C6|I0A1C6_FERFK Zinc-hook domain-containing protein OS=Fervidicoccus fontis (strain DSM 19380 / JCM 18336 / VKM B-2539 / Kam940) OX=1163730 GN=FFONT_0795 PE=3 SV=1	EEDIEKINSEIEEIERKISE	(552-571)	E	40.0	0.741
tr|I0A1F6|I0A1F6_FERFK Proteasome-activating nucleotidase OS=Fervidicoccus fontis (strain DSM 19380 / JCM 18336 / VKM B-2539 / Kam940) OX=1163730 GN=pan PE=3 SV=1	EEKEKYIKYLEEKIKELEEE	(45-64)	E	45.0	0.5725
tr|I0A1F7|I0A1F7_FERFK HTH cro/C1-type domain-containing protein OS=Fervidicoccus fontis (strain DSM 19380 / JCM 18336 / VKM B-2539 / Kam940) OX=1163730 GN=FFONT_0826 PE=4 SV=1	EPVIEEKKEEESEEASLNE	(140-158)	E	47.37	0.625
tr|I0A1H0|I0A1H0_FERFK Uncharacterized protein OS=Fervidicoccus fontis (strain DSM 19380 / JCM 18336 / VKM B-2539 / Kam940) OX=1163730 GN=FFONT_0839 PE=4 SV=1	EEISEWLYEEYGIKAEPKEE	(26-45)	E	40.0	0.6946
tr|I0A1J4|I0A1J4_FERFK Uncharacterized protein OS=Fervidicoccus fontis (strain DSM 19380 / JCM 18336 / VKM B-2539 / Kam940) OX=1163730 GN=FFONT_0863 PE=4 SV=1	ELDGSRIEKEEEDEGAEEDE	(100-119)	E	45.0	0.6111
tr|I0A1L0|I0A1L0_FERFK Exopeptidase, family M15B OS=Fervidicoccus fontis (strain DSM 19380 / JCM 18336 / VKM B-2539 / Kam940) OX=1163730 GN=FFONT_0879 PE=3 SV=1	EEKVRRGEKLSEEEEE	(185-200)	E	50.0	0.3869
tr|I0A1L5|I0A1L5_FERFK 2-oxoacid oxidoreductase (ferredoxin) OS=Fervidicoccus fontis (strain DSM 19380 / JCM 18336 / VKM B-2539 / Kam940) OX=1163730 GN=FFONT_0884 PE=4 SV=1	EKIAEDVEKEIEETIKFAEESPYPEPEELFE	(289-319)	E	38.71	0.8155
tr|I0A1Q6|I0A1Q6_FERFK Methyl-accepting chemotaxis sensory transducer, putative OS=Fervidicoccus fontis (strain DSM 19380 / JCM 18336 / VKM B-2539 / Kam940) OX=1163730 GN=FFONT_0925 PE=4 SV=1	EKQVQMPKEEIRENKEEVEE	(95-114)	E	40.0	0.5866
tr|I0A1Y9|I0A1Y9_FERFK Uncharacterized protein OS=Fervidicoccus fontis (strain DSM 19380 / JCM 18336 / VKM B-2539 / Kam940) OX=1163730 GN=FFONT_1008 PE=4 SV=1	ETTKKPTLEEIEKEENIAEELEEEDEDVEKE	(134-164)	E	45.16	0.7058
tr|I0A208|I0A208_FERFK Peptidyl-prolyl cis-trans isomerase OS=Fervidicoccus fontis (strain DSM 19380 / JCM 18336 / VKM B-2539 / Kam940) OX=1163730 GN=FFONT_1027 PE=3 SV=1	EFIEEIIAPEKPKEETAEEKEKPSEEKPKEE	(225-255)	E	41.94	0.8026
tr|I0A232|I0A232_FERFK Uncharacterized protein OS=Fervidicoccus fontis (strain DSM 19380 / JCM 18336 / VKM B-2539 / Kam940) OX=1163730 GN=FFONT_1051 PE=4 SV=1	EMAHEHHHEEEGEELVE	(32-48)	E	47.06	0.648
tr|I0A2G5|I0A2G5_FERFK DNA primase DnaG OS=Fervidicoccus fontis (strain DSM 19380 / JCM 18336 / VKM B-2539 / Kam940) OX=1163730 GN=dnaG PE=3 SV=1	ELEKREEKEEVTQKELEKKEE	(270-290)	E	47.62	0.7254
tr|I0A2J5|I0A2J5_FERFK Uncharacterized protein OS=Fervidicoccus fontis (strain DSM 19380 / JCM 18336 / VKM B-2539 / Kam940) OX=1163730 GN=FFONT_1214 PE=4 SV=1	EESAKIKEEESKKKESEILE	(242-261)	E	40.0	0.6518
tr|I0A2L3|I0A2L3_FERFK Leucine--tRNA ligase OS=Fervidicoccus fontis (strain DSM 19380 / JCM 18336 / VKM B-2539 / Kam940) OX=1163730 GN=leuS PE=3 SV=1	EEHLIKEFRELYEVSEEDLE	(101-120)	E	40.0	0.7919
tr|I0A2Q5|I0A2Q5_FERFK 50S ribosomal protein L10 OS=Fervidicoccus fontis (strain DSM 19380 / JCM 18336 / VKM B-2539 / Kam940) OX=1163730 GN=rpl10 PE=3 SV=1	EGEKKEEKKEEKKEEKAEEEKKELSEEE	(310-337)	E	53.57	0.7863
tr|I0A2Q6|I0A2Q6_FERFK 50S ribosomal protein L12 OS=Fervidicoccus fontis (strain DSM 19380 / JCM 18336 / VKM B-2539 / Kam940) OX=1163730 GN=rpl12 PE=3 SV=1	EEKKEEKKEEKAEEEKKELSEEE	(67-89)	E	56.52	0.7714
tr|I0A2U0|I0A2U0_FERFK Uncharacterized protein OS=Fervidicoccus fontis (strain DSM 19380 / JCM 18336 / VKM B-2539 / Kam940) OX=1163730 GN=FFONT_1309 PE=4 SV=1	EVEEEYNKKLKEELAKIEEAKE	(68-89)	E	40.91	0.6219
tr|I0A2W6|I0A2W6_FERFK 30S ribosomal protein S24e OS=Fervidicoccus fontis (strain DSM 19380 / JCM 18336 / VKM B-2539 / Kam940) OX=1163730 GN=rps24e PE=3 SV=1	EEMQEAEEKEKKQKEKEQKSEEKKE	(112-136)	E	44.0	0.7932
tr|I0A1X9|I0A1X9_FERFK Uncharacterized protein OS=Fervidicoccus fontis (strain DSM 19380 / JCM 18336 / VKM B-2539 / Kam940) OX=1163730 GN=FFONT_0998 PE=4 SV=1	FFKPRFFKFSFLFGKF	(2-17)	F	50.0	0.7452
tr|H9ZZX1|H9ZZX1_FERFK Small-conductance mechanosensitive channel-like protein OS=Fervidicoccus fontis (strain DSM 19380 / JCM 18336 / VKM B-2539 / Kam940) OX=1163730 GN=FFONT_0288 PE=4 SV=1	GGVAGGTAGVALGGFLGLVVG	(109-129)	G	42.86	0.7764
tr|I0A070|I0A070_FERFK Acetate kinase superfamily OS=Fervidicoccus fontis (strain DSM 19380 / JCM 18336 / VKM B-2539 / Kam940) OX=1163730 GN=FFONT_0387 PE=4 SV=1	GRIVGGIGGTKLGIGHLTIG	(189-208)	G	40.0	0.7574
tr|I0A108|I0A108_FERFK Uncharacterized protein OS=Fervidicoccus fontis (strain DSM 19380 / JCM 18336 / VKM B-2539 / Kam940) OX=1163730 GN=FFONT_0677 PE=4 SV=1	GGLLRGGLGPSTSMAGGGLLGTG	(8-30)	G	43.48	0.6516
tr|I0A1S9|I0A1S9_FERFK ATP-synt_C domain-containing protein OS=Fervidicoccus fontis (strain DSM 19380 / JCM 18336 / VKM B-2539 / Kam940) OX=1163730 GN=FFONT_0948 PE=3 SV=1	GYKAIGAGLAIGLAGIGGGIAVGRTGAAG	(43-71)	G	37.93	0.8547
tr|I0A247|I0A247_FERFK Archaeal enzymes of ATP-grasp superfamily OS=Fervidicoccus fontis (strain DSM 19380 / JCM 18336 / VKM B-2539 / Kam940) OX=1163730 GN=FFONT_1066 PE=4 SV=1	GVIGKGFRGVSGFKGFGAVG	(13-32)	G	40.0	0.9416
tr|H9ZZI7|H9ZZI7_FERFK ABC-type carbohydrate transport system, substrate-binding component OS=Fervidicoccus fontis (strain DSM 19380 / JCM 18336 / VKM B-2539 / Kam940) OX=1163730 GN=FFONT_0152 PE=4 SV=1	ISTIAIIGIVIVIAVIGI	(7-24)	I	50.0	0.8648
tr|H9ZZJ4|H9ZZJ4_FERFK Peptidase_M50 domain-containing protein OS=Fervidicoccus fontis (strain DSM 19380 / JCM 18336 / VKM B-2539 / Kam940) OX=1163730 GN=FFONT_0159 PE=4 SV=1	IIPGITIKGTAIIYILISIGIAALI	(100-124)	I	44.0	0.819
tr|H9ZZJ4|H9ZZJ4_FERFK Peptidase_M50 domain-containing protein OS=Fervidicoccus fontis (strain DSM 19380 / JCM 18336 / VKM B-2539 / Kam940) OX=1163730 GN=FFONT_0159 PE=4 SV=1	IINAAPIFITDGGRIISEII	(316-335)	I	40.0	0.6657
tr|H9ZZN4|H9ZZN4_FERFK Arginine transporter OS=Fervidicoccus fontis (strain DSM 19380 / JCM 18336 / VKM B-2539 / Kam940) OX=1163730 GN=FFONT_0200 PE=4 SV=1	ILTIISLILATILIMLFGII	(283-302)	I	40.0	0.7743
tr|H9ZZZ2|H9ZZZ2_FERFK Metallophos domain-containing protein OS=Fervidicoccus fontis (strain DSM 19380 / JCM 18336 / VKM B-2539 / Kam940) OX=1163730 GN=FFONT_0309 PE=4 SV=1	IIREYGIIDEIVPIII	(235-250)	I	50.0	0.5782
tr|H9ZZZ6|H9ZZZ6_FERFK SBP_bac_5 domain-containing protein OS=Fervidicoccus fontis (strain DSM 19380 / JCM 18336 / VKM B-2539 / Kam940) OX=1163730 GN=FFONT_0313 PE=4 SV=1	IVIVIIIIIVI	(862-872)	I	72.73	0.6827
tr|H9ZZZ7|H9ZZZ7_FERFK ABC transmembrane type-1 domain-containing protein OS=Fervidicoccus fontis (strain DSM 19380 / JCM 18336 / VKM B-2539 / Kam940) OX=1163730 GN=FFONT_0314 PE=3 SV=1	ITLQIISNIAALIIIVAVI	(8-26)	I	42.11	0.7108
tr|I0A013|I0A013_FERFK Uncharacterized protein OS=Fervidicoccus fontis (strain DSM 19380 / JCM 18336 / VKM B-2539 / Kam940) OX=1163730 GN=FFONT_0330 PE=4 SV=1	ISSEINKGAILYTIFIIII	(212-230)	I	42.11	0.6454
tr|I0A014|I0A014_FERFK Methionine aminopeptidase OS=Fervidicoccus fontis (strain DSM 19380 / JCM 18336 / VKM B-2539 / Kam940) OX=1163730 GN=map PE=3 SV=1	IDIIRPGIKISEISEIIEKTII	(122-143)	I	45.45	0.7751
tr|I0A015|I0A015_FERFK Lon proteolytic domain-containing protein OS=Fervidicoccus fontis (strain DSM 19380 / JCM 18336 / VKM B-2539 / Kam940) OX=1163730 GN=FFONT_0332 PE=4 SV=1	IPNAYIILIIVIVIIVFVI	(635-653)	I	47.37	0.6739
tr|I0A022|I0A022_FERFK MFS domain-containing protein OS=Fervidicoccus fontis (strain DSM 19380 / JCM 18336 / VKM B-2539 / Kam940) OX=1163730 GN=FFONT_0339 PE=4 SV=1	ILNLWNLNILYIIAAILIIIASVITVI	(188-214)	I	37.04	0.722
tr|I0A056|I0A056_FERFK Uncharacterized protein OS=Fervidicoccus fontis (strain DSM 19380 / JCM 18336 / VKM B-2539 / Kam940) OX=1163730 GN=FFONT_0373 PE=4 SV=1	IPIILILSIYSYFQNEIIEIVNIII	(58-82)	I	44.0	0.6477
tr|I0A058|I0A058_FERFK Binding-protein-dependent transport systems inner membrane component OS=Fervidicoccus fontis (strain DSM 19380 / JCM 18336 / VKM B-2539 / Kam940) OX=1163730 GN=FFONT_0375 PE=3 SV=1	IILFNIYSIIEIPKAIENYI	(286-305)	I	40.0	0.7919
tr|I0A094|I0A094_FERFK HTH arsR-type domain-containing protein OS=Fervidicoccus fontis (strain DSM 19380 / JCM 18336 / VKM B-2539 / Kam940) OX=1163730 GN=FFONT_0411 PE=4 SV=1	IIVLAFIIIFIYSITFISI	(5-23)	I	47.37	0.6739
tr|I0A094|I0A094_FERFK HTH arsR-type domain-containing protein OS=Fervidicoccus fontis (strain DSM 19380 / JCM 18336 / VKM B-2539 / Kam940) OX=1163730 GN=FFONT_0411 PE=4 SV=1	ISNYALYIIGIILIAIGLLI	(188-207)	I	40.0	0.6657
tr|I0A0M1|I0A0M1_FERFK Uncharacterized protein OS=Fervidicoccus fontis (strain DSM 19380 / JCM 18336 / VKM B-2539 / Kam940) OX=1163730 GN=FFONT_0538 PE=4 SV=1	IILIAVFAIFVSIRIYEVII	(25-44)	I	40.0	0.7574
tr|I0A0M4|I0A0M4_FERFK Anion transporter OS=Fervidicoccus fontis (strain DSM 19380 / JCM 18336 / VKM B-2539 / Kam940) OX=1163730 GN=FFONT_0541 PE=3 SV=1	IIPIIIGIIIAII	(14-26)	I	76.92	1.0
tr|I0A0N2|I0A0N2_FERFK Rhomboid domain-containing protein OS=Fervidicoccus fontis (strain DSM 19380 / JCM 18336 / VKM B-2539 / Kam940) OX=1163730 GN=FFONT_0549 PE=4 SV=1	IFIPICIPVSSIIFLII	(189-205)	I	47.06	0.6906
tr|I0A0Q9|I0A0Q9_FERFK Na_H_Exchanger domain-containing protein OS=Fervidicoccus fontis (strain DSM 19380 / JCM 18336 / VKM B-2539 / Kam940) OX=1163730 GN=FFONT_0576 PE=4 SV=1	IFQHINLSFSIEIIIRVII	(443-461)	I	42.11	0.6454
tr|I0A0X0|I0A0X0_FERFK Uncharacterized protein OS=Fervidicoccus fontis (strain DSM 19380 / JCM 18336 / VKM B-2539 / Kam940) OX=1163730 GN=FFONT_0637 PE=4 SV=1	IIILIVILIIYDYTTI	(11-26)	I	50.0	0.5582
tr|I0A0X0|I0A0X0_FERFK Uncharacterized protein OS=Fervidicoccus fontis (strain DSM 19380 / JCM 18336 / VKM B-2539 / Kam940) OX=1163730 GN=FFONT_0637 PE=4 SV=1	INIDKHREIKIIIVFLII	(452-469)	I	44.44	0.6048
tr|I0A175|I0A175_FERFK ABC-type iron(III) transport system, permease component OS=Fervidicoccus fontis (strain DSM 19380 / JCM 18336 / VKM B-2539 / Kam940) OX=1163730 GN=FFONT_0744 PE=3 SV=1	IKISGVSYGIILNSIIIAIFVTVISIFI	(79-106)	I	39.29	0.7422
tr|I0A188|I0A188_FERFK Uncharacterized protein OS=Fervidicoccus fontis (strain DSM 19380 / JCM 18336 / VKM B-2539 / Kam940) OX=1163730 GN=FFONT_0757 PE=4 SV=1	IFSIGSIINKAFAISIFIILIIKAKI	(28-53)	I	42.31	0.7787
tr|I0A194|I0A194_FERFK Prenyltransferase OS=Fervidicoccus fontis (strain DSM 19380 / JCM 18336 / VKM B-2539 / Kam940) OX=1163730 GN=FFONT_0763 PE=4 SV=1	ILIYIFWGNIWGIIFGII	(94-111)	I	44.44	0.7336
tr|I0A1D4|I0A1D4_FERFK Uncharacterized protein OS=Fervidicoccus fontis (strain DSM 19380 / JCM 18336 / VKM B-2539 / Kam940) OX=1163730 GN=FFONT_0803 PE=4 SV=1	IIIYSTVLAAISSIIYIFIGI	(6-26)	I	42.86	0.5875
tr|I0A1L7|I0A1L7_FERFK Uncharacterized protein OS=Fervidicoccus fontis (strain DSM 19380 / JCM 18336 / VKM B-2539 / Kam940) OX=1163730 GN=FFONT_0886 PE=4 SV=1	IIIQLLLIIGVPAISIPRLI	(312-331)	I	40.0	0.68
tr|I0A1M5|I0A1M5_FERFK Uncharacterized protein OS=Fervidicoccus fontis (strain DSM 19380 / JCM 18336 / VKM B-2539 / Kam940) OX=1163730 GN=FFONT_0894 PE=4 SV=1	IIKSITIGLIYSALLIILI	(8-26)	I	42.11	0.7108
tr|I0A1R1|I0A1R1_FERFK Archaeal flagellar protein FlaJ OS=Fervidicoccus fontis (strain DSM 19380 / JCM 18336 / VKM B-2539 / Kam940) OX=1163730 GN=FFONT_0930 PE=4 SV=1	IISGIILSASIIGGIIYPI	(35-53)	I	47.37	0.657
tr|I0A1S9|I0A1S9_FERFK ATP-synt_C domain-containing protein OS=Fervidicoccus fontis (strain DSM 19380 / JCM 18336 / VKM B-2539 / Kam940) OX=1163730 GN=FFONT_0948 PE=3 SV=1	IAIYGLIIAILVIII	(95-109)	I	53.33	0.6667
tr|I0A1U1|I0A1U1_FERFK Preprotein translocase subunit SecG OS=Fervidicoccus fontis (strain DSM 19380 / JCM 18336 / VKM B-2539 / Kam940) OX=1163730 GN=secG PE=3 SV=1	ITITPTTIIIISIAFIGI	(32-49)	I	50.0	0.6338
tr|I0A235|I0A235_FERFK Fe/B12 periplasmic-binding domain-containing protein OS=Fervidicoccus fontis (strain DSM 19380 / JCM 18336 / VKM B-2539 / Kam940) OX=1163730 GN=FFONT_1054 PE=4 SV=1	IIAIGSIIISYQNTRGISQI	(21-40)	I	40.0	0.5743
tr|I0A254|I0A254_FERFK PDGLE domain-containing protein OS=Fervidicoccus fontis (strain DSM 19380 / JCM 18336 / VKM B-2539 / Kam940) OX=1163730 GN=FFONT_1073 PE=4 SV=1	IIILLISIIAIFLGSTI	(6-22)	I	47.06	0.5723
tr|I0A287|I0A287_FERFK Uncharacterized protein OS=Fervidicoccus fontis (strain DSM 19380 / JCM 18336 / VKM B-2539 / Kam940) OX=1163730 GN=FFONT_1106 PE=4 SV=1	IPIIVHIIFINSTVPFKIFI	(4-23)	I	40.0	0.6119
tr|I0A2E5|I0A2E5_FERFK PHB domain-containing protein OS=Fervidicoccus fontis (strain DSM 19380 / JCM 18336 / VKM B-2539 / Kam940) OX=1163730 GN=FFONT_1164 PE=3 SV=1	IIFIIIILIIFLSMAI	(13-28)	I	56.25	0.5233
tr|I0A2H6|I0A2H6_FERFK Membrane protein OS=Fervidicoccus fontis (strain DSM 19380 / JCM 18336 / VKM B-2539 / Kam940) OX=1163730 GN=FFONT_1195 PE=4 SV=1	IFSIYIGKGIVKIIERNIRI	(267-286)	I	40.0	0.8492
tr|I0A2S0|I0A2S0_FERFK Component HyfC of membrane-bound [Ni,Fe]-hydrogenase OS=Fervidicoccus fontis (strain DSM 19380 / JCM 18336 / VKM B-2539 / Kam940) OX=1163730 GN=FFONT_1289 PE=4 SV=1	IMIPIISSIGFSLRDIILIIYSLII	(83-107)	I	44.0	0.6945
tr|H9ZZ42|H9ZZ42_FERFK Uncharacterized protein OS=Fervidicoccus fontis (strain DSM 19380 / JCM 18336 / VKM B-2539 / Kam940) OX=1163730 GN=FFONT_0002 PE=4 SV=1	KRKLKKAKGHLEKTKK	(2-17)	K	50.0	0.6911
tr|H9ZZP9|H9ZZP9_FERFK ABC transporter related protein OS=Fervidicoccus fontis (strain DSM 19380 / JCM 18336 / VKM B-2539 / Kam940) OX=1163730 GN=FFONT_0215 PE=4 SV=1	KKEEKERLLKIKIFAKKMK	(331-349)	K	42.11	0.7468
tr|H9ZZU1|H9ZZU1_FERFK Phenylalanine--tRNA ligase alpha subunit OS=Fervidicoccus fontis (strain DSM 19380 / JCM 18336 / VKM B-2539 / Kam940) OX=1163730 GN=pheS PE=3 SV=1	KKILKERKIKPEAKKIK	(171-187)	K	47.06	0.7378
tr|I0A056|I0A056_FERFK Uncharacterized protein OS=Fervidicoccus fontis (strain DSM 19380 / JCM 18336 / VKM B-2539 / Kam940) OX=1163730 GN=FFONT_0373 PE=4 SV=1	KEEFKKKKFYFVVATKSKK	(181-199)	K	42.11	0.471
tr|I0A082|I0A082_FERFK Ribonuclease OS=Fervidicoccus fontis (strain DSM 19380 / JCM 18336 / VKM B-2539 / Kam940) OX=1163730 GN=FFONT_0399 PE=3 SV=1	KVFKKYGVKDSKKLSKNKREK	(35-55)	K	42.86	0.8291
tr|I0A084|I0A084_FERFK Uncharacterized protein OS=Fervidicoccus fontis (strain DSM 19380 / JCM 18336 / VKM B-2539 / Kam940) OX=1163730 GN=FFONT_0401 PE=4 SV=1	KDIEFLKKYKDKLPEKIWKK	(98-117)	K	40.0	0.7251
tr|I0A092|I0A092_FERFK CS domain-containing protein OS=Fervidicoccus fontis (strain DSM 19380 / JCM 18336 / VKM B-2539 / Kam940) OX=1163730 GN=FFONT_0409 PE=4 SV=1	KKKDLIVLTAKKKKFLK	(108-124)	K	47.06	0.3387
tr|I0A0C0|I0A0C0_FERFK RPOL9 domain-containing protein OS=Fervidicoccus fontis (strain DSM 19380 / JCM 18336 / VKM B-2539 / Kam940) OX=1163730 GN=FFONT_0437 PE=4 SV=1	KAKKKESYVIKEKVKEKDKPK	(22-42)	K	47.62	0.6948
tr|I0A0I6|I0A0I6_FERFK 50S ribosomal protein L32e OS=Fervidicoccus fontis (strain DSM 19380 / JCM 18336 / VKM B-2539 / Kam940) OX=1163730 GN=FFONT_0503 PE=3 SV=1	KEMKKLLLKLKKSKPEFK	(3-20)	K	44.44	0.7551
tr|I0A0R9|I0A0R9_FERFK Uncharacterized protein OS=Fervidicoccus fontis (strain DSM 19380 / JCM 18336 / VKM B-2539 / Kam940) OX=1163730 GN=FFONT_0586 PE=4 SV=1	KAKEKEKKEKSERKKEKSNKSKKGRKPKAKK	(74-104)	K	51.61	0.8447
tr|I0A129|I0A129_FERFK T2SP_E domain-containing protein OS=Fervidicoccus fontis (strain DSM 19380 / JCM 18336 / VKM B-2539 / Kam940) OX=1163730 GN=FFONT_0698 PE=4 SV=1	KLPFLRSKDEKKKKVEKIEKK	(3-23)	K	42.86	0.599
tr|I0A180|I0A180_FERFK DNA helicase OS=Fervidicoccus fontis (strain DSM 19380 / JCM 18336 / VKM B-2539 / Kam940) OX=1163730 GN=FFONT_0749 PE=3 SV=1	KRKKLEIDSDEKEKKSKQTK	(538-557)	K	40.0	0.6119
tr|I0A1A7|I0A1A7_FERFK Uncharacterized protein OS=Fervidicoccus fontis (strain DSM 19380 / JCM 18336 / VKM B-2539 / Kam940) OX=1163730 GN=FFONT_0776 PE=4 SV=1	KEDLDIKTKGLISKKLGKKK	(138-157)	K	40.0	0.6518
tr|I0A1C6|I0A1C6_FERFK Zinc-hook domain-containing protein OS=Fervidicoccus fontis (strain DSM 19380 / JCM 18336 / VKM B-2539 / Kam940) OX=1163730 GN=FFONT_0795 PE=3 SV=1	KKLLGKKLSELKNDYEKKK	(230-248)	K	42.11	0.6153
tr|I0A1D4|I0A1D4_FERFK Uncharacterized protein OS=Fervidicoccus fontis (strain DSM 19380 / JCM 18336 / VKM B-2539 / Kam940) OX=1163730 GN=FFONT_0803 PE=4 SV=1	KSMEKKGKKIVKLSKVGK	(219-236)	K	44.44	0.7777
tr|I0A1F7|I0A1F7_FERFK HTH cro/C1-type domain-containing protein OS=Fervidicoccus fontis (strain DSM 19380 / JCM 18336 / VKM B-2539 / Kam940) OX=1163730 GN=FFONT_0826 PE=4 SV=1	KKNSQIQKPKMQEKKKKK	(55-72)	K	50.0	0.4675
tr|I0A1Q6|I0A1Q6_FERFK Methyl-accepting chemotaxis sensory transducer, putative OS=Fervidicoccus fontis (strain DSM 19380 / JCM 18336 / VKM B-2539 / Kam940) OX=1163730 GN=FFONT_0925 PE=4 SV=1	KKKKKVKEKVEKEPTQNEK	(26-44)	K	47.37	0.477
tr|I0A1T4|I0A1T4_FERFK V-type ATP synthase subunit E OS=Fervidicoccus fontis (strain DSM 19380 / JCM 18336 / VKM B-2539 / Kam940) OX=1163730 GN=FFONT_0953 PE=4 SV=1	KDLVSKIIKKKLEDSKEKIK	(134-153)	K	40.0	0.7251
tr|I0A1W5|I0A1W5_FERFK Isoleucine--tRNA ligase OS=Fervidicoccus fontis (strain DSM 19380 / JCM 18336 / VKM B-2539 / Kam940) OX=1163730 GN=FFONT_0984 PE=3 SV=1	KKFKVKSKKEIEEKIGVEK	(102-120)	K	42.11	0.7108
tr|I0A1Z6|I0A1Z6_FERFK Hydrogenase formation HypD protein OS=Fervidicoccus fontis (strain DSM 19380 / JCM 18336 / VKM B-2539 / Kam940) OX=1163730 GN=FFONT_1015 PE=3 SV=1	KRKIEELSKKIKAKFGEEKKIK	(19-40)	K	40.91	0.7288
tr|I0A217|I0A217_FERFK Uncharacterized protein OS=Fervidicoccus fontis (strain DSM 19380 / JCM 18336 / VKM B-2539 / Kam940) OX=1163730 GN=FFONT_1036 PE=4 SV=1	KKMIKTIELHYEKNQKKKK	(124-142)	K	42.11	0.483
tr|I0A2J5|I0A2J5_FERFK Uncharacterized protein OS=Fervidicoccus fontis (strain DSM 19380 / JCM 18336 / VKM B-2539 / Kam940) OX=1163730 GN=FFONT_1214 PE=4 SV=1	KKKDEKNAILEEIKKLKSEK	(60-79)	K	40.0	0.5743
tr|I0A2J5|I0A2J5_FERFK Uncharacterized protein OS=Fervidicoccus fontis (strain DSM 19380 / JCM 18336 / VKM B-2539 / Kam940) OX=1163730 GN=FFONT_1214 PE=4 SV=1	KIKEEESKKKESEILEKKKKIAEEKLKKK	(246-274)	K	44.83	0.6283
tr|I0A2K1|I0A2K1_FERFK Putative HTH-type transcriptional regulatory protein FFONT_1220 OS=Fervidicoccus fontis (strain DSM 19380 / JCM 18336 / VKM B-2539 / Kam940) OX=1163730 GN=FFONT_1220 PE=3 SV=1	KIKKLKDVEKMIVAKKEKAKELKK	(281-304)	K	45.83	0.7698
tr|I0A2K4|I0A2K4_FERFK Uncharacterized protein OS=Fervidicoccus fontis (strain DSM 19380 / JCM 18336 / VKM B-2539 / Kam940) OX=1163730 GN=FFONT_1223 PE=4 SV=1	KGIVKKEKIKKEDGKIDYK	(57-75)	K	42.11	0.7658
tr|I0A2K8|I0A2K8_FERFK Uncharacterized protein OS=Fervidicoccus fontis (strain DSM 19380 / JCM 18336 / VKM B-2539 / Kam940) OX=1163730 GN=FFONT_1227 PE=4 SV=1	KGKLDDASEVKKLIKKIKK	(49-67)	K	42.11	0.5459
tr|I0A2P0|I0A2P0_FERFK 50S ribosomal protein L31e OS=Fervidicoccus fontis (strain DSM 19380 / JCM 18336 / VKM B-2539 / Kam940) OX=1163730 GN=rpl31e PE=3 SV=1	KVKVELPKVEKVENKNKKEKGK	(91-112)	K	40.91	0.8315
tr|I0A2Q4|I0A2Q4_FERFK 50S ribosomal protein L1 OS=Fervidicoccus fontis (strain DSM 19380 / JCM 18336 / VKM B-2539 / Kam940) OX=1163730 GN=rpl1 PE=3 SV=1	KAILDEISKDKKKAKKIAK	(88-106)	K	42.11	0.5329
tr|I0A2Q5|I0A2Q5_FERFK 50S ribosomal protein L10 OS=Fervidicoccus fontis (strain DSM 19380 / JCM 18336 / VKM B-2539 / Kam940) OX=1163730 GN=rpl10 PE=3 SV=1	KKEEKKEEKKEEKAEEEKK	(313-331)	K	47.37	0.657
tr|I0A2T2|I0A2T2_FERFK Reverse gyrase OS=Fervidicoccus fontis (strain DSM 19380 / JCM 18336 / VKM B-2539 / Kam940) OX=1163730 GN=rgy PE=3 SV=1	KSEKLRKELNEKLEKLKKEKEK	(257-278)	K	40.91	0.8484
tr|I0A2W6|I0A2W6_FERFK 30S ribosomal protein S24e OS=Fervidicoccus fontis (strain DSM 19380 / JCM 18336 / VKM B-2539 / Kam940) OX=1163730 GN=rps24e PE=3 SV=1	KEKKQKEKEQKSEEKK	(120-135)	K	50.0	0.7452
tr|H9ZZ65|H9ZZ65_FERFK Probable cobalamin biosynthesis protein CobD OS=Fervidicoccus fontis (strain DSM 19380 / JCM 18336 / VKM B-2539 / Kam940) OX=1163730 GN=cobD PE=3 SV=1	LFFYLLLGPLGALLQRL	(168-184)	L	47.06	0.6688
tr|H9ZZ65|H9ZZ65_FERFK Probable cobalamin biosynthesis protein CobD OS=Fervidicoccus fontis (strain DSM 19380 / JCM 18336 / VKM B-2539 / Kam940) OX=1163730 GN=cobD PE=3 SV=1	LRLALCESLAFTATLLALSLFL	(294-315)	L	40.91	0.7846
tr|H9ZZ66|H9ZZ66_FERFK Adenosylcobinamide-GDP ribazoletransferase OS=Fervidicoccus fontis (strain DSM 19380 / JCM 18336 / VKM B-2539 / Kam940) OX=1163730 GN=cobS PE=3 SV=1	LSFSLKLSLIITALSLSSLLLSSLL	(192-216)	L	44.0	0.781
tr|H9ZZ77|H9ZZ77_FERFK Uncharacterized protein OS=Fervidicoccus fontis (strain DSM 19380 / JCM 18336 / VKM B-2539 / Kam940) OX=1163730 GN=FFONT_0038 PE=4 SV=1	LSILISILLLILLTGFASYLYQL	(14-36)	L	39.13	0.6949
tr|H9ZZ94|H9ZZ94_FERFK CRISPR_Cas6 domain-containing protein OS=Fervidicoccus fontis (strain DSM 19380 / JCM 18336 / VKM B-2539 / Kam940) OX=1163730 GN=FFONT_0057 PE=4 SV=1	LLPTPGLLAGSVLKNLLEHL	(184-203)	L	40.0	0.7096
tr|H9ZZC1|H9ZZC1_FERFK Uncharacterized protein OS=Fervidicoccus fontis (strain DSM 19380 / JCM 18336 / VKM B-2539 / Kam940) OX=1163730 GN=FFONT_0085 PE=4 SV=1	LAFGNIDLMTALLILALPLLLIFKIL	(51-76)	L	38.46	0.7182
tr|H9ZZD0|H9ZZD0_FERFK Potassium-transporting ATPase ATP-binding subunit OS=Fervidicoccus fontis (strain DSM 19380 / JCM 18336 / VKM B-2539 / Kam940) OX=1163730 GN=kdpB PE=3 SV=1	LSILLLGLSLIFLIVVSSLYFIL	(209-231)	L	39.13	0.7656
tr|H9ZZD1|H9ZZD1_FERFK Uncharacterized protein OS=Fervidicoccus fontis (strain DSM 19380 / JCM 18336 / VKM B-2539 / Kam940) OX=1163730 GN=FFONT_0095 PE=4 SV=1	LGAALLLLAMIAFLGLLYPAL	(16-36)	L	42.86	0.6227
tr|H9ZZD8|H9ZZD8_FERFK Uncharacterized protein OS=Fervidicoccus fontis (strain DSM 19380 / JCM 18336 / VKM B-2539 / Kam940) OX=1163730 GN=FFONT_0102 PE=4 SV=1	LLAFLISVSLATLSVLLCRL	(32-51)	L	40.0	0.7919
tr|H9ZZP6|H9ZZP6_FERFK Uncharacterized protein OS=Fervidicoccus fontis (strain DSM 19380 / JCM 18336 / VKM B-2539 / Kam940) OX=1163730 GN=FFONT_0212 PE=4 SV=1	LGLIKLLLLTGLPLSACVLFSIL	(4-26)	L	43.48	0.7321
tr|H9ZZT4|H9ZZT4_FERFK Putative ATP binding protein OS=Fervidicoccus fontis (strain DSM 19380 / JCM 18336 / VKM B-2539 / Kam940) OX=1163730 GN=FFONT_0250 PE=3 SV=1	LLSPELLEELLTLKESPELL	(175-194)	L	45.0	0.6384
tr|H9ZZV7|H9ZZV7_FERFK Nucleotide-binding protein, mrp/nbp35 family OS=Fervidicoccus fontis (strain DSM 19380 / JCM 18336 / VKM B-2539 / Kam940) OX=1163730 GN=FFONT_0274 PE=4 SV=1	LLAIALNELGLKTGLLDLDL	(41-60)	L	45.0	0.7848
tr|I0A019|I0A019_FERFK CDP-alcohol phosphatidyltransferase OS=Fervidicoccus fontis (strain DSM 19380 / JCM 18336 / VKM B-2539 / Kam940) OX=1163730 GN=FFONT_0336 PE=3 SV=1	LSIRLIFLSLSLDVLDGLLARKL	(33-55)	L	39.13	0.8805
tr|I0A022|I0A022_FERFK MFS domain-containing protein OS=Fervidicoccus fontis (strain DSM 19380 / JCM 18336 / VKM B-2539 / Kam940) OX=1163730 GN=FFONT_0339 PE=4 SV=1	LILALLMEKANSTLTILLWLL	(313-333)	L	42.86	0.599
tr|I0A050|I0A050_FERFK Uncharacterized protein OS=Fervidicoccus fontis (strain DSM 19380 / JCM 18336 / VKM B-2539 / Kam940) OX=1163730 GN=FFONT_0367 PE=4 SV=1	LLALILPTFIVSLALLL	(69-85)	L	47.06	0.5057
tr|I0A099|I0A099_FERFK Glycosyltransferase OS=Fervidicoccus fontis (strain DSM 19380 / JCM 18336 / VKM B-2539 / Kam940) OX=1163730 GN=FFONT_0416 PE=4 SV=1	LLTLKNPLSEKELVISLYLL	(303-322)	L	40.0	0.7574
tr|I0A0E2|I0A0E2_FERFK 30S ribosomal protein S2 OS=Fervidicoccus fontis (strain DSM 19380 / JCM 18336 / VKM B-2539 / Kam940) OX=1163730 GN=rps2 PE=3 SV=1	LALLYWILTRQILREKGLLL	(181-200)	L	40.0	0.68
tr|I0A0L1|I0A0L1_FERFK MFS domain-containing protein OS=Fervidicoccus fontis (strain DSM 19380 / JCM 18336 / VKM B-2539 / Kam940) OX=1163730 GN=FFONT_0528 PE=4 SV=1	LILLIFSVLALSIPPTLLSLL	(338-358)	L	42.86	0.6734
tr|I0A0L1|I0A0L1_FERFK MFS domain-containing protein OS=Fervidicoccus fontis (strain DSM 19380 / JCM 18336 / VKM B-2539 / Kam940) OX=1163730 GN=FFONT_0528 PE=4 SV=1	LETLLLILAIVFLPLGLSTWIML	(399-421)	L	39.13	0.7409
tr|I0A0L4|I0A0L4_FERFK DUF1616 domain-containing protein OS=Fervidicoccus fontis (strain DSM 19380 / JCM 18336 / VKM B-2539 / Kam940) OX=1163730 GN=FFONT_0531 PE=4 SV=1	LALSIGLSLAVVPLIGLLL	(122-140)	L	42.11	0.7285
tr|I0A0Q9|I0A0Q9_FERFK Na_H_Exchanger domain-containing protein OS=Fervidicoccus fontis (strain DSM 19380 / JCM 18336 / VKM B-2539 / Kam940) OX=1163730 GN=FFONT_0576 PE=4 SV=1	LYEGSLLDPLLSVLILL	(3-19)	L	47.06	0.648
tr|I0A0U2|I0A0U2_FERFK Uncharacterized protein OS=Fervidicoccus fontis (strain DSM 19380 / JCM 18336 / VKM B-2539 / Kam940) OX=1163730 GN=FFONT_0609 PE=4 SV=1	LLKLLQNPELVESLNKTLSLLINLNKTGLLDML	(14-46)	L	39.39	0.8286
tr|I0A0V5|I0A0V5_FERFK Uncharacterized protein OS=Fervidicoccus fontis (strain DSM 19380 / JCM 18336 / VKM B-2539 / Kam940) OX=1163730 GN=FFONT_0622 PE=4 SV=1	LLSSILYSLILSLLSSFMAL	(153-172)	L	40.0	0.7251
tr|I0A0X0|I0A0X0_FERFK Uncharacterized protein OS=Fervidicoccus fontis (strain DSM 19380 / JCM 18336 / VKM B-2539 / Kam940) OX=1163730 GN=FFONT_0637 PE=4 SV=1	LLIILLLTLGIILNSL	(240-255)	L	50.0	0.6664
tr|I0A0Y4|I0A0Y4_FERFK Uncharacterized protein OS=Fervidicoccus fontis (strain DSM 19380 / JCM 18336 / VKM B-2539 / Kam940) OX=1163730 GN=FFONT_0651 PE=4 SV=1	LKGLLKLAGENKVLLGLL	(23-40)	L	44.44	0.5729
tr|I0A115|I0A115_FERFK Uncharacterized protein OS=Fervidicoccus fontis (strain DSM 19380 / JCM 18336 / VKM B-2539 / Kam940) OX=1163730 GN=FFONT_0684 PE=4 SV=1	LRVFLRFSLNTLFLFFLLLL	(72-91)	L	45.0	0.6978
tr|I0A128|I0A128_FERFK Type II secretion system protein OS=Fervidicoccus fontis (strain DSM 19380 / JCM 18336 / VKM B-2539 / Kam940) OX=1163730 GN=FFONT_0697 PE=4 SV=1	LSSLTFQLLLGLLMNSWLAGLL	(545-566)	L	45.45	0.7032
tr|I0A130|I0A130_FERFK Uncharacterized protein OS=Fervidicoccus fontis (strain DSM 19380 / JCM 18336 / VKM B-2539 / Kam940) OX=1163730 GN=FFONT_0699 PE=4 SV=1	LLLLLIFFLLPLL	(7-19)	L	69.23	0.5906
tr|I0A147|I0A147_FERFK Uncharacterized protein OS=Fervidicoccus fontis (strain DSM 19380 / JCM 18336 / VKM B-2539 / Kam940) OX=1163730 GN=FFONT_0716 PE=4 SV=1	LMSLALNGELTIKDLLLL	(271-288)	L	44.44	0.6214
tr|I0A159|I0A159_FERFK Cytochrome c biogenesis protein, transmembrane region OS=Fervidicoccus fontis (strain DSM 19380 / JCM 18336 / VKM B-2539 / Kam940) OX=1163730 GN=FFONT_0728 PE=4 SV=1	LLFLEKKELLVAIALLSLIFL	(3-23)	L	42.86	0.7149
tr|I0A194|I0A194_FERFK Prenyltransferase OS=Fervidicoccus fontis (strain DSM 19380 / JCM 18336 / VKM B-2539 / Kam940) OX=1163730 GN=FFONT_0763 PE=4 SV=1	LSLILLECELTLPYILTLIL	(202-221)	L	45.0	0.8256
tr|I0A194|I0A194_FERFK Prenyltransferase OS=Fervidicoccus fontis (strain DSM 19380 / JCM 18336 / VKM B-2539 / Kam940) OX=1163730 GN=FFONT_0763 PE=4 SV=1	LEFGLLFLIGLAISLLIL	(265-282)	L	44.44	0.7551
tr|I0A1G5|I0A1G5_FERFK Major facilitator superfamily MFS_1 OS=Fervidicoccus fontis (strain DSM 19380 / JCM 18336 / VKM B-2539 / Kam940) OX=1163730 GN=FFONT_0834 PE=4 SV=1	LLLFENSLFLLFLGSIL	(267-283)	L	47.06	0.6088
tr|I0A1M2|I0A1M2_FERFK Uncharacterized protein OS=Fervidicoccus fontis (strain DSM 19380 / JCM 18336 / VKM B-2539 / Kam940) OX=1163730 GN=FFONT_0891 PE=4 SV=1	LTLKRKTSFFLFLILFLLSLLGSLFVRWPSTALL	(135-168)	L	35.29	0.7029
tr|I0A1M4|I0A1M4_FERFK Uncharacterized protein OS=Fervidicoccus fontis (strain DSM 19380 / JCM 18336 / VKM B-2539 / Kam940) OX=1163730 GN=FFONT_0893 PE=4 SV=1	LIASLFVLFLFLLPLILFSIDAL	(9-31)	L	39.13	0.8051
tr|I0A1P1|I0A1P1_FERFK Oligopeptide transporter, OPT family OS=Fervidicoccus fontis (strain DSM 19380 / JCM 18336 / VKM B-2539 / Kam940) OX=1163730 GN=FFONT_0910 PE=4 SV=1	LGLSILLGILTLILSFL	(338-354)	L	47.06	0.8219
tr|I0A1Q1|I0A1Q1_FERFK Prenyltransferase OS=Fervidicoccus fontis (strain DSM 19380 / JCM 18336 / VKM B-2539 / Kam940) OX=1163730 GN=FFONT_0920 PE=4 SV=1	LFLLIAWRLYNLGLLTL	(235-251)	L	47.06	0.6906
tr|I0A1Q3|I0A1Q3_FERFK Uncharacterized protein OS=Fervidicoccus fontis (strain DSM 19380 / JCM 18336 / VKM B-2539 / Kam940) OX=1163730 GN=FFONT_0922 PE=4 SV=1	LSFLLSFLLSILNLCSLFFSVL	(244-265)	L	40.91	0.8152
tr|I0A1S9|I0A1S9_FERFK ATP-synt_C domain-containing protein OS=Fervidicoccus fontis (strain DSM 19380 / JCM 18336 / VKM B-2539 / Kam940) OX=1163730 GN=FFONT_0948 PE=3 SV=1	LELQGKSLNRLRLLLLFASILL	(2-23)	L	45.45	0.6532
tr|I0A1U6|I0A1U6_FERFK Proteasome subunit beta OS=Fervidicoccus fontis (strain DSM 19380 / JCM 18336 / VKM B-2539 / Kam940) OX=1163730 GN=psmB PE=3 SV=1	LLSLLLYRYKLFPFYVQLIL	(101-120)	L	40.0	0.5991
tr|I0A1V0|I0A1V0_FERFK Uncharacterized protein OS=Fervidicoccus fontis (strain DSM 19380 / JCM 18336 / VKM B-2539 / Kam940) OX=1163730 GN=FFONT_0969 PE=4 SV=1	LLRGLWLALGIPLLFKPSGLILYL	(293-316)	L	41.67	0.7806
tr|I0A1W7|I0A1W7_FERFK Uncharacterized protein OS=Fervidicoccus fontis (strain DSM 19380 / JCM 18336 / VKM B-2539 / Kam940) OX=1163730 GN=FFONT_0986 PE=4 SV=1	LFSLISILPLILSLKGVILL	(127-146)	L	40.0	0.8102
tr|I0A244|I0A244_FERFK Uncharacterized protein OS=Fervidicoccus fontis (strain DSM 19380 / JCM 18336 / VKM B-2539 / Kam940) OX=1163730 GN=FFONT_1063 PE=4 SV=1	LSLLYKLFAILHHLLWNFLKFL	(21-42)	L	40.91	0.8315
tr|I0A2K8|I0A2K8_FERFK Uncharacterized protein OS=Fervidicoccus fontis (strain DSM 19380 / JCM 18336 / VKM B-2539 / Kam940) OX=1163730 GN=FFONT_1227 PE=4 SV=1	LTLLLRILHTLYRTKRLNL	(187-205)	L	42.11	0.6937
tr|I0A2R4|I0A2R4_FERFK Proton_antipo_M domain-containing protein OS=Fervidicoccus fontis (strain DSM 19380 / JCM 18336 / VKM B-2539 / Kam940) OX=1163730 GN=FFONT_1283 PE=4 SV=1	LRNLSSLPSGLKLISLIGLL	(193-212)	L	40.0	0.8702
tr|I0A2S1|I0A2S1_FERFK Proton_antipo_M domain-containing protein OS=Fervidicoccus fontis (strain DSM 19380 / JCM 18336 / VKM B-2539 / Kam940) OX=1163730 GN=FFONT_1290 PE=4 SV=1	LSVLGGSDVFYLLYSSLLLLFLGSLL	(3-28)	L	42.31	0.633
tr|I0A2U1|I0A2U1_FERFK Uncharacterized protein OS=Fervidicoccus fontis (strain DSM 19380 / JCM 18336 / VKM B-2539 / Kam940) OX=1163730 GN=FFONT_1310 PE=3 SV=1	LSLGYVLLLLIQRDNLMSIL	(308-327)	L	40.0	0.6382
tr|I0A2V7|I0A2V7_FERFK HTH arsR-type domain-containing protein OS=Fervidicoccus fontis (strain DSM 19380 / JCM 18336 / VKM B-2539 / Kam940) OX=1163730 GN=FFONT_1326 PE=4 SV=1	LGLDQTLISHLLKTLRDLGL	(49-68)	L	40.0	0.8492
tr|I0A2V9|I0A2V9_FERFK Transport system permease protein OS=Fervidicoccus fontis (strain DSM 19380 / JCM 18336 / VKM B-2539 / Kam940) OX=1163730 GN=FFONT_1328 PE=3 SV=1	LVFFSLLLLVFLSVPLCIYL	(10-29)	L	40.0	0.68
tr|I0A2X9|I0A2X9_FERFK Uncharacterized protein OS=Fervidicoccus fontis (strain DSM 19380 / JCM 18336 / VKM B-2539 / Kam940) OX=1163730 GN=FFONT_1348 PE=3 SV=1	LLLFFLLAVISLLYFVL	(15-31)	L	47.06	0.5723
tr|I0A2Y7|I0A2Y7_FERFK Proton_antipo_M domain-containing protein OS=Fervidicoccus fontis (strain DSM 19380 / JCM 18336 / VKM B-2539 / Kam940) OX=1163730 GN=FFONT_1356 PE=4 SV=1	LHLILLSVVLPIVLLALMVKL	(5-25)	L	42.86	0.7932
tr|I0A2Z7|I0A2Z7_FERFK HTH arsR-type domain-containing protein OS=Fervidicoccus fontis (strain DSM 19380 / JCM 18336 / VKM B-2539 / Kam940) OX=1163730 GN=FFONT_1366 PE=4 SV=1	LSLNYLNPKVLVLSDLLNFL	(63-82)	L	40.0	0.8293
tr|I0A027|I0A027_FERFK Uncharacterized protein OS=Fervidicoccus fontis (strain DSM 19380 / JCM 18336 / VKM B-2539 / Kam940) OX=1163730 GN=FFONT_0344 PE=4 SV=1	NDENFIYTLNNNFITKNENN	(86-105)	N	40.0	0.6518
tr|I0A192|I0A192_FERFK Uncharacterized protein OS=Fervidicoccus fontis (strain DSM 19380 / JCM 18336 / VKM B-2539 / Kam940) OX=1163730 GN=FFONT_0761 PE=4 SV=1	PPPLPMAPPPP	(113-123)	P	72.73	0.6827
tr|I0A318|I0A318_FERFK Uncharacterized protein OS=Fervidicoccus fontis (strain DSM 19380 / JCM 18336 / VKM B-2539 / Kam940) OX=1163730 GN=FFONT_1387 PE=4 SV=1	PPPVEAPAVLGAPFDPPP	(2-19)	P	44.44	0.5576
tr|H9ZZG2|H9ZZG2_FERFK OB domain-containing protein OS=Fervidicoccus fontis (strain DSM 19380 / JCM 18336 / VKM B-2539 / Kam940) OX=1163730 GN=FFONT_0127 PE=4 SV=1	RRQGGGRRDYRQGRNYPRKR	(135-154)	R	40.0	0.7743
tr|I0A0I1|I0A0I1_FERFK 50S ribosomal protein L15 OS=Fervidicoccus fontis (strain DSM 19380 / JCM 18336 / VKM B-2539 / Kam940) OX=1163730 GN=rpl15 PE=3 SV=1	RFRRKVRKLRGRTRTMGWGR	(4-23)	R	40.0	0.7743
tr|I0A0I4|I0A0I4_FERFK 50S ribosomal protein L18 OS=Fervidicoccus fontis (strain DSM 19380 / JCM 18336 / VKM B-2539 / Kam940) OX=1163730 GN=rpl18 PE=3 SV=1	RYKVARRRRREGKTNYRKR	(7-25)	R	42.11	0.471
tr|I0A0J0|I0A0J0_FERFK 50S ribosomal protein L5 OS=Fervidicoccus fontis (strain DSM 19380 / JCM 18336 / VKM B-2539 / Kam940) OX=1163730 GN=rpl5 PE=3 SV=1	RPGYRIKRRRVKKAKRIPRRHR	(148-169)	R	40.91	0.7158
tr|I0A0Y4|I0A0Y4_FERFK Uncharacterized protein OS=Fervidicoccus fontis (strain DSM 19380 / JCM 18336 / VKM B-2539 / Kam940) OX=1163730 GN=FFONT_0651 PE=4 SV=1	RKTNSRDEIRRNEERRYRR	(41-59)	R	42.11	0.6937
tr|I0A1F8|I0A1F8_FERFK Hflx-type G domain-containing protein OS=Fervidicoccus fontis (strain DSM 19380 / JCM 18336 / VKM B-2539 / Kam940) OX=1163730 GN=FFONT_0827 PE=4 SV=1	RRELEEIRIRRDILRERRR	(143-161)	R	47.37	0.5806
tr|I0A2A8|I0A2A8_FERFK 50S ribosomal protein L15e OS=Fervidicoccus fontis (strain DSM 19380 / JCM 18336 / VKM B-2539 / Kam940) OX=1163730 GN=rpl15e PE=3 SV=1	RVRIRKGGQRRQRPNKGRRPKR	(75-96)	R	40.91	0.77
tr|H9ZZ77|H9ZZ77_FERFK Uncharacterized protein OS=Fervidicoccus fontis (strain DSM 19380 / JCM 18336 / VKM B-2539 / Kam940) OX=1163730 GN=FFONT_0038 PE=4 SV=1	SSSQTPQNTSGGSSSVQQS	(38-56)	S	42.11	0.5459
tr|H9ZZ77|H9ZZ77_FERFK Uncharacterized protein OS=Fervidicoccus fontis (strain DSM 19380 / JCM 18336 / VKM B-2539 / Kam940) OX=1163730 GN=FFONT_0038 PE=4 SV=1	SSLLSSYSQLMNEYSSLNASYSS	(125-147)	S	43.48	0.6623
tr|H9ZZH8|H9ZZH8_FERFK Uncharacterized protein OS=Fervidicoccus fontis (strain DSM 19380 / JCM 18336 / VKM B-2539 / Kam940) OX=1163730 GN=FFONT_0143 PE=4 SV=1	SSLPPGFSPSSNSGYSS	(76-92)	S	47.06	0.5902
tr|H9ZZL4|H9ZZL4_FERFK Mn2+/Fe2+ transporter, NRAMP family OS=Fervidicoccus fontis (strain DSM 19380 / JCM 18336 / VKM B-2539 / Kam940) OX=1163730 GN=FFONT_0180 PE=4 SV=1	SWIFAISLFSSGLSSSMVS	(33-51)	S	42.11	0.6611
tr|H9ZZQ4|H9ZZQ4_FERFK Uncharacterized protein OS=Fervidicoccus fontis (strain DSM 19380 / JCM 18336 / VKM B-2539 / Kam940) OX=1163730 GN=FFONT_0220 PE=4 SV=1	SMSSGTVSFDGYGSLNISSS	(40-59)	S	40.0	0.6657
tr|H9ZZR2|H9ZZR2_FERFK Uncharacterized protein OS=Fervidicoccus fontis (strain DSM 19380 / JCM 18336 / VKM B-2539 / Kam940) OX=1163730 GN=FFONT_0228 PE=4 SV=1	SSSNGISLVTIQVSNSTSLS	(829-848)	S	40.0	0.6518
tr|H9ZZR5|H9ZZR5_FERFK DUF4234 domain-containing protein OS=Fervidicoccus fontis (strain DSM 19380 / JCM 18336 / VKM B-2539 / Kam940) OX=1163730 GN=FFONT_0231 PE=4 SV=1	SSPSIEYPYSSYSYLQESSHSFNDSVFSS	(55-83)	S	41.38	0.7695
tr|H9ZZY3|H9ZZY3_FERFK CBS domain containing protein OS=Fervidicoccus fontis (strain DSM 19380 / JCM 18336 / VKM B-2539 / Kam940) OX=1163730 GN=FFONT_0300 PE=4 SV=1	SKLLSSCEEISSKSFASS	(134-151)	S	44.44	0.6744
tr|I0A0F6|I0A0F6_FERFK Peptidase_S8 domain-containing protein OS=Fervidicoccus fontis (strain DSM 19380 / JCM 18336 / VKM B-2539 / Kam940) OX=1163730 GN=FFONT_0473 PE=3 SV=1	SDELLISSQSEYSLSASKMSS	(658-678)	S	42.86	0.7446
tr|I0A0F7|I0A0F7_FERFK Uncharacterized protein OS=Fervidicoccus fontis (strain DSM 19380 / JCM 18336 / VKM B-2539 / Kam940) OX=1163730 GN=FFONT_0474 PE=4 SV=1	STITSSINSAQSALSSQLTSVSTQLSNS	(704-731)	S	39.29	0.8749
tr|I0A0M4|I0A0M4_FERFK Anion transporter OS=Fervidicoccus fontis (strain DSM 19380 / JCM 18336 / VKM B-2539 / Kam940) OX=1163730 GN=FFONT_0541 PE=3 SV=1	SSPSSSISWGLTGFSNS	(76-92)	S	47.06	0.5057
tr|I0A0V6|I0A0V6_FERFK Uncharacterized protein OS=Fervidicoccus fontis (strain DSM 19380 / JCM 18336 / VKM B-2539 / Kam940) OX=1163730 GN=FFONT_0623 PE=4 SV=1	SVPSWLLSLASRFSVSSTLSGYSTRIS	(224-250)	S	37.04	0.9113
tr|I0A0V6|I0A0V6_FERFK Uncharacterized protein OS=Fervidicoccus fontis (strain DSM 19380 / JCM 18336 / VKM B-2539 / Kam940) OX=1163730 GN=FFONT_0623 PE=4 SV=1	SLSVSVALSSILAFSLSGASISSSSS	(264-289)	S	50.0	0.6784
tr|I0A0Y5|I0A0Y5_FERFK Phosphate-binding protein OS=Fervidicoccus fontis (strain DSM 19380 / JCM 18336 / VKM B-2539 / Kam940) OX=1163730 GN=FFONT_0652 PE=3 SV=1	SKGSSSTPTSTPSQTSTPSQTTS	(30-52)	S	39.13	0.8336
tr|I0A124|I0A124_FERFK Uncharacterized protein OS=Fervidicoccus fontis (strain DSM 19380 / JCM 18336 / VKM B-2539 / Kam940) OX=1163730 GN=FFONT_0693 PE=4 SV=1	SSNLSNNQYISSEISQSAMS	(32-51)	S	40.0	0.741
tr|I0A130|I0A130_FERFK Uncharacterized protein OS=Fervidicoccus fontis (strain DSM 19380 / JCM 18336 / VKM B-2539 / Kam940) OX=1163730 GN=FFONT_0699 PE=4 SV=1	SNGSLEVSVPSGASLSSS	(243-260)	S	44.44	0.7551
tr|I0A130|I0A130_FERFK Uncharacterized protein OS=Fervidicoccus fontis (strain DSM 19380 / JCM 18336 / VKM B-2539 / Kam940) OX=1163730 GN=FFONT_0699 PE=4 SV=1	SYKLTSSPSLLKALSSSPLS	(416-435)	S	40.0	0.6518
tr|I0A2N4|I0A2N4_FERFK ABC-type sodium efflux pump system, permease component OS=Fervidicoccus fontis (strain DSM 19380 / JCM 18336 / VKM B-2539 / Kam940) OX=1163730 GN=FFONT_1253 PE=4 SV=1	SISSLSQVSLASNLIISS	(135-152)	S	44.44	0.7336
tr|I0A2R0|I0A2R0_FERFK Periplasmic solute binding protein OS=Fervidicoccus fontis (strain DSM 19380 / JCM 18336 / VKM B-2539 / Kam940) OX=1163730 GN=FFONT_1279 PE=4 SV=1	SSYNNTSNYTSNSSISESTASS	(320-341)	S	45.45	0.7448
tr|I0A2Y9|I0A2Y9_FERFK Proton_antipo_M domain-containing protein OS=Fervidicoccus fontis (strain DSM 19380 / JCM 18336 / VKM B-2539 / Kam940) OX=1163730 GN=FFONT_1358 PE=4 SV=1	SILISESSSISMFLSSWILIVISS	(121-144)	S	41.67	0.67
tr|H9ZZD3|H9ZZD3_FERFK Uncharacterized protein OS=Fervidicoccus fontis (strain DSM 19380 / JCM 18336 / VKM B-2539 / Kam940) OX=1163730 GN=FFONT_0097 PE=4 SV=1	TSSTPNDTTITIYTTTT	(523-539)	T	52.94	0.628
tr|H9ZZZ6|H9ZZZ6_FERFK SBP_bac_5 domain-containing protein OS=Fervidicoccus fontis (strain DSM 19380 / JCM 18336 / VKM B-2539 / Kam940) OX=1163730 GN=FFONT_0313 PE=4 SV=1	TAYVVSGTTTSPSTTTTTTPTTTTTPTTTTALSGT	(820-854)	T	57.14	0.6359
tr|I0A0Y5|I0A0Y5_FERFK Phosphate-binding protein OS=Fervidicoccus fontis (strain DSM 19380 / JCM 18336 / VKM B-2539 / Kam940) OX=1163730 GN=FFONT_0652 PE=3 SV=1	TPSQTSTPSQTTSAPIQTTTQKPPATTTTSQLSVT	(40-74)	T	37.14	0.7358
tr|I0A159|I0A159_FERFK Cytochrome c biogenesis protein, transmembrane region OS=Fervidicoccus fontis (strain DSM 19380 / JCM 18336 / VKM B-2539 / Kam940) OX=1163730 GN=FFONT_0728 PE=4 SV=1	TFTTTSTLTNTTTAPANTTTSITNTT	(171-196)	T	57.69	0.7896
tr|I0A176|I0A176_FERFK ABC-type iron(III) transport system, substrate-binding component OS=Fervidicoccus fontis (strain DSM 19380 / JCM 18336 / VKM B-2539 / Kam940) OX=1163730 GN=FFONT_0745 PE=4 SV=1	TSTTTTTTAITQTNTSASGVTLTILT	(35-60)	T	50.0	0.6263
tr|H9ZZP8|H9ZZP8_FERFK Uncharacterized protein OS=Fervidicoccus fontis (strain DSM 19380 / JCM 18336 / VKM B-2539 / Kam940) OX=1163730 GN=FFONT_0214 PE=4 SV=1	VNIVRFAVFTALVYVFTVVV	(3-22)	V	40.0	0.7574
tr|I0A0X7|I0A0X7_FERFK Coenzyme F420-reducing hydrogenase, beta subunit OS=Fervidicoccus fontis (strain DSM 19380 / JCM 18336 / VKM B-2539 / Kam940) OX=1163730 GN=FFONT_0644 PE=4 SV=1	VVVPKLHVINGRVFGVYEVV	(121-140)	V	40.0	0.6946
tr|I0A1B2|I0A1B2_FERFK Threonine ammonia-lyase OS=Fervidicoccus fontis (strain DSM 19380 / JCM 18336 / VKM B-2539 / Kam940) OX=1163730 GN=FFONT_0781 PE=3 SV=1	VGDLTFEVMSEVVDDVVVV	(248-266)	V	42.11	0.5329
tr|I0A1K7|I0A1K7_FERFK Lysine-specific permease OS=Fervidicoccus fontis (strain DSM 19380 / JCM 18336 / VKM B-2539 / Kam940) OX=1163730 GN=FFONT_0876 PE=4 SV=1	VEVILTVLVSVIVYLGVRSV	(155-174)	V	40.0	0.8924
tr|I0A1L5|I0A1L5_FERFK 2-oxoacid oxidoreductase (ferredoxin) OS=Fervidicoccus fontis (strain DSM 19380 / JCM 18336 / VKM B-2539 / Kam940) OX=1163730 GN=FFONT_0884 PE=4 SV=1	VEVDGQDVVAVYEVVKRAV	(206-224)	V	42.11	0.7468
tr|I0A2T6|I0A2T6_FERFK Lactamase_B domain-containing protein OS=Fervidicoccus fontis (strain DSM 19380 / JCM 18336 / VKM B-2539 / Kam940) OX=1163730 GN=FFONT_1305 PE=4 SV=1	VLVPAVHSSEKAVPVGVVV	(94-112)	V	42.11	0.6302
tr|I0A015|I0A015_FERFK Lon proteolytic domain-containing protein OS=Fervidicoccus fontis (strain DSM 19380 / JCM 18336 / VKM B-2539 / Kam940) OX=1163730 GN=FFONT_0332 PE=4 SV=1	YYVADYYTQYAKSVYTYY	(458-475)	Y	44.44	0.6744
