Protein ID	Domain Sequence	Domain Boundaries	LCD Class	Final Domain Composition	Final Domain Linear Dispersion
tr|A0A133VPY6|A0A133VPY6_9EURY Uncharacterized protein OS=candidate division MSBL1 archaeon SCGC-AAA382N08 OX=1698285 GN=AKJ56_01140 PE=4 SV=1	AAEDDASTQASNWASEAPAAMAAYLQA	(37-63)	A	40.74	0.8285
tr|A0A133VQ72|A0A133VQ72_9EURY Uncharacterized protein OS=candidate division MSBL1 archaeon SCGC-AAA382N08 OX=1698285 GN=AKJ56_00845 PE=3 SV=1	AAIPLAALGFLHPAIAAGAMA	(788-808)	A	42.86	0.6475
tr|A0A133VQC1|A0A133VQC1_9EURY Uncharacterized protein OS=candidate division MSBL1 archaeon SCGC-AAA382N08 OX=1698285 GN=AKJ56_00770 PE=4 SV=1	DPEEDESEDDDLDWDDDEEDDEDEDEMDWDEDED	(33-66)	D	50.0	0.8057
tr|A0A133VMX4|A0A133VMX4_9EURY Uncharacterized protein OS=candidate division MSBL1 archaeon SCGC-AAA382N08 OX=1698285 GN=AKJ56_02310 PE=4 SV=1	EELEERRKKGEVGLEEKKKE	(51-70)	E	40.0	0.68
tr|A0A133VN33|A0A133VN33_9EURY Leucyl-tRNA synthetase OS=candidate division MSBL1 archaeon SCGC-AAA382N08 OX=1698285 GN=AKJ56_02215 PE=4 SV=1	EMKEEKVELGELIEKAKEE	(663-681)	E	42.11	0.8065
tr|A0A133VNC6|A0A133VNC6_9EURY Uncharacterized protein OS=candidate division MSBL1 archaeon SCGC-AAA382N08 OX=1698285 GN=AKJ56_02140 PE=4 SV=1	ELEKEKELNIVNRLEEETE	(39-57)	E	42.11	0.5592
tr|A0A133VNE3|A0A133VNE3_9EURY V-type ATP synthase subunit D OS=candidate division MSBL1 archaeon SCGC-AAA382N08 OX=1698285 GN=atpD PE=3 SV=1	EESREYIEMRLEEQERE	(182-198)	E	47.06	0.7378
tr|A0A133VNF3|A0A133VNF3_9EURY UPF0216 protein AKJ56_02100 OS=candidate division MSBL1 archaeon SCGC-AAA382N08 OX=1698285 GN=AKJ56_02100 PE=3 SV=1	EREVIEKIIEKEETEDKKE	(89-107)	E	42.11	0.8284
tr|A0A133VNH0|A0A133VNH0_9EURY Uncharacterized protein OS=candidate division MSBL1 archaeon SCGC-AAA382N08 OX=1698285 GN=AKJ56_02025 PE=4 SV=1	ELEEEAEKEKAEAERKETE	(46-64)	E	52.63	0.8174
tr|A0A133VNL4|A0A133VNL4_9EURY Uncharacterized protein OS=candidate division MSBL1 archaeon SCGC-AAA382N08 OX=1698285 GN=AKJ56_02005 PE=4 SV=1	ERRLEEEGVEKVKPEEEDIEEPDVRNPEKVKEE	(66-98)	E	39.39	0.7439
tr|A0A133VNL4|A0A133VNL4_9EURY Uncharacterized protein OS=candidate division MSBL1 archaeon SCGC-AAA382N08 OX=1698285 GN=AKJ56_02005 PE=4 SV=1	EEGVDYDEEVEEELKDLQDE	(122-141)	E	40.0	0.5386
tr|A0A133VNP6|A0A133VNP6_9EURY Phage_integrase domain-containing protein OS=candidate division MSBL1 archaeon SCGC-AAA382N08 OX=1698285 GN=AKJ56_01920 PE=4 SV=1	EEEIEELRKMLEEKEPEEIEEELRKQLIEEYGDE	(436-469)	E	47.06	0.6803
tr|A0A133VNQ3|A0A133VNQ3_9EURY Uncharacterized protein OS=candidate division MSBL1 archaeon SCGC-AAA382N08 OX=1698285 GN=AKJ56_01975 PE=4 SV=1	EACHEEEEGEEVTGE	(220-234)	E	53.33	0.5449
tr|A0A133VNR1|A0A133VNR1_9EURY Helicase C-terminal domain-containing protein OS=candidate division MSBL1 archaeon SCGC-AAA382N08 OX=1698285 GN=AKJ56_01900 PE=4 SV=1	ELEPIEREVPELEKNPMPEELIREAEEYSPPEMEEEPEAEIRLVERKKPSE	(77-127)	E	37.25	0.8672
tr|A0A133VNX8|A0A133VNX8_9EURY DDE_5 domain-containing protein OS=candidate division MSBL1 archaeon SCGC-AAA382N08 OX=1698285 GN=AKJ56_01760 PE=4 SV=1	ERLYLPEEWIEDEERREEAGVPEDVE	(154-179)	E	38.46	0.7747
tr|A0A133VP87|A0A133VP87_9EURY Cation_ATPase_N domain-containing protein OS=candidate division MSBL1 archaeon SCGC-AAA382N08 OX=1698285 GN=AKJ56_01600 PE=4 SV=1	EEVLENIESSEEGLSEKE	(11-28)	E	44.44	0.7777
tr|A0A133VPE1|A0A133VPE1_9EURY Uncharacterized protein OS=candidate division MSBL1 archaeon SCGC-AAA382N08 OX=1698285 GN=AKJ56_01585 PE=4 SV=1	ETKTKEILEDMENEAEEKE	(220-238)	E	42.11	0.8065
tr|A0A133VPN8|A0A133VPN8_9EURY Uncharacterized protein OS=candidate division MSBL1 archaeon SCGC-AAA382N08 OX=1698285 GN=AKJ56_01475 PE=4 SV=1	EFLKEEEVLELLEKKPEETE	(116-135)	E	45.0	0.7305
tr|A0A133VPN9|A0A133VPN9_9EURY DNA/RNA-binding protein Alba OS=candidate division MSBL1 archaeon SCGC-AAA382N08 OX=1698285 GN=albA PE=3 SV=1	EIEDIVTGTEEVENEEGE	(60-77)	E	44.44	0.6048
tr|A0A133VPP5|A0A133VPP5_9EURY MCM domain-containing protein OS=candidate division MSBL1 archaeon SCGC-AAA382N08 OX=1698285 GN=AKJ56_01345 PE=4 SV=1	EEDIIEIEPLDENEIEIESVDENFNEE	(3-29)	E	40.74	0.8512
tr|A0A133VPQ2|A0A133VPQ2_9EURY Uncharacterized protein OS=candidate division MSBL1 archaeon SCGC-AAA382N08 OX=1698285 GN=AKJ56_01340 PE=4 SV=1	EELSERVIAFLESKIEEQEEEFSE	(98-121)	E	41.67	0.68
tr|A0A133VPT5|A0A133VPT5_9EURY Uncharacterized protein OS=candidate division MSBL1 archaeon SCGC-AAA382N08 OX=1698285 GN=AKJ56_01290 PE=3 SV=1	EQVVKQEPAEGEAEPAEEEEEQKEGLSWE	(52-80)	E	41.38	0.7297
tr|A0A133VPT9|A0A133VPT9_9EURY Uncharacterized protein OS=candidate division MSBL1 archaeon SCGC-AAA382N08 OX=1698285 GN=AKJ56_01320 PE=4 SV=1	EAFEKVEEEEEKTLSKFAE	(56-74)	E	42.11	0.4476
tr|A0A133VPY2|A0A133VPY2_9EURY Uncharacterized protein OS=candidate division MSBL1 archaeon SCGC-AAA382N08 OX=1698285 GN=AKJ56_01105 PE=4 SV=1	ERTVEKEEIDEERWTEERPKEDRE	(118-141)	E	41.67	0.8064
tr|A0A133VPY2|A0A133VPY2_9EURY Uncharacterized protein OS=candidate division MSBL1 archaeon SCGC-AAA382N08 OX=1698285 GN=AKJ56_01105 PE=4 SV=1	EEEEFEIQEATEKQIKDSLE	(152-171)	E	40.0	0.5503
tr|A0A133VPZ9|A0A133VPZ9_9EURY Uncharacterized protein OS=candidate division MSBL1 archaeon SCGC-AAA382N08 OX=1698285 GN=AKJ56_01145 PE=4 SV=1	ELETAREKYEEEWLQETCE	(17-35)	E	42.11	0.7658
tr|A0A133VQ04|A0A133VQ04_9EURY Uncharacterized protein OS=candidate division MSBL1 archaeon SCGC-AAA382N08 OX=1698285 GN=AKJ56_01070 PE=4 SV=1	EKERELMKEFFEEAENDEEKKEIREE	(100-125)	E	46.15	0.8285
tr|A0A133VQ40|A0A133VQ40_9EURY Uncharacterized protein OS=candidate division MSBL1 archaeon SCGC-AAA382N08 OX=1698285 GN=AKJ56_00965 PE=4 SV=1	EEDIRAGCEVELEWTEDLEE	(58-77)	E	40.0	0.68
tr|A0A133VQ45|A0A133VQ45_9EURY Uncharacterized protein OS=candidate division MSBL1 archaeon SCGC-AAA382N08 OX=1698285 GN=AKJ56_01035 PE=4 SV=1	EELAEEIEEEE	(43-53)	E	72.73	0.7279
tr|A0A133VQ61|A0A133VQ61_9EURY DNA helicase OS=candidate division MSBL1 archaeon SCGC-AAA382N08 OX=1698285 GN=AKJ56_00900 PE=3 SV=1	EQEMQEVENLDEYDVQEESEE	(446-466)	E	42.86	0.7764
tr|A0A133VQ61|A0A133VQ61_9EURY DNA helicase OS=candidate division MSBL1 archaeon SCGC-AAA382N08 OX=1698285 GN=AKJ56_00900 PE=3 SV=1	EGFLEESEEENETFLNVKE	(613-631)	E	42.11	0.5867
tr|A0A133VQ73|A0A133VQ73_9EURY Uncharacterized protein OS=candidate division MSBL1 archaeon SCGC-AAA382N08 OX=1698285 GN=AKJ56_00890 PE=4 SV=1	EDEKESEETEEKSREERMKEMREKMKE	(8-34)	E	44.44	0.8228
tr|A0A133VQC1|A0A133VQC1_9EURY Uncharacterized protein OS=candidate division MSBL1 archaeon SCGC-AAA382N08 OX=1698285 GN=AKJ56_00770 PE=4 SV=1	EEDDEDEDEMDWDEDEDEE	(50-68)	E	47.37	0.7289
tr|A0A133VQI8|A0A133VQI8_9EURY Uncharacterized protein OS=candidate division MSBL1 archaeon SCGC-AAA382N08 OX=1698285 GN=AKJ56_00615 PE=4 SV=1	ELEKNIEKEEKELESFEEIKE	(280-300)	E	47.62	0.7957
tr|A0A133VQK4|A0A133VQK4_9EURY NurA domain-containing protein OS=candidate division MSBL1 archaeon SCGC-AAA382N08 OX=1698285 GN=AKJ56_00610 PE=4 SV=1	EKYEKAREKNPEEIMEEIESYENIGIPLEE	(36-65)	E	36.67	0.7985
tr|A0A133VQM1|A0A133VQM1_9EURY Uncharacterized protein OS=candidate division MSBL1 archaeon SCGC-AAA382N08 OX=1698285 GN=AKJ56_00440 PE=4 SV=1	EEVDEEEIESEKLALKRFKE	(106-125)	E	40.0	0.5047
tr|A0A133VQN4|A0A133VQN4_9EURY Uncharacterized protein OS=candidate division MSBL1 archaeon SCGC-AAA382N08 OX=1698285 GN=AKJ56_00415 PE=4 SV=1	EGEIDTKEILEEFKEAYEKEEKPFRE	(447-472)	E	38.46	0.8278
tr|A0A133VQS2|A0A133VQS2_9EURY Uncharacterized protein OS=candidate division MSBL1 archaeon SCGC-AAA382N08 OX=1698285 GN=AKJ56_00400 PE=4 SV=1	EPIHKKEKKEEPEEEEEGEEKELEEKDKE	(44-72)	E	51.72	0.6695
tr|A0A133VQW1|A0A133VQW1_9EURY 50S ribosomal protein L25 OS=candidate division MSBL1 archaeon SCGC-AAA382N08 OX=1698285 GN=AKJ56_00080 PE=3 SV=1	EVEEELEQPIEEEIEEIETVEEAEETEEIEQAEEEEEITEQEAAEGEPEQE	(182-232)	E	56.86	0.8829
tr|A0A133VQX5|A0A133VQX5_9EURY 30S ribosomal protein S2 OS=candidate division MSBL1 archaeon SCGC-AAA382N08 OX=1698285 GN=AKJ56_00055 PE=3 SV=1	ERIEYLKELEQKREEGEFEKYTKKEKADKEEEIE	(117-150)	E	38.24	0.826
tr|A0A133VQZ2|A0A133VQZ2_9EURY Phosphoenolpyruvate synthase OS=candidate division MSBL1 archaeon SCGC-AAA382N08 OX=1698285 GN=AKJ56_00100 PE=3 SV=1	EKETTLKEYDIETEEEPVVE	(345-364)	E	40.0	0.741
tr|A0A133VR02|A0A133VR02_9EURY Alanine--tRNA ligase OS=candidate division MSBL1 archaeon SCGC-AAA382N08 OX=1698285 GN=AKJ56_00155 PE=3 SV=1	EEEIEQVEDLVNEKIERDLE	(499-518)	E	40.0	0.7574
tr|A0A133VR04|A0A133VR04_9EURY DNA-directed RNA polymerase OS=candidate division MSBL1 archaeon SCGC-AAA382N08 OX=1698285 GN=AKJ56_00120 PE=3 SV=1	EGLEEQKEEKEQALGTEIE	(224-242)	E	42.11	0.7108
tr|A0A133VMT4|A0A133VMT4_9EURY Peptidase_M23 domain-containing protein OS=candidate division MSBL1 archaeon SCGC-AAA382N08 OX=1698285 GN=AKJ56_02410 PE=4 SV=1	GDIIGGAGHTGGAYSTTGGSG	(162-182)	G	42.86	0.7007
tr|A0A133VN14|A0A133VN14_9EURY Thermosome subunit OS=candidate division MSBL1 archaeon SCGC-AAA382N08 OX=1698285 GN=AKJ56_02305 PE=4 SV=1	GGPGGPGGAPGGAPGGMPGGMPGG	(135-158)	G	58.33	0.8485
tr|A0A133VPM8|A0A133VPM8_9EURY Thermosome subunit OS=candidate division MSBL1 archaeon SCGC-AAA382N08 OX=1698285 GN=AKJ56_01380 PE=4 SV=1	GGPGGPGGAPSGMPGGGPGGMPGGMPGG	(135-162)	G	57.14	0.8282
tr|A0A133VQ68|A0A133VQ68_9EURY Uncharacterized protein OS=candidate division MSBL1 archaeon SCGC-AAA382N08 OX=1698285 GN=AKJ56_00830 PE=4 SV=1	GYGGGGGLFGDSGCGGYVGG	(53-72)	G	60.0	0.741
tr|A0A133VQ73|A0A133VQ73_9EURY Uncharacterized protein OS=candidate division MSBL1 archaeon SCGC-AAA382N08 OX=1698285 GN=AKJ56_00890 PE=4 SV=1	GGPGGPGGMPGMG	(38-50)	G	61.54	0.887
tr|A0A133VQ82|A0A133VQ82_9EURY O-acetylhomoserine aminocarboxypropyltransferase OS=candidate division MSBL1 archaeon SCGC-AAA382N08 OX=1698285 GN=AKJ56_00860 PE=4 SV=1	GYGGMVGFGVKGGAESG	(100-116)	G	47.06	0.7378
tr|A0A133VQ92|A0A133VQ92_9EURY Mevalonate kinase OS=candidate division MSBL1 archaeon SCGC-AAA382N08 OX=1698285 GN=AKJ56_00895 PE=3 SV=1	GASGIKITGSGGGGCIIVVG	(272-291)	G	40.0	0.6249
tr|A0A133VQJ3|A0A133VQJ3_9EURY Uncharacterized protein OS=candidate division MSBL1 archaeon SCGC-AAA382N08 OX=1698285 GN=AKJ56_00555 PE=4 SV=1	GGGSGEVGGVAMGGTGVIFAYDGAPGG	(737-763)	G	44.44	0.695
tr|A0A133VQJ4|A0A133VQJ4_9EURY Cell division protein FtsZ OS=candidate division MSBL1 archaeon SCGC-AAA382N08 OX=1698285 GN=ftsZ PE=3 SV=1	GYELVFVTCGLGGGTGTGAGHVIADLARGVG	(105-135)	G	32.26	0.6506
tr|A0A133VPE1|A0A133VPE1_9EURY Uncharacterized protein OS=candidate division MSBL1 archaeon SCGC-AAA382N08 OX=1698285 GN=AKJ56_01585 PE=4 SV=1	IFPGIVAAIIIVIIGWIVGKI	(24-44)	I	42.86	0.7446
tr|A0A133VPV1|A0A133VPV1_9EURY Uncharacterized protein OS=candidate division MSBL1 archaeon SCGC-AAA382N08 OX=1698285 GN=AKJ56_01205 PE=4 SV=1	IGIILIGIAIVAVANIFLWI	(2-21)	I	40.0	0.7574
tr|A0A133VQ05|A0A133VQ05_9EURY Uncharacterized protein OS=candidate division MSBL1 archaeon SCGC-AAA382N08 OX=1698285 GN=AKJ56_01130 PE=4 SV=1	ILAIIAIILAAIAII	(1176-1190)	I	53.33	0.6949
tr|A0A133VQP6|A0A133VQP6_9EURY Uncharacterized protein OS=candidate division MSBL1 archaeon SCGC-AAA382N08 OX=1698285 GN=AKJ56_00405 PE=4 SV=1	IIQILTTIIIIVLASLMI	(142-159)	I	44.44	0.4859
tr|A0A133VNK7|A0A133VNK7_9EURY Uncharacterized protein OS=candidate division MSBL1 archaeon SCGC-AAA382N08 OX=1698285 GN=AKJ56_01990 PE=4 SV=1	KEYDPMTKKRKNEWKEKIKK	(126-145)	K	40.0	0.6657
tr|A0A133VP29|A0A133VP29_9EURY Sulfotransfer_1 domain-containing protein OS=candidate division MSBL1 archaeon SCGC-AAA382N08 OX=1698285 GN=AKJ56_01705 PE=4 SV=1	KSKDKPDRLLVKKYKELKEK	(113-132)	K	40.0	0.7096
tr|A0A133VPP5|A0A133VPP5_9EURY MCM domain-containing protein OS=candidate division MSBL1 archaeon SCGC-AAA382N08 OX=1698285 GN=AKJ56_01345 PE=4 SV=1	KDFHKKTKKRNELKKELKKTFDLDVKK	(411-437)	K	40.74	0.6975
tr|A0A133VPR4|A0A133VPR4_9EURY PadR domain-containing protein OS=candidate division MSBL1 archaeon SCGC-AAA382N08 OX=1698285 GN=AKJ56_01370 PE=4 SV=1	KKKIKRFKTKLNETEKK	(7-23)	K	47.06	0.5723
tr|A0A133VPV9|A0A133VPV9_9EURY HTH arsR-type domain-containing protein OS=candidate division MSBL1 archaeon SCGC-AAA382N08 OX=1698285 GN=AKJ56_01220 PE=4 SV=1	KKKIENEKKKWLKKVDKEKPDDPKKNHK	(18-45)	K	46.43	0.7123
tr|A0A133VPX4|A0A133VPX4_9EURY Elp3 domain-containing protein OS=candidate division MSBL1 archaeon SCGC-AAA382N08 OX=1698285 GN=AKJ56_01225 PE=4 SV=1	KKYKKATGTNDKKLLKKIKKTIK	(130-152)	K	47.83	0.6203
tr|A0A133VQ29|A0A133VQ29_9EURY Uncharacterized protein OS=candidate division MSBL1 archaeon SCGC-AAA382N08 OX=1698285 GN=AKJ56_01000 PE=4 SV=1	KAEVKKGKKKKAGRPKKRTSTK	(191-212)	K	45.45	0.6187
tr|A0A133VQ50|A0A133VQ50_9EURY Uncharacterized protein OS=candidate division MSBL1 archaeon SCGC-AAA382N08 OX=1698285 GN=AKJ56_01020 PE=4 SV=1	KEESNKKSDKKKKDYSDLIKKVAEKKMEK	(30-58)	K	41.38	0.6862
tr|A0A133VQ61|A0A133VQ61_9EURY DNA helicase OS=candidate division MSBL1 archaeon SCGC-AAA382N08 OX=1698285 GN=AKJ56_00900 PE=3 SV=1	KYPNKEEKEKEVLKKINKKPDGIK	(90-113)	K	37.5	0.8228
tr|A0A133VQE1|A0A133VQE1_9EURY Penicillin-insensitive transglycosylase OS=candidate division MSBL1 archaeon SCGC-AAA382N08 OX=1698285 GN=AKJ56_00765 PE=4 SV=1	KELGFITKKKAKEAKSKK	(246-263)	K	44.44	0.5576
tr|A0A133VQI8|A0A133VQI8_9EURY Uncharacterized protein OS=candidate division MSBL1 archaeon SCGC-AAA382N08 OX=1698285 GN=AKJ56_00615 PE=4 SV=1	KKESLEKQLDKLRKRKNKSKKAREK	(205-229)	K	40.0	0.824
tr|A0A133VQI8|A0A133VQI8_9EURY Uncharacterized protein OS=candidate division MSBL1 archaeon SCGC-AAA382N08 OX=1698285 GN=AKJ56_00615 PE=4 SV=1	KLLKNEKKTVKTLKNRKKELKDLNK	(357-381)	K	40.0	0.8774
tr|A0A133VQI8|A0A133VQI8_9EURY Uncharacterized protein OS=candidate division MSBL1 archaeon SCGC-AAA382N08 OX=1698285 GN=AKJ56_00615 PE=4 SV=1	KTHKKLKEKYEKKKKQLNTKKGILETQK	(509-536)	K	42.86	0.6862
tr|A0A133VQN4|A0A133VQN4_9EURY Uncharacterized protein OS=candidate division MSBL1 archaeon SCGC-AAA382N08 OX=1698285 GN=AKJ56_00415 PE=4 SV=1	KPFREKIKKIHRKRKEAKKKREEDTKEKRRKKALKLLKKRVK	(468-509)	K	40.48	0.8483
tr|A0A133VQP7|A0A133VQP7_9EURY Uncharacterized protein OS=candidate division MSBL1 archaeon SCGC-AAA382N08 OX=1698285 GN=AKJ56_00320 PE=4 SV=1	KIKVKEQKGEKYSKYETVKK	(357-376)	K	40.0	0.8293
tr|A0A133VQS2|A0A133VQS2_9EURY Uncharacterized protein OS=candidate division MSBL1 archaeon SCGC-AAA382N08 OX=1698285 GN=AKJ56_00400 PE=4 SV=1	KELEEKDKEWKKALKKLEK	(64-82)	K	42.11	0.7658
tr|A0A133VQS2|A0A133VQS2_9EURY Uncharacterized protein OS=candidate division MSBL1 archaeon SCGC-AAA382N08 OX=1698285 GN=AKJ56_00400 PE=4 SV=1	KKVMSKINKKYIEPPKEKEKKKKKKEEKKRQKIKKKWDNRDIVKRFKK	(366-413)	K	45.83	0.7308
tr|A0A133VQY5|A0A133VQY5_9EURY Uncharacterized protein OS=candidate division MSBL1 archaeon SCGC-AAA382N08 OX=1698285 GN=AKJ56_00115 PE=4 SV=1	KEKIKTTLAKAKKTQKFCEK	(25-44)	K	40.0	0.8102
tr|A0A133VMW4|A0A133VMW4_9EURY Uncharacterized protein OS=candidate division MSBL1 archaeon SCGC-AAA382N08 OX=1698285 GN=AKJ56_02325 PE=4 SV=1	LILLIWLILPLLLIAGLVAGFNL	(84-106)	L	43.48	0.7197
tr|A0A133VNE5|A0A133VNE5_9EURY Na_H_Exchanger domain-containing protein OS=candidate division MSBL1 archaeon SCGC-AAA382N08 OX=1698285 GN=AKJ56_02055 PE=4 SV=1	LMLLFLTGLGLELEKFKEL	(66-84)	L	42.11	0.7468
tr|A0A133VNS3|A0A133VNS3_9EURY Uncharacterized protein OS=candidate division MSBL1 archaeon SCGC-AAA382N08 OX=1698285 GN=AKJ56_01880 PE=4 SV=1	LLLSFLRPEAHELRELLL	(24-41)	L	44.44	0.5137
tr|A0A133VNU1|A0A133VNU1_9EURY Uncharacterized protein OS=candidate division MSBL1 archaeon SCGC-AAA382N08 OX=1698285 GN=AKJ56_01825 PE=3 SV=1	LLLLFLMGLIALWIGQGLYL	(7-26)	L	45.0	0.6384
tr|A0A133VQE0|A0A133VQE0_9EURY MFS domain-containing protein OS=candidate division MSBL1 archaeon SCGC-AAA382N08 OX=1698285 GN=AKJ56_00620 PE=4 SV=1	LMLALFGALIYLSLPSVLSL	(114-133)	L	40.0	0.8924
tr|A0A133VQG9|A0A133VQG9_9EURY Uncharacterized protein OS=candidate division MSBL1 archaeon SCGC-AAA382N08 OX=1698285 GN=AKJ56_00595 PE=4 SV=1	LENLNLDPLKPELPALLLL	(62-80)	L	47.37	0.6739
tr|A0A133VQP6|A0A133VQP6_9EURY Uncharacterized protein OS=candidate division MSBL1 archaeon SCGC-AAA382N08 OX=1698285 GN=AKJ56_00405 PE=4 SV=1	LLWGTLKKLLLLIIIIL	(21-37)	L	47.06	0.5381
tr|A0A133VQT4|A0A133VQT4_9EURY Uncharacterized protein OS=candidate division MSBL1 archaeon SCGC-AAA382N08 OX=1698285 GN=AKJ56_00255 PE=4 SV=1	LLLIALIPFLFSPIIGLTLLL	(95-115)	L	42.86	0.599
tr|A0A133VQV1|A0A133VQV1_9EURY Uncharacterized protein OS=candidate division MSBL1 archaeon SCGC-AAA382N08 OX=1698285 GN=AKJ56_00260 PE=4 SV=1	LGLMTLVLLLAFVLL	(168-182)	L	53.33	0.6667
tr|A0A133VQX8|A0A133VQX8_9EURY Uncharacterized protein OS=candidate division MSBL1 archaeon SCGC-AAA382N08 OX=1698285 GN=AKJ56_00015 PE=4 SV=1	LVSFELPLLPALVFLVFLSL	(404-423)	L	40.0	0.8293
tr|A0A133VMR6|A0A133VMR6_9EURY Uncharacterized protein OS=candidate division MSBL1 archaeon SCGC-AAA382N08 OX=1698285 GN=AKJ56_02405 PE=4 SV=1	NKNLNNVINTGLNSPLNSANRN	(21-42)	N	40.91	0.8661
tr|A0A133VPG6|A0A133VPG6_9EURY Uncharacterized protein OS=candidate division MSBL1 archaeon SCGC-AAA382N08 OX=1698285 GN=AKJ56_01515 PE=4 SV=1	QQNLADRRQQQKQEERQAAQ	(398-417)	Q	40.0	0.6249
tr|A0A133VR28|A0A133VR28_9EURY HNHc domain-containing protein OS=candidate division MSBL1 archaeon SCGC-AAA382N08 OX=1698285 GN=AKJ56_00200 PE=4 SV=1	RRRRYRRTRRNRKTRYRKPRFDNRKR	(95-120)	R	53.85	0.7904
tr|A0A133VNV9|A0A133VNV9_9EURY Uncharacterized protein OS=candidate division MSBL1 archaeon SCGC-AAA382N08 OX=1698285 GN=AKJ56_01815 PE=4 SV=1	SSSVDINTGSMTVSKSSDSPS	(50-70)	S	42.86	0.635
tr|A0A133VNV9|A0A133VNV9_9EURY Uncharacterized protein OS=candidate division MSBL1 archaeon SCGC-AAA382N08 OX=1698285 GN=AKJ56_01815 PE=4 SV=1	SGYSLDVSSGGLSVSKSS	(194-211)	S	44.44	0.7551
tr|A0A133VPS6|A0A133VPS6_9EURY PKD domain-containing protein OS=candidate division MSBL1 archaeon SCGC-AAA382N08 OX=1698285 GN=AKJ56_01295 PE=4 SV=1	SFSSEEISCSGSSYEVS	(412-428)	S	47.06	0.7136
tr|A0A133VQ48|A0A133VQ48_9EURY Uncharacterized protein OS=candidate division MSBL1 archaeon SCGC-AAA382N08 OX=1698285 GN=AKJ56_01010 PE=4 SV=1	SIESSTQIKSLSDSRSFGS	(141-159)	S	42.11	0.8065
tr|A0A133VQK6|A0A133VQK6_9EURY Uncharacterized protein OS=candidate division MSBL1 archaeon SCGC-AAA382N08 OX=1698285 GN=AKJ56_00445 PE=4 SV=1	SSDVMNPSFSSLSSALSKLFSSTVS	(22-46)	S	44.0	0.7355
tr|A0A133VQ15|A0A133VQ15_9EURY Uncharacterized protein OS=candidate division MSBL1 archaeon SCGC-AAA382N08 OX=1698285 GN=AKJ56_00945 PE=4 SV=1	TDTITISRGQENTTATTKNTTDGEYVMTLNLT	(72-103)	T	34.38	0.7358
tr|A0A133VQH0|A0A133VQH0_9EURY Uncharacterized protein OS=candidate division MSBL1 archaeon SCGC-AAA382N08 OX=1698285 GN=AKJ56_00605 PE=4 SV=1	VNLVSVVVDVVIYNPDYGVPRV	(48-69)	V	40.91	0.6219
