Protein ID	Domain Sequence	Domain Boundaries	LCD Class	Final Domain Composition	Final Domain Linear Dispersion
tr|A0A133V140|A0A133V140_9EURY DNA polymerase II large subunit OS=candidate division MSBL1 archaeon SCGC-AAA261C02 OX=1698272 GN=polC PE=3 SV=1	AAEQAVRTALAIITEGIAAAA	(91-111)	A	42.86	0.5875
tr|A0A133V1C1|A0A133V1C1_9EURY Ald_Xan_dh_C domain-containing protein OS=candidate division MSBL1 archaeon SCGC-AAA261C02 OX=1698272 GN=AKJ42_01335 PE=4 SV=1	AIVAAESKAAARKAA	(90-104)	A	53.33	0.6147
tr|A0A133V1G4|A0A133V1G4_9EURY Exosome complex component Rrp41 OS=candidate division MSBL1 archaeon SCGC-AAA261C02 OX=1698272 GN=rrp41 PE=3 SV=1	AGAGTRTAGISAASVALADA	(128-147)	A	40.0	0.8102
tr|A0A133V287|A0A133V287_9EURY Putative K(+)-stimulated pyrophosphate-energized sodium pump OS=candidate division MSBL1 archaeon SCGC-AAA261C02 OX=1698272 GN=hppA PE=3 SV=1	AAIGKGFAIGAAALTAIA	(452-469)	A	44.44	0.6214
tr|A0A133UXU1|A0A133UXU1_9EURY Seryl_tRNA_N domain-containing protein OS=candidate division MSBL1 archaeon SCGC-AAA261C02 OX=1698272 GN=AKJ42_03880 PE=4 SV=1	EIQKSKDLLEEIESEEEKKEDLRKEIDE	(74-101)	E	35.71	0.6827
tr|A0A133UXV8|A0A133UXV8_9EURY Phosphoglucosamine mutase OS=candidate division MSBL1 archaeon SCGC-AAA261C02 OX=1698272 GN=AKJ42_03870 PE=3 SV=1	ESEIEEIYFEERFESVEWSE	(121-140)	E	45.0	0.8046
tr|A0A133UY15|A0A133UY15_9EURY Uncharacterized protein OS=candidate division MSBL1 archaeon SCGC-AAA261C02 OX=1698272 GN=AKJ42_03775 PE=4 SV=1	ELMNEKFEAKKESEEEEEETIDE	(39-61)	E	47.83	0.5902
tr|A0A133UYB9|A0A133UYB9_9EURY HTH dtxR-type domain-containing protein OS=candidate division MSBL1 archaeon SCGC-AAA261C02 OX=1698272 GN=AKJ42_03620 PE=3 SV=1	EIELNPEESSESVEEYLEALWVSEEEE	(2-28)	E	44.44	0.7122
tr|A0A133UYK8|A0A133UYK8_9EURY Uncharacterized protein OS=candidate division MSBL1 archaeon SCGC-AAA261C02 OX=1698272 GN=AKJ42_03420 PE=4 SV=1	ELKKFRVEVEEAGEELEERGEPIEAGEETIGESEE	(46-80)	E	42.86	0.7956
tr|A0A133UYM0|A0A133UYM0_9EURY tRNA-Thr_ED domain-containing protein OS=candidate division MSBL1 archaeon SCGC-AAA261C02 OX=1698272 GN=AKJ42_03405 PE=4 SV=1	EDEDENKGRAEELVEKAFEE	(2-21)	E	40.0	0.7251
tr|A0A133UYU8|A0A133UYU8_9EURY Lactamase_B domain-containing protein OS=candidate division MSBL1 archaeon SCGC-AAA261C02 OX=1698272 GN=AKJ42_03350 PE=4 SV=1	EKKLEEKIEEIKELEPE	(190-206)	E	47.06	0.7378
tr|A0A133UYU9|A0A133UYU9_9EURY ArsA_ATPase domain-containing protein OS=candidate division MSBL1 archaeon SCGC-AAA261C02 OX=1698272 GN=AKJ42_03320 PE=4 SV=1	EERMEYEKKVIEEIEE	(261-276)	E	50.0	0.6429
tr|A0A133UYW5|A0A133UYW5_9EURY Uncharacterized protein OS=candidate division MSBL1 archaeon SCGC-AAA261C02 OX=1698272 GN=AKJ42_03290 PE=4 SV=1	EEEVEELEEFCKKFGCE	(64-80)	E	47.06	0.4036
tr|A0A133UYZ2|A0A133UYZ2_9EURY Flap endonuclease 1 OS=candidate division MSBL1 archaeon SCGC-AAA261C02 OX=1698272 GN=fen PE=3 SV=1	EAEEDLEFEVDPIEIEEIFLE	(264-284)	E	42.86	0.7764
tr|A0A133UZ85|A0A133UZ85_9EURY Phosphoribosyl-ATP pyrophosphatase OS=candidate division MSBL1 archaeon SCGC-AAA261C02 OX=1698272 GN=hisE PE=3 SV=1	EEAIVEKIREESEELVKAIEEGKKEIVHE	(34-62)	E	37.93	0.7837
tr|A0A133UZ93|A0A133UZ93_9EURY 5_nucleotid_C domain-containing protein OS=candidate division MSBL1 archaeon SCGC-AAA261C02 OX=1698272 GN=AKJ42_03115 PE=4 SV=1	EIESKVVKYEEEVEEISSEVIGEATE	(207-232)	E	38.46	0.7363
tr|A0A133UZC5|A0A133UZC5_9EURY Uncharacterized protein OS=candidate division MSBL1 archaeon SCGC-AAA261C02 OX=1698272 GN=AKJ42_03030 PE=4 SV=1	EELKEELGAVERVEISELTEE	(76-96)	E	42.86	0.7602
tr|A0A133UZC8|A0A133UZC8_9EURY Pyruvate ferredoxin oxidoreductase OS=candidate division MSBL1 archaeon SCGC-AAA261C02 OX=1698272 GN=AKJ42_03055 PE=4 SV=1	EKTKSVAEKGTHEMEFEEEEDWEPLYTELLPEE	(372-404)	E	36.36	0.7619
tr|A0A133UZD0|A0A133UZD0_9EURY Zinc-hook domain-containing protein OS=candidate division MSBL1 archaeon SCGC-AAA261C02 OX=1698272 GN=AKJ42_03010 PE=4 SV=1	EELEEKAEELREEFE	(233-247)	E	60.0	0.8319
tr|A0A133UZD3|A0A133UZD3_9EURY CbiA domain-containing protein OS=candidate division MSBL1 archaeon SCGC-AAA261C02 OX=1698272 GN=AKJ42_02970 PE=4 SV=1	ELESEAAKEFVELAEKLEE	(221-239)	E	42.11	0.8515
tr|A0A133UZF9|A0A133UZF9_9EURY Uncharacterized protein OS=candidate division MSBL1 archaeon SCGC-AAA261C02 OX=1698272 GN=AKJ42_02915 PE=4 SV=1	EEEEFEKLVEGAEELVKIREE	(27-47)	E	47.62	0.5785
tr|A0A133UZI7|A0A133UZI7_9EURY Uncharacterized protein OS=candidate division MSBL1 archaeon SCGC-AAA261C02 OX=1698272 GN=AKJ42_02865 PE=4 SV=1	EEDTEHERHRPAEEGEGVE	(48-66)	E	42.11	0.7108
tr|A0A133UZK8|A0A133UZK8_9EURY MAGE domain-containing protein OS=candidate division MSBL1 archaeon SCGC-AAA261C02 OX=1698272 GN=AKJ42_02900 PE=4 SV=1	EEKTEKEIEEERIEAIRE	(33-50)	E	50.0	0.7104
tr|A0A133UZM0|A0A133UZM0_9EURY UPF0282 protein AKJ42_02870 OS=candidate division MSBL1 archaeon SCGC-AAA261C02 OX=1698272 GN=AKJ42_02870 PE=3 SV=1	EVLQEREEKEYEDPMEELPHARE	(131-153)	E	39.13	0.7656
tr|A0A133UZN5|A0A133UZN5_9EURY Uncharacterized protein OS=candidate division MSBL1 archaeon SCGC-AAA261C02 OX=1698272 GN=AKJ42_02765 PE=4 SV=1	EEETYETEDEETKELVTEVLDLELEE	(28-53)	E	46.15	0.7562
tr|A0A133UZP7|A0A133UZP7_9EURY SMC_N domain-containing protein OS=candidate division MSBL1 archaeon SCGC-AAA261C02 OX=1698272 GN=AKJ42_02770 PE=4 SV=1	ELEERAEEAAENRKRALEELE	(481-501)	E	42.86	0.6603
tr|A0A133UZW1|A0A133UZW1_9EURY Helicase ATP-binding domain-containing protein OS=candidate division MSBL1 archaeon SCGC-AAA261C02 OX=1698272 GN=AKJ42_02620 PE=4 SV=1	ELEEIPEELREDVEE	(491-505)	E	53.33	0.725
tr|A0A133V006|A0A133V006_9EURY Uncharacterized protein OS=candidate division MSBL1 archaeon SCGC-AAA261C02 OX=1698272 GN=AKJ42_02540 PE=4 SV=1	EALETIEPSEEREKELE	(41-57)	E	47.06	0.8219
tr|A0A133V075|A0A133V075_9EURY Uncharacterized protein OS=candidate division MSBL1 archaeon SCGC-AAA261C02 OX=1698272 GN=AKJ42_02395 PE=4 SV=1	EVEKIRKMAREEVENFEEEDPYEDLYKEVE	(24-53)	E	36.67	0.7406
tr|A0A133V0D5|A0A133V0D5_9EURY Uncharacterized protein OS=candidate division MSBL1 archaeon SCGC-AAA261C02 OX=1698272 GN=AKJ42_02290 PE=4 SV=1	EAISLHEGEGSESIETWEEEREFLKELGIDPEE	(42-74)	E	36.36	0.8116
tr|A0A133V0I3|A0A133V0I3_9EURY Uncharacterized protein OS=candidate division MSBL1 archaeon SCGC-AAA261C02 OX=1698272 GN=AKJ42_02110 PE=4 SV=1	EEWAEEVEKPPEAPEEERPKKEPEEEAPEEEEEEWGFE	(217-254)	E	52.63	0.7175
tr|A0A133V0L3|A0A133V0L3_9EURY Uncharacterized protein OS=candidate division MSBL1 archaeon SCGC-AAA261C02 OX=1698272 GN=AKJ42_01995 PE=4 SV=1	EVDEEEKKAKGEYGRPSEEELAE	(8-30)	E	39.13	0.6525
tr|A0A133V0N0|A0A133V0N0_9EURY Uncharacterized protein OS=candidate division MSBL1 archaeon SCGC-AAA261C02 OX=1698272 GN=AKJ42_02070 PE=3 SV=1	EEGAGFVREREREIEELFE	(111-129)	E	42.11	0.6454
tr|A0A133V0N0|A0A133V0N0_9EURY Uncharacterized protein OS=candidate division MSBL1 archaeon SCGC-AAA261C02 OX=1698272 GN=AKJ42_02070 PE=3 SV=1	EAQTEERAEELVEEGMQALEE	(423-443)	E	42.86	0.6734
tr|A0A133V0N8|A0A133V0N8_9EURY Uncharacterized protein OS=candidate division MSBL1 archaeon SCGC-AAA261C02 OX=1698272 GN=AKJ42_01880 PE=4 SV=1	EEEVEELEEFCKRFGCE	(64-80)	E	47.06	0.4036
tr|A0A133V0Q0|A0A133V0Q0_9EURY Uncharacterized protein OS=candidate division MSBL1 archaeon SCGC-AAA261C02 OX=1698272 GN=AKJ42_01890 PE=4 SV=1	EERLESVIECDELGEREKE	(42-60)	E	42.11	0.8515
tr|A0A133V0U6|A0A133V0U6_9EURY Site-specific DNA-methyltransferase (adenine-specific) OS=candidate division MSBL1 archaeon SCGC-AAA261C02 OX=1698272 GN=AKJ42_01765 PE=3 SV=1	EFEGEAEEYPEPEELLTE	(425-442)	E	50.0	0.7789
tr|A0A133V0U6|A0A133V0U6_9EURY Site-specific DNA-methyltransferase (adenine-specific) OS=candidate division MSBL1 archaeon SCGC-AAA261C02 OX=1698272 GN=AKJ42_01765 PE=3 SV=1	ENVESILEEIRSEEGSEDE	(452-470)	E	42.11	0.7857
tr|A0A133V0V1|A0A133V0V1_9EURY Uncharacterized protein OS=candidate division MSBL1 archaeon SCGC-AAA261C02 OX=1698272 GN=AKJ42_01810 PE=4 SV=1	EGHSLHPEDLEEVMEEEPE	(36-54)	E	42.11	0.6008
tr|A0A133V151|A0A133V151_9EURY Uncharacterized protein OS=candidate division MSBL1 archaeon SCGC-AAA261C02 OX=1698272 GN=AKJ42_01585 PE=4 SV=1	EEKEEEIEELEDSISE	(62-77)	E	56.25	0.6674
tr|A0A133V185|A0A133V185_9EURY Beta-ribofuranosylaminobenzene 5'-phosphate synthase OS=candidate division MSBL1 archaeon SCGC-AAA261C02 OX=1698272 GN=AKJ42_01535 PE=3 SV=1	EIEFEKSRNWSGVEENEREE	(57-76)	E	40.0	0.5386
tr|A0A133V188|A0A133V188_9EURY DNA-directed RNA polymerase subunit beta OS=candidate division MSBL1 archaeon SCGC-AAA261C02 OX=1698272 GN=AKJ42_01385 PE=3 SV=1	EEEVEETIRKLGVEELEKGVE	(473-493)	E	42.86	0.5541
tr|A0A133V1E1|A0A133V1E1_9EURY AA_TRNA_LIGASE_II domain-containing protein OS=candidate division MSBL1 archaeon SCGC-AAA261C02 OX=1698272 GN=AKJ42_01185 PE=4 SV=1	EEAEEDYEEAWLDSKELIE	(10-28)	E	42.11	0.6153
tr|A0A133V1I6|A0A133V1I6_9EURY Uncharacterized protein OS=candidate division MSBL1 archaeon SCGC-AAA261C02 OX=1698272 GN=AKJ42_01120 PE=4 SV=1	ERLEMVEEYGYPPELEELLE	(59-78)	E	40.0	0.741
tr|A0A133V1K8|A0A133V1K8_9EURY Uncharacterized protein OS=candidate division MSBL1 archaeon SCGC-AAA261C02 OX=1698272 GN=AKJ42_00945 PE=4 SV=1	EGLASDEEEAEELAASGEIE	(83-102)	E	40.0	0.6119
tr|A0A133V1L1|A0A133V1L1_9EURY 5'-deoxynucleotidase OS=candidate division MSBL1 archaeon SCGC-AAA261C02 OX=1698272 GN=AKJ42_01105 PE=3 SV=1	EVSLELGEEIKNDLEEESLEELVGELPDGEKYLE	(82-115)	E	35.29	0.8167
tr|A0A133V1T2|A0A133V1T2_9EURY SHSP domain-containing protein OS=candidate division MSBL1 archaeon SCGC-AAA261C02 OX=1698272 GN=AKJ42_00910 PE=3 SV=1	EMEHGFRPFEERESFEEEFEDPLEKMMKRFEETPEEFEELIKEEE	(8-52)	E	42.22	0.7782
tr|A0A133V1U2|A0A133V1U2_9EURY Uncharacterized protein OS=candidate division MSBL1 archaeon SCGC-AAA261C02 OX=1698272 GN=AKJ42_00815 PE=4 SV=1	ENEELAEQVIELEELMDE	(35-52)	E	44.44	0.7551
tr|A0A133V1X0|A0A133V1X0_9EURY THUMP domain-containing protein OS=candidate division MSBL1 archaeon SCGC-AAA261C02 OX=1698272 GN=AKJ42_00820 PE=4 SV=1	EVESTREEVEEAAVRIGEENIERGE	(71-95)	E	40.0	0.7345
tr|A0A133V1X7|A0A133V1X7_9EURY WYL domain-containing protein OS=candidate division MSBL1 archaeon SCGC-AAA261C02 OX=1698272 GN=AKJ42_00630 PE=4 SV=1	EITEETFEAEEEE	(79-91)	E	61.54	0.6811
tr|A0A133V1Y2|A0A133V1Y2_9EURY Uncharacterized protein OS=candidate division MSBL1 archaeon SCGC-AAA261C02 OX=1698272 GN=AKJ42_00595 PE=4 SV=1	EKYPDAEIRVEGESIEEKEEEPVIEVVEGEENE	(67-99)	E	42.42	0.8092
tr|A0A133V207|A0A133V207_9EURY Uncharacterized protein OS=candidate division MSBL1 archaeon SCGC-AAA261C02 OX=1698272 GN=AKJ42_00605 PE=4 SV=1	EFELEARIPKPFEERLEELEE	(465-485)	E	42.86	0.599
tr|A0A133V276|A0A133V276_9EURY Glutamate--tRNA ligase OS=candidate division MSBL1 archaeon SCGC-AAA261C02 OX=1698272 GN=gltX PE=3 SV=1	ERPELKEEIEDLKESVEE	(36-53)	E	44.44	0.7777
tr|A0A133V276|A0A133V276_9EURY Glutamate--tRNA ligase OS=candidate division MSBL1 archaeon SCGC-AAA261C02 OX=1698272 GN=gltX PE=3 SV=1	EQRGELEGLGAPERPEREEEEGLPE	(65-89)	E	40.0	0.7345
tr|A0A133V288|A0A133V288_9EURY 30S ribosomal protein S2 OS=candidate division MSBL1 archaeon SCGC-AAA261C02 OX=1698272 GN=rps2 PE=3 SV=1	EELDVSLEEFETKFEEE	(178-194)	E	47.06	0.5217
tr|A0A133V2A3|A0A133V2A3_9EURY GTP-dependent dephospho-CoA kinase OS=candidate division MSBL1 archaeon SCGC-AAA261C02 OX=1698272 GN=AKJ42_00325 PE=3 SV=1	EVTEEKKREFEELLELFERE	(147-166)	E	45.0	0.8046
tr|A0A133V2E5|A0A133V2E5_9EURY Uncharacterized protein OS=candidate division MSBL1 archaeon SCGC-AAA261C02 OX=1698272 GN=AKJ42_00005 PE=4 SV=1	ESSEEGVEEESKEE	(79-92)	E	57.14	0.6936
tr|A0A133V2F3|A0A133V2F3_9EURY Signal recognition particle 54 kDa protein OS=candidate division MSBL1 archaeon SCGC-AAA261C02 OX=1698272 GN=srp54 PE=3 SV=1	ETLLEKIRETTEPEEIESE	(300-318)	E	42.11	0.8284
tr|A0A133UYQ8|A0A133UYQ8_9EURY Isocitrate dehydrogenase (NADP(+)) OS=candidate division MSBL1 archaeon SCGC-AAA261C02 OX=1698272 GN=AKJ42_03395 PE=3 SV=1	GQVGGLGIAPGSNIGDGKG	(312-330)	G	42.11	0.8284
tr|A0A133V1J0|A0A133V1J0_9EURY GXGXG domain-containing protein OS=candidate division MSBL1 archaeon SCGC-AAA261C02 OX=1698272 GN=AKJ42_01150 PE=4 SV=1	GTIVIEGLSGDGTGQGIYGG	(84-103)	G	40.0	0.7743
tr|A0A133V2G6|A0A133V2G6_9EURY Oligosaccharyl transferase OS=candidate division MSBL1 archaeon SCGC-AAA261C02 OX=1698272 GN=AKJ42_00010 PE=3 SV=1	GFAQRIGGFLGLGGGGGG	(314-331)	G	55.56	0.4592
tr|A0A133UYQ3|A0A133UYQ3_9EURY Uncharacterized protein OS=candidate division MSBL1 archaeon SCGC-AAA261C02 OX=1698272 GN=AKJ42_03340 PE=4 SV=1	HRHFHTHDGEKHEHYHLH	(106-123)	H	44.44	0.827
tr|A0A133UYA9|A0A133UYA9_9EURY Uncharacterized protein OS=candidate division MSBL1 archaeon SCGC-AAA261C02 OX=1698272 GN=AKJ42_03635 PE=4 SV=1	IYIAIGAGIILAVMLIIFI	(142-160)	I	42.11	0.6937
tr|A0A133UYQ3|A0A133UYQ3_9EURY Uncharacterized protein OS=candidate division MSBL1 archaeon SCGC-AAA261C02 OX=1698272 GN=AKJ42_03340 PE=4 SV=1	IITVAVIIYSIAIISTMGLI	(180-199)	I	40.0	0.6657
tr|A0A133V0D7|A0A133V0D7_9EURY PHB domain-containing protein OS=candidate division MSBL1 archaeon SCGC-AAA261C02 OX=1698272 GN=AKJ42_02240 PE=3 SV=1	IIFIIIVIIVILALAIKI	(9-26)	I	55.56	0.7131
tr|A0A133V1R4|A0A133V1R4_9EURY MgtE domain-containing protein OS=candidate division MSBL1 archaeon SCGC-AAA261C02 OX=1698272 GN=AKJ42_00805 PE=3 SV=1	IAIIAGILSSFILIGLTIGI	(127-146)	I	40.0	0.8102
tr|A0A133V1V2|A0A133V1V2_9EURY PKD domain-containing protein OS=candidate division MSBL1 archaeon SCGC-AAA261C02 OX=1698272 GN=AKJ42_00865 PE=4 SV=1	ILTITIIIILAIGLLWI	(6-22)	I	47.06	0.5902
tr|A0A133V2E1|A0A133V2E1_9EURY Uncharacterized protein OS=candidate division MSBL1 archaeon SCGC-AAA261C02 OX=1698272 GN=AKJ42_00110 PE=4 SV=1	ILIIIGKIIAAIILAIII	(6-23)	I	61.11	0.7829
tr|A0A133UY12|A0A133UY12_9EURY Uncharacterized protein OS=candidate division MSBL1 archaeon SCGC-AAA261C02 OX=1698272 GN=AKJ42_03770 PE=4 SV=1	KVKEEMDKLEKKGFLKSKPK	(28-47)	K	40.0	0.8102
tr|A0A133UYQ1|A0A133UYQ1_9EURY GIY-YIG domain-containing protein OS=candidate division MSBL1 archaeon SCGC-AAA261C02 OX=1698272 GN=AKJ42_03370 PE=4 SV=1	KKWSKEKKEKLIQNQKPLK	(66-84)	K	42.11	0.7108
tr|A0A133UZ06|A0A133UZ06_9EURY Uncharacterized protein OS=candidate division MSBL1 archaeon SCGC-AAA261C02 OX=1698272 GN=AKJ42_03250 PE=4 SV=1	KKTRYEKEEEKRRKKERKK	(45-63)	K	42.11	0.7108
tr|A0A133UZD0|A0A133UZD0_9EURY Zinc-hook domain-containing protein OS=candidate division MSBL1 archaeon SCGC-AAA261C02 OX=1698272 GN=AKJ42_03010 PE=4 SV=1	KKLKEKHAKLKEQREKLDEK	(18-37)	K	40.0	0.8102
tr|A0A133UZI4|A0A133UZI4_9EURY HintN domain-containing protein OS=candidate division MSBL1 archaeon SCGC-AAA261C02 OX=1698272 GN=AKJ42_02890 PE=4 SV=1	KLKKALSAKEGAKSKRSKPK	(6-25)	K	40.0	0.8102
tr|A0A133V001|A0A133V001_9EURY Site-specific DNA-methyltransferase (adenine-specific) OS=candidate division MSBL1 archaeon SCGC-AAA261C02 OX=1698272 GN=AKJ42_02530 PE=3 SV=1	KETNEKSKKNHKVKVVRAKKVK	(638-659)	K	40.91	0.77
tr|A0A133V0L3|A0A133V0L3_9EURY Uncharacterized protein OS=candidate division MSBL1 archaeon SCGC-AAA261C02 OX=1698272 GN=AKJ42_01995 PE=4 SV=1	KQKKDLKRLEEIVKEKKEGK	(31-50)	K	40.0	0.68
tr|A0A133V0X6|A0A133V0X6_9EURY Uncharacterized protein OS=candidate division MSBL1 archaeon SCGC-AAA261C02 OX=1698272 GN=AKJ42_01635 PE=4 SV=1	KLKWGTSDLKEKIRVKKKSKAKPTVPK	(28-54)	K	37.04	0.7557
tr|A0A133V0Z3|A0A133V0Z3_9EURY Uncharacterized protein OS=candidate division MSBL1 archaeon SCGC-AAA261C02 OX=1698272 GN=AKJ42_01730 PE=4 SV=1	KKFMSKSEGNKKAYIRKKLK	(121-140)	K	40.0	0.6946
tr|A0A133V110|A0A133V110_9EURY Uncharacterized protein OS=candidate division MSBL1 archaeon SCGC-AAA261C02 OX=1698272 GN=AKJ42_01610 PE=4 SV=1	KKKKEEAIRKLMEGINKKLK	(136-155)	K	40.0	0.5158
tr|A0A133V196|A0A133V196_9EURY DNA-directed RNA polymerase subunit H OS=candidate division MSBL1 archaeon SCGC-AAA261C02 OX=1698272 GN=rpoH PE=3 SV=1	KKKKKFKVTEHKLVPK	(3-18)	K	50.0	0.4671
tr|A0A133V1E1|A0A133V1E1_9EURY AA_TRNA_LIGASE_II domain-containing protein OS=candidate division MSBL1 archaeon SCGC-AAA261C02 OX=1698272 GN=AKJ42_01185 PE=4 SV=1	KKEPKTKAGEKIAKKVKKTAESHK	(356-379)	K	41.67	0.7563
tr|A0A133V1U9|A0A133V1U9_9EURY Uncharacterized protein OS=candidate division MSBL1 archaeon SCGC-AAA261C02 OX=1698272 GN=AKJ42_00905 PE=4 SV=1	KKGDKTKKFVKEASKLNAK	(245-263)	K	42.11	0.7857
tr|A0A133V205|A0A133V205_9EURY Argininosuccinate lyase OS=candidate division MSBL1 archaeon SCGC-AAA261C02 OX=1698272 GN=argH PE=3 SV=1	KKASKEIIGEEIKLSKKKLKK	(410-430)	K	42.86	0.565
tr|A0A133V205|A0A133V205_9EURY Argininosuccinate lyase OS=candidate division MSBL1 archaeon SCGC-AAA261C02 OX=1698272 GN=argH PE=3 SV=1	KKLEEKTKESEKIVEKRKK	(457-475)	K	42.11	0.7658
tr|A0A133V2J6|A0A133V2J6_9EURY 50S ribosomal protein L21e OS=candidate division MSBL1 archaeon SCGC-AAA261C02 OX=1698272 GN=rpl21e PE=3 SV=1	KSKGKRSKTRKKLRKKVRDRGK	(3-24)	K	40.91	0.77
tr|A0A133UY11|A0A133UY11_9EURY Protein translocase subunit SecY OS=candidate division MSBL1 archaeon SCGC-AAA261C02 OX=1698272 GN=secY PE=3 SV=1	LRILFLIIQLTLGVLVVLYLDEL	(150-172)	L	39.13	0.9344
tr|A0A133UY31|A0A133UY31_9EURY Glyco_trans_2-like domain-containing protein OS=candidate division MSBL1 archaeon SCGC-AAA261C02 OX=1698272 GN=AKJ42_03735 PE=4 SV=1	LAAQILGLFAFFLLLQALLSAL	(136-157)	L	40.91	0.7288
tr|A0A133UY63|A0A133UY63_9EURY Uncharacterized protein OS=candidate division MSBL1 archaeon SCGC-AAA261C02 OX=1698272 GN=AKJ42_03705 PE=3 SV=1	LLGRRLKIKKLSFVSFLLLL	(24-43)	L	40.0	0.5866
tr|A0A133UY63|A0A133UY63_9EURY Uncharacterized protein OS=candidate division MSBL1 archaeon SCGC-AAA261C02 OX=1698272 GN=AKJ42_03705 PE=3 SV=1	LLWTHIGALVFLLGILYLGL	(180-199)	L	40.0	0.68
tr|A0A133UY87|A0A133UY87_9EURY Uncharacterized protein OS=candidate division MSBL1 archaeon SCGC-AAA261C02 OX=1698272 GN=AKJ42_03655 PE=4 SV=1	LIALGALTSGLLFELLHL	(46-63)	L	44.44	0.7777
tr|A0A133UYH2|A0A133UYH2_9EURY Glyco_trans_2-like domain-containing protein OS=candidate division MSBL1 archaeon SCGC-AAA261C02 OX=1698272 GN=AKJ42_03520 PE=4 SV=1	LLTGLTLVFFYNFLTLPLALL	(93-113)	L	42.86	0.6869
tr|A0A133UZ33|A0A133UZ33_9EURY Uncharacterized protein OS=candidate division MSBL1 archaeon SCGC-AAA261C02 OX=1698272 GN=AKJ42_03160 PE=4 SV=1	LSKKVDFTLLTSAGLLELLL	(319-338)	L	40.0	0.5158
tr|A0A133UZD1|A0A133UZD1_9EURY Uncharacterized protein OS=candidate division MSBL1 archaeon SCGC-AAA261C02 OX=1698272 GN=AKJ42_02980 PE=4 SV=1	LFLATYLFLGLGVLVLYL	(42-59)	L	44.44	0.8843
tr|A0A133V027|A0A133V027_9EURY DUF4040 domain-containing protein OS=candidate division MSBL1 archaeon SCGC-AAA261C02 OX=1698272 GN=AKJ42_02485 PE=4 SV=1	LLIGLLLACIIAIELRDLL	(11-29)	L	42.11	0.5075
tr|A0A133V147|A0A133V147_9EURY Uncharacterized protein OS=candidate division MSBL1 archaeon SCGC-AAA261C02 OX=1698272 GN=AKJ42_01505 PE=4 SV=1	LKDLDLDVLEDWYLTYILLL	(70-89)	L	40.0	0.7574
tr|A0A133V1J4|A0A133V1J4_9EURY Uncharacterized protein OS=candidate division MSBL1 archaeon SCGC-AAA261C02 OX=1698272 GN=AKJ42_01095 PE=4 SV=1	LLLGLAITITSIGLMLILGL	(58-77)	L	40.0	0.5272
tr|A0A133V1S6|A0A133V1S6_9EURY Uncharacterized protein OS=candidate division MSBL1 archaeon SCGC-AAA261C02 OX=1698272 GN=AKJ42_00795 PE=4 SV=1	LYLRILLPIVSIAFLILVLL	(143-162)	L	40.0	0.6119
tr|A0A133V1X6|A0A133V1X6_9EURY T2SSF domain-containing protein OS=candidate division MSBL1 archaeon SCGC-AAA261C02 OX=1698272 GN=AKJ42_00750 PE=4 SV=1	LVSFAPLLFLTLLIFLGYL	(106-124)	L	42.11	0.7108
tr|A0A133V275|A0A133V275_9EURY ATPase OS=candidate division MSBL1 archaeon SCGC-AAA261C02 OX=1698272 GN=AKJ42_00550 PE=3 SV=1	LFAVGLLLELLEISGSGALLL	(38-58)	L	42.86	0.502
tr|A0A133UZY0|A0A133UZY0_9EURY HTH iclR-type domain-containing protein OS=candidate division MSBL1 archaeon SCGC-AAA261C02 OX=1698272 GN=AKJ42_02565 PE=4 SV=1	PPSREKPQPPSLPSVPPKEVQRPPSEP	(95-121)	P	40.74	0.7581
tr|A0A133V1D9|A0A133V1D9_9EURY Prefoldin subunit beta OS=candidate division MSBL1 archaeon SCGC-AAA261C02 OX=1698272 GN=pfdB PE=3 SV=1	QVQHQLTQFQQTQQRAQALATQRRQ	(7-31)	Q	44.0	0.8326
tr|A0A133UYA6|A0A133UYA6_9EURY Uncharacterized protein OS=candidate division MSBL1 archaeon SCGC-AAA261C02 OX=1698272 GN=AKJ42_03605 PE=4 SV=1	RTPRDLRRKLEGSGIRRSRR	(158-177)	R	40.0	0.5866
tr|A0A133V1I0|A0A133V1I0_9EURY 50S ribosomal protein L15e OS=candidate division MSBL1 archaeon SCGC-AAA261C02 OX=1698272 GN=AKJ42_01270 PE=3 SV=1	RARVRSGGRRKSRPSLGRRPKR	(57-78)	R	40.91	0.7996
tr|A0A133V271|A0A133V271_9EURY Uncharacterized protein OS=candidate division MSBL1 archaeon SCGC-AAA261C02 OX=1698272 GN=AKJ42_00290 PE=4 SV=1	SKFSSSLTRSINLLGKASSS	(119-138)	S	40.0	0.5272
tr|A0A133UYQ4|A0A133UYQ4_9EURY Aconitase domain-containing protein OS=candidate division MSBL1 archaeon SCGC-AAA261C02 OX=1698272 GN=AKJ42_03385 PE=4 SV=1	VDNVVPVSEVEGVKVDQV	(103-120)	V	44.44	0.8545
tr|A0A133V1N5|A0A133V1N5_9EURY Acetyl-CoA synthetase OS=candidate division MSBL1 archaeon SCGC-AAA261C02 OX=1698272 GN=AKJ42_00950 PE=4 SV=1	VKRVREEVGPVAVVEDIVFV	(574-593)	V	40.0	0.8492
