Protein ID	Domain Sequence	Domain Boundaries	LCD Class	Final Domain Composition	Final Domain Linear Dispersion
tr|A0B543|A0B543_METTP N5-carboxyaminoimidazole ribonucleotide mutase OS=Methanothrix thermoacetophila (strain DSM 6194 / JCM 14653 / NBRC 101360 / PT) (Methanosaeta thermophila) OX=349307 GN=purE PE=3 SV=1	ARVFIAVAGMSAALPGAVAA	(54-73)	A	40.0	0.7574
tr|A0B5B2|A0B5B2_METTP Ammonium transporter OS=Methanothrix thermoacetophila (strain DSM 6194 / JCM 14653 / NBRC 101360 / PT) (Methanosaeta thermophila) OX=349307 GN=Mthe_0084 PE=3 SV=1	AGGLAASAFVVTNTSAAAGALA	(223-244)	A	40.91	0.6112
sp|A0B5C3|DTDA_METTP D-aminoacyl-tRNA deacylase OS=Methanothrix thermoacetophila (strain DSM 6194 / JCM 14653 / NBRC 101360 / PT) (Methanosaeta thermophila) OX=349307 GN=dtdA PE=3 SV=1	AAGAAVARAILELESYEAHA	(156-175)	A	40.0	0.5386
tr|A0B5H0|A0B5H0_METTP Precorrin-3 methyltransferase OS=Methanothrix thermoacetophila (strain DSM 6194 / JCM 14653 / NBRC 101360 / PT) (Methanosaeta thermophila) OX=349307 GN=Mthe_0144 PE=4 SV=1	AFSAAAARAGAPISNDFA	(344-361)	A	44.44	0.528
tr|A0B5H5|A0B5H5_METTP S-layer-related duplication domain OS=Methanothrix thermoacetophila (strain DSM 6194 / JCM 14653 / NBRC 101360 / PT) (Methanosaeta thermophila) OX=349307 GN=Mthe_0149 PE=4 SV=1	AQSAAPSMAIASGAAPASNVSAVA	(121-144)	A	41.67	0.8199
tr|A0B5H9|A0B5H9_METTP DUF3656 domain-containing protein OS=Methanothrix thermoacetophila (strain DSM 6194 / JCM 14653 / NBRC 101360 / PT) (Methanosaeta thermophila) OX=349307 GN=Mthe_0153 PE=4 SV=1	APAGSWDALVAAVAAGADA	(12-30)	A	47.37	0.7289
tr|A0B5I2|A0B5I2_METTP Ketoisovalerate ferredoxin oxidoreductase, alpha subunit OS=Methanothrix thermoacetophila (strain DSM 6194 / JCM 14653 / NBRC 101360 / PT) (Methanosaeta thermophila) OX=349307 GN=Mthe_0156 PE=4 SV=1	AAINMVYGAAAAGHRVLAA	(58-76)	A	42.11	0.4476
tr|A0B5I6|A0B5I6_METTP MoCF_biosynth domain-containing protein OS=Methanothrix thermoacetophila (strain DSM 6194 / JCM 14653 / NBRC 101360 / PT) (Methanosaeta thermophila) OX=349307 GN=Mthe_0160 PE=4 SV=1	AALAVLQGKADLALGAREAA	(521-540)	A	40.0	0.741
tr|A0B5Q1|A0B5Q1_METTP MscS Mechanosensitive ion channel OS=Methanothrix thermoacetophila (strain DSM 6194 / JCM 14653 / NBRC 101360 / PT) (Methanosaeta thermophila) OX=349307 GN=Mthe_0227 PE=3 SV=1	AIALLAGASLAGLAIGFAAKDA	(92-113)	A	40.91	0.8848
tr|A0B5W1|A0B5W1_METTP Acetyl-CoA decarbonylase/synthase complex subunit delta OS=Methanothrix thermoacetophila (strain DSM 6194 / JCM 14653 / NBRC 101360 / PT) (Methanosaeta thermophila) OX=349307 GN=cdhD PE=3 SV=1	AAVAHAISPAPAEVVEAAA	(81-99)	A	47.37	0.657
tr|A0B653|A0B653_METTP Multi-sensor hybrid histidine kinase OS=Methanothrix thermoacetophila (strain DSM 6194 / JCM 14653 / NBRC 101360 / PT) (Methanosaeta thermophila) OX=349307 GN=Mthe_0384 PE=4 SV=1	AAEELRKAKEAAEEAARSKA	(1082-1101)	A	40.0	0.6946
tr|A0B664|A0B664_METTP Aldedh domain-containing protein OS=Methanothrix thermoacetophila (strain DSM 6194 / JCM 14653 / NBRC 101360 / PT) (Methanosaeta thermophila) OX=349307 GN=Mthe_0395 PE=4 SV=1	ALAAGCTAVAKPSSLAPVAA	(161-180)	A	40.0	0.7251
tr|A0B678|A0B678_METTP Malate dehydrogenase (Oxaloacetate-decarboxylating) OS=Methanothrix thermoacetophila (strain DSM 6194 / JCM 14653 / NBRC 101360 / PT) (Methanosaeta thermophila) OX=349307 GN=Mthe_0409 PE=3 SV=1	AVAEAVAAAAIESGVA	(357-372)	A	50.0	0.5202
tr|A0B6G0|A0B6G0_METTP CMD domain-containing protein OS=Methanothrix thermoacetophila (strain DSM 6194 / JCM 14653 / NBRC 101360 / PT) (Methanosaeta thermophila) OX=349307 GN=Mthe_0493 PE=4 SV=1	AAAMFLAANLVNASVLATA	(102-120)	A	42.11	0.6771
tr|A0B6N6|A0B6N6_METTP Methyl-coenzyme M reductase subunit alpha OS=Methanothrix thermoacetophila (strain DSM 6194 / JCM 14653 / NBRC 101360 / PT) (Methanosaeta thermophila) OX=349307 GN=Mthe_0569 PE=3 SV=1	AYNMCAGEAAVADLAYAAKHAA	(246-267)	A	45.45	0.7597
tr|A0B6N9|A0B6N9_METTP Methyl-coenzyme M reductase subunit beta OS=Methanothrix thermoacetophila (strain DSM 6194 / JCM 14653 / NBRC 101360 / PT) (Methanosaeta thermophila) OX=349307 GN=Mthe_0572 PE=3 SV=1	ANHIAAITKRNAMNAASLAA	(194-213)	A	40.0	0.6946
tr|A0B6Y1|A0B6Y1_METTP Uncharacterized protein OS=Methanothrix thermoacetophila (strain DSM 6194 / JCM 14653 / NBRC 101360 / PT) (Methanosaeta thermophila) OX=349307 GN=Mthe_0665 PE=4 SV=1	AMFFTGKAAKEACAVAAEEAA	(224-244)	A	42.86	0.6603
tr|A0B6Z3|A0B6Z3_METTP S-layer-related duplication domain OS=Methanothrix thermoacetophila (strain DSM 6194 / JCM 14653 / NBRC 101360 / PT) (Methanosaeta thermophila) OX=349307 GN=Mthe_0677 PE=4 SV=1	AAEEKPAAEEKPAAEAEAKPAAEEKGAPGFEA	(671-702)	A	37.5	0.7991
tr|A0B762|A0B762_METTP PBS lyase HEAT domain protein repeat-containing protein OS=Methanothrix thermoacetophila (strain DSM 6194 / JCM 14653 / NBRC 101360 / PT) (Methanosaeta thermophila) OX=349307 GN=Mthe_0746 PE=4 SV=1	AKDVRLRAAAALRGMRAEAA	(108-127)	A	40.0	0.5158
tr|A0B792|A0B792_METTP ABC-3 protein OS=Methanothrix thermoacetophila (strain DSM 6194 / JCM 14653 / NBRC 101360 / PT) (Methanosaeta thermophila) OX=349307 GN=Mthe_0776 PE=3 SV=1	AAFAGAALGLAISKDPFALA	(43-62)	A	40.0	0.6657
tr|A0B797|A0B797_METTP Aminotran_5 domain-containing protein OS=Methanothrix thermoacetophila (strain DSM 6194 / JCM 14653 / NBRC 101360 / PT) (Methanosaeta thermophila) OX=349307 GN=Mthe_0781 PE=3 SV=1	ARRARIARLAEAVRAAASA	(261-279)	A	47.37	0.7703
tr|A0B7A9|A0B7A9_METTP Pyruvate carboxylase subunit A OS=Methanothrix thermoacetophila (strain DSM 6194 / JCM 14653 / NBRC 101360 / PT) (Methanosaeta thermophila) OX=349307 GN=Mthe_0794 PE=4 SV=1	ASALGADTRKVAAVSAAVGA	(464-483)	A	40.0	0.741
tr|A0B7C4|A0B7C4_METTP F420-dependent methylenetetrahydromethanopterin dehydrogenase OS=Methanothrix thermoacetophila (strain DSM 6194 / JCM 14653 / NBRC 101360 / PT) (Methanosaeta thermophila) OX=349307 GN=mtd PE=3 SV=1	ANPYARAKAIAALYMAQTAASIDAQA	(185-210)	A	42.31	0.8493
tr|A0B7C4|A0B7C4_METTP F420-dependent methylenetetrahydromethanopterin dehydrogenase OS=Methanothrix thermoacetophila (strain DSM 6194 / JCM 14653 / NBRC 101360 / PT) (Methanosaeta thermophila) OX=349307 GN=mtd PE=3 SV=1	AIALAAAAGHEVIRAAARLADEA	(219-241)	A	47.83	0.5805
tr|A0B7D0|A0B7D0_METTP DUF1616 domain-containing protein OS=Methanothrix thermoacetophila (strain DSM 6194 / JCM 14653 / NBRC 101360 / PT) (Methanosaeta thermophila) OX=349307 GN=Mthe_0815 PE=4 SV=1	AAAAMPDENATAVANATPA	(334-352)	A	47.37	0.595
tr|A0B7J9|A0B7J9_METTP DNA repair and recombination protein RadA OS=Methanothrix thermoacetophila (strain DSM 6194 / JCM 14653 / NBRC 101360 / PT) (Methanosaeta thermophila) OX=349307 GN=radA PE=3 SV=1	AVASPGELVAAAEVGEATAAKIIAAAREAA	(30-59)	A	43.33	0.697
tr|A0B7L9|A0B7L9_METTP Heavy metal translocating P-type ATPase OS=Methanothrix thermoacetophila (strain DSM 6194 / JCM 14653 / NBRC 101360 / PT) (Methanosaeta thermophila) OX=349307 GN=Mthe_0905 PE=3 SV=1	AAAGAFAISDAIKDSAKAA	(606-624)	A	47.37	0.657
tr|A0B7N3|A0B7N3_METTP Pyridoxal 5'-phosphate synthase subunit PdxS OS=Methanothrix thermoacetophila (strain DSM 6194 / JCM 14653 / NBRC 101360 / PT) (Methanosaeta thermophila) OX=349307 GN=pdxS PE=3 SV=1	AMIAEEAGAVAVMALHAVPA	(35-54)	A	40.0	0.9416
tr|A0B7P1|A0B7P1_METTP Ribonuclease Z OS=Methanothrix thermoacetophila (strain DSM 6194 / JCM 14653 / NBRC 101360 / PT) (Methanosaeta thermophila) OX=349307 GN=rnz PE=3 SV=1	AVETKHTTAGEAAALAARA	(239-257)	A	42.11	0.5329
tr|A0B7P7|A0B7P7_METTP Histidine--tRNA ligase OS=Methanothrix thermoacetophila (strain DSM 6194 / JCM 14653 / NBRC 101360 / PT) (Methanosaeta thermophila) OX=349307 GN=hisS PE=3 SV=1	ASAAQSVAAPGASGREGARASA	(250-271)	A	40.91	0.7559
tr|A0B7Q1|A0B7Q1_METTP Prephenate dehydratase OS=Methanothrix thermoacetophila (strain DSM 6194 / JCM 14653 / NBRC 101360 / PT) (Methanosaeta thermophila) OX=349307 GN=Mthe_0937 PE=4 SV=1	AARLAQEFPEMAAIANLEAA	(129-148)	A	40.0	0.6382
tr|A0B7Q3|A0B7Q3_METTP TPR_REGION domain-containing protein OS=Methanothrix thermoacetophila (strain DSM 6194 / JCM 14653 / NBRC 101360 / PT) (Methanosaeta thermophila) OX=349307 GN=Mthe_0939 PE=4 SV=1	AALAAAYSLLASRYAAERNA	(304-323)	A	45.0	0.6526
tr|A0B7R7|A0B7R7_METTP RmlD_sub_bind domain-containing protein OS=Methanothrix thermoacetophila (strain DSM 6194 / JCM 14653 / NBRC 101360 / PT) (Methanosaeta thermophila) OX=349307 GN=Mthe_0953 PE=4 SV=1	ARDKAVLVNAIGARNAAIAARRAGA	(68-92)	A	40.0	0.8367
sp|A0B7U9|FAEHP_METTP Bifunctional enzyme Fae/Hps OS=Methanothrix thermoacetophila (strain DSM 6194 / JCM 14653 / NBRC 101360 / PT) (Methanosaeta thermophila) OX=349307 GN=fae-hps PE=3 SV=1	AAIIFGPAQTAVAKAVADA	(75-93)	A	42.11	0.7468
tr|A0B7W1|A0B7W1_METTP Hist_deacetyl domain-containing protein OS=Methanothrix thermoacetophila (strain DSM 6194 / JCM 14653 / NBRC 101360 / PT) (Methanosaeta thermophila) OX=349307 GN=Mthe_1000 PE=4 SV=1	AAALAAGGAVAAARIALREPA	(67-87)	A	52.38	0.6663
tr|A0B7Y1|A0B7Y1_METTP Uncharacterized protein OS=Methanothrix thermoacetophila (strain DSM 6194 / JCM 14653 / NBRC 101360 / PT) (Methanosaeta thermophila) OX=349307 GN=Mthe_1020 PE=4 SV=1	AAGKRLIARAVAAHPAVREA	(9-28)	A	40.0	0.7251
tr|A0B814|A0B814_METTP 4Fe-4S ferredoxin, iron-sulfur binding domain protein OS=Methanothrix thermoacetophila (strain DSM 6194 / JCM 14653 / NBRC 101360 / PT) (Methanosaeta thermophila) OX=349307 GN=Mthe_1054 PE=4 SV=1	AELEAEAKRQAEEKKKAAAAAAKEKAAKAKGKENKA	(135-170)	A	38.89	0.715
tr|A0B820|A0B820_METTP Proton_antipo_M domain-containing protein OS=Methanothrix thermoacetophila (strain DSM 6194 / JCM 14653 / NBRC 101360 / PT) (Methanosaeta thermophila) OX=349307 GN=Mthe_1060 PE=3 SV=1	ADIAAASLAAFNPAILIA	(183-200)	A	44.44	0.6934
tr|A0B850|A0B850_METTP Bifunctional NAD(P)H-hydrate repair enzyme OS=Methanothrix thermoacetophila (strain DSM 6194 / JCM 14653 / NBRC 101360 / PT) (Methanosaeta thermophila) OX=349307 GN=nnrE PE=3 SV=1	APALSAMAALRAGADIVTVAAPKSAA	(232-257)	A	42.31	0.7787
tr|A0B850|A0B850_METTP Bifunctional NAD(P)H-hydrate repair enzyme OS=Methanothrix thermoacetophila (strain DSM 6194 / JCM 14653 / NBRC 101360 / PT) (Methanosaeta thermophila) OX=349307 GN=nnrE PE=3 SV=1	AGITGAFYARADALRAAAAAAFVNGRA	(409-435)	A	44.44	0.6392
tr|A0B8E1|A0B8E1_METTP Uncharacterized protein OS=Methanothrix thermoacetophila (strain DSM 6194 / JCM 14653 / NBRC 101360 / PT) (Methanosaeta thermophila) OX=349307 GN=Mthe_1183 PE=4 SV=1	AGEGLTAAQAQAAIAAAANTWDDAVGQNLFA	(328-358)	A	38.71	0.6877
tr|A0B8F6|A0B8F6_METTP Uncharacterized protein OS=Methanothrix thermoacetophila (strain DSM 6194 / JCM 14653 / NBRC 101360 / PT) (Methanosaeta thermophila) OX=349307 GN=Mthe_1199 PE=4 SV=1	ATLAAFKAAQFAYEQGAEIAA	(348-368)	A	42.86	0.7602
tr|A0B8H3|A0B8H3_METTP Adenylosuccinate lyase OS=Methanothrix thermoacetophila (strain DSM 6194 / JCM 14653 / NBRC 101360 / PT) (Methanosaeta thermophila) OX=349307 GN=Mthe_1218 PE=3 SV=1	AADAIARAAEMASPQRA	(49-65)	A	47.06	0.6906
tr|A0B8H9|A0B8H9_METTP D-3-phosphoglycerate dehydrogenase OS=Methanothrix thermoacetophila (strain DSM 6194 / JCM 14653 / NBRC 101360 / PT) (Methanosaeta thermophila) OX=349307 GN=Mthe_1224 PE=3 SV=1	AALAKAVAENRIAGAA	(236-251)	A	50.0	0.6911
sp|A0B8M6|SURE_METTP 5'-nucleotidase SurE OS=Methanothrix thermoacetophila (strain DSM 6194 / JCM 14653 / NBRC 101360 / PT) (Methanosaeta thermophila) OX=349307 GN=surE PE=3 SV=1	AAIEAASYGVPAIAASIQVA	(114-133)	A	40.0	0.6657
tr|A0B8P3|A0B8P3_METTP Arsenical-resistance protein OS=Methanothrix thermoacetophila (strain DSM 6194 / JCM 14653 / NBRC 101360 / PT) (Methanosaeta thermophila) OX=349307 GN=Mthe_1289 PE=3 SV=1	AAVAFTAASNNFELAIAVAVAVFGIASQEAFAA	(285-317)	A	39.39	0.8006
sp|A0B8Q1|Y1297_METTP UPF0280 protein Mthe_1297 OS=Methanothrix thermoacetophila (strain DSM 6194 / JCM 14653 / NBRC 101360 / PT) (Methanosaeta thermophila) OX=349307 GN=Mthe_1297 PE=3 SV=1	AAVAGAIAAFAVEAMVEAGADYA	(81-103)	A	47.83	0.816
tr|A0B8R3|A0B8R3_METTP Exodeoxyribonuclease VII large subunit OS=Methanothrix thermoacetophila (strain DSM 6194 / JCM 14653 / NBRC 101360 / PT) (Methanosaeta thermophila) OX=349307 GN=Mthe_1309 PE=3 SV=1	ADLVADARASTPTAAAKLA	(239-257)	A	42.11	0.7285
tr|A0B8S1|A0B8S1_METTP Uncharacterized protein OS=Methanothrix thermoacetophila (strain DSM 6194 / JCM 14653 / NBRC 101360 / PT) (Methanosaeta thermophila) OX=349307 GN=Mthe_1317 PE=4 SV=1	AAGPDVAVAAFGAVAA	(67-82)	A	50.0	0.6429
tr|A0B8U2|A0B8U2_METTP Carbon monoxide dehydrogenase OS=Methanothrix thermoacetophila (strain DSM 6194 / JCM 14653 / NBRC 101360 / PT) (Methanosaeta thermophila) OX=349307 GN=Mthe_1341 PE=3 SV=1	ARNLLRMIAAGAAAHADHARDAVIVFKEA	(80-108)	A	34.48	0.6965
tr|A0B8U2|A0B8U2_METTP Carbon monoxide dehydrogenase OS=Methanothrix thermoacetophila (strain DSM 6194 / JCM 14653 / NBRC 101360 / PT) (Methanosaeta thermophila) OX=349307 GN=Mthe_1341 PE=3 SV=1	AIACAKAGLLRPAAAKEA	(474-491)	A	44.44	0.6562
sp|A0B8V5|AROK_METTP Shikimate kinase OS=Methanothrix thermoacetophila (strain DSM 6194 / JCM 14653 / NBRC 101360 / PT) (Methanosaeta thermophila) OX=349307 GN=aroK PE=3 SV=1	ALRAGAAGATLSGTGPAYAA	(226-245)	A	40.0	0.6119
tr|A0B8W3|A0B8W3_METTP Exosome complex component Rrp41 OS=Methanothrix thermoacetophila (strain DSM 6194 / JCM 14653 / NBRC 101360 / PT) (Methanosaeta thermophila) OX=349307 GN=rrp41 PE=3 SV=1	ADAGTRTAGINAASVALADA	(127-146)	A	40.0	0.8102
tr|A0B8X5|A0B8X5_METTP RNA-splicing ligase RtcB OS=Methanothrix thermoacetophila (strain DSM 6194 / JCM 14653 / NBRC 101360 / PT) (Methanosaeta thermophila) OX=349307 GN=rtcB PE=3 SV=1	ATNYFGAMAAAANYAWANRQIIA	(275-297)	A	39.13	0.6628
tr|A0B8Y4|A0B8Y4_METTP Tetrahydromethanopterin S-methyltransferase subunit C OS=Methanothrix thermoacetophila (strain DSM 6194 / JCM 14653 / NBRC 101360 / PT) (Methanosaeta thermophila) OX=349307 GN=mtrC PE=3 SV=1	AAVGAVAAAVTGANA	(50-64)	A	53.33	0.6667
tr|A0B8Y4|A0B8Y4_METTP Tetrahydromethanopterin S-methyltransferase subunit C OS=Methanothrix thermoacetophila (strain DSM 6194 / JCM 14653 / NBRC 101360 / PT) (Methanosaeta thermophila) OX=349307 GN=mtrC PE=3 SV=1	ATLSAAAALITIIIGAAA	(228-245)	A	44.44	0.3843
sp|A0B8Z1|Y1390_METTP UPF0219 protein Mthe_1390 OS=Methanothrix thermoacetophila (strain DSM 6194 / JCM 14653 / NBRC 101360 / PT) (Methanosaeta thermophila) OX=349307 GN=Mthe_1390 PE=3 SV=1	ALEYTAAAGGAAYVVGAADLIA	(149-170)	A	40.91	0.6908
tr|A0B905|A0B905_METTP Hydantoinase/oxoprolinase OS=Methanothrix thermoacetophila (strain DSM 6194 / JCM 14653 / NBRC 101360 / PT) (Methanosaeta thermophila) OX=349307 GN=Mthe_1404 PE=4 SV=1	ANAIIPEHAPVANAIGAAVA	(438-457)	A	40.0	0.7743
tr|A0B920|A0B920_METTP 50S ribosomal protein L12 OS=Methanothrix thermoacetophila (strain DSM 6194 / JCM 14653 / NBRC 101360 / PT) (Methanosaeta thermophila) OX=349307 GN=rpl12 PE=3 SV=1	ATAMPVAAAAPAAAAAETEAKKPAAKA	(57-83)	A	55.56	0.695
sp|A0B922|RL1_METTP 50S ribosomal protein L1 OS=Methanothrix thermoacetophila (strain DSM 6194 / JCM 14653 / NBRC 101360 / PT) (Methanosaeta thermophila) OX=349307 GN=rpl1 PE=3 SV=1	AVFAAGDTALKAKAAGA	(60-76)	A	47.06	0.7378
tr|A0B935|A0B935_METTP Pantothenate synthetase OS=Methanothrix thermoacetophila (strain DSM 6194 / JCM 14653 / NBRC 101360 / PT) (Methanosaeta thermophila) OX=349307 GN=Mthe_1434 PE=4 SV=1	ADRATLAAAAALLLAERPA	(55-73)	A	47.37	0.5806
tr|A0B969|A0B969_METTP Cytidine aminohydrolase OS=Methanothrix thermoacetophila (strain DSM 6194 / JCM 14653 / NBRC 101360 / PT) (Methanosaeta thermophila) OX=349307 GN=Mthe_1469 PE=3 SV=1	ASSGAGICAERVAMATAVAAGEREFVALAVA	(302-332)	A	35.48	0.8343
tr|A0B974|A0B974_METTP TPR_REGION domain-containing protein OS=Methanothrix thermoacetophila (strain DSM 6194 / JCM 14653 / NBRC 101360 / PT) (Methanosaeta thermophila) OX=349307 GN=Mthe_1474 PE=4 SV=1	AMAALGRAREARAAMITA	(134-151)	A	44.44	0.7551
tr|A0B9D7|A0B9D7_METTP Anthranilate phosphoribosyltransferase OS=Methanothrix thermoacetophila (strain DSM 6194 / JCM 14653 / NBRC 101360 / PT) (Methanosaeta thermophila) OX=349307 GN=trpD PE=3 SV=1	AAAIVAAACGVPVAKHGNYA	(92-111)	A	40.0	0.5743
tr|A0B9K0|A0B9K0_METTP V-type ATP synthase subunit D OS=Methanothrix thermoacetophila (strain DSM 6194 / JCM 14653 / NBRC 101360 / PT) (Methanosaeta thermophila) OX=349307 GN=atpD PE=3 SV=1	AKAQKRAKAEEAEKAAKAAAEAAASA	(206-231)	A	53.85	0.8026
tr|A0B9M3|A0B9M3_METTP Uncharacterized protein OS=Methanothrix thermoacetophila (strain DSM 6194 / JCM 14653 / NBRC 101360 / PT) (Methanosaeta thermophila) OX=349307 GN=Mthe_1630 PE=4 SV=1	AHARMLAIAIAVLSSWVAAA	(196-215)	A	40.0	0.6518
tr|A0B9M6|A0B9M6_METTP HTH cro/C1-type domain-containing protein OS=Methanothrix thermoacetophila (strain DSM 6194 / JCM 14653 / NBRC 101360 / PT) (Methanosaeta thermophila) OX=349307 GN=Mthe_1633 PE=4 SV=1	AIIAAVRAESDGAAAVVCA	(117-135)	A	42.11	0.6937
tr|A0B9P6|A0B9P6_METTP Uncharacterized protein OS=Methanothrix thermoacetophila (strain DSM 6194 / JCM 14653 / NBRC 101360 / PT) (Methanosaeta thermophila) OX=349307 GN=Mthe_1653 PE=4 SV=1	AYAAVTGYALSDATAAKNEARKKAVENARATAEAMVSAA	(142-180)	A	38.46	0.879
tr|A0B9Q2|A0B9Q2_METTP tRNA-guanine(15) transglycosylase OS=Methanothrix thermoacetophila (strain DSM 6194 / JCM 14653 / NBRC 101360 / PT) (Methanosaeta thermophila) OX=349307 GN=tgtA PE=3 SV=1	ALAAALGCDLFDSAAYALYA	(235-254)	A	40.0	0.5047
tr|A0B9S1|A0B9S1_METTP Glucosamine-1-phosphate N-acetyltransferase OS=Methanothrix thermoacetophila (strain DSM 6194 / JCM 14653 / NBRC 101360 / PT) (Methanosaeta thermophila) OX=349307 GN=Mthe_1679 PE=3 SV=1	AIWGDAAFAWDLLAANSIAA	(187-206)	A	40.0	0.6946
tr|A0B9U8|A0B9U8_METTP 50S ribosomal protein L15 OS=Methanothrix thermoacetophila (strain DSM 6194 / JCM 14653 / NBRC 101360 / PT) (Methanosaeta thermophila) OX=349307 GN=rpl15 PE=3 SV=1	AAAAFSSSARSKIEAAGGEA	(102-121)	A	40.0	0.5866
tr|A0B662|A0B662_METTP LTD domain-containing protein OS=Methanothrix thermoacetophila (strain DSM 6194 / JCM 14653 / NBRC 101360 / PT) (Methanosaeta thermophila) OX=349307 GN=Mthe_0393 PE=4 SV=1	DDRDDGSDWSRYPDGIDTD	(130-148)	D	42.11	0.7108
tr|A0B7E9|A0B7E9_METTP Periplasmic component of the Tol biopolymer transport system-like protein OS=Methanothrix thermoacetophila (strain DSM 6194 / JCM 14653 / NBRC 101360 / PT) (Methanosaeta thermophila) OX=349307 GN=Mthe_0834 PE=4 SV=1	DPDIDGDVVVWSDDRDGD	(122-139)	D	44.44	0.7131
tr|A0B7H7|A0B7H7_METTP Uncharacterized protein OS=Methanothrix thermoacetophila (strain DSM 6194 / JCM 14653 / NBRC 101360 / PT) (Methanosaeta thermophila) OX=349307 GN=Mthe_0863 PE=4 SV=1	DPRDGYSDEYDAEVDDDRSD	(153-172)	D	40.0	0.7919
tr|A0B8M9|A0B8M9_METTP Peptidase_S8 domain-containing protein OS=Methanothrix thermoacetophila (strain DSM 6194 / JCM 14653 / NBRC 101360 / PT) (Methanosaeta thermophila) OX=349307 GN=Mthe_1275 PE=3 SV=1	DTGVDAEHDSLDDLDDDPATYD	(135-156)	D	40.91	0.7422
tr|A0B559|A0B559_METTP DNA-directed RNA polymerase subunit A'' OS=Methanothrix thermoacetophila (strain DSM 6194 / JCM 14653 / NBRC 101360 / PT) (Methanosaeta thermophila) OX=349307 GN=rpoA2 PE=3 SV=1	EEAERVTEEQFETIIKEVVE	(29-48)	E	40.0	0.7743
tr|A0B5H5|A0B5H5_METTP S-layer-related duplication domain OS=Methanothrix thermoacetophila (strain DSM 6194 / JCM 14653 / NBRC 101360 / PT) (Methanosaeta thermophila) OX=349307 GN=Mthe_0149 PE=4 SV=1	EEENVTAAENVTEEVTEEAPEEVGEEVAEEEFTDRIWRE	(234-272)	E	41.03	0.7389
tr|A0B5N1|A0B5N1_METTP DUF521 domain-containing protein OS=Methanothrix thermoacetophila (strain DSM 6194 / JCM 14653 / NBRC 101360 / PT) (Methanosaeta thermophila) OX=349307 GN=Mthe_0207 PE=4 SV=1	EPPEHDEDACEFVEIEEEE	(247-265)	E	47.37	0.6739
tr|A0B5T2|A0B5T2_METTP DNA helicase OS=Methanothrix thermoacetophila (strain DSM 6194 / JCM 14653 / NBRC 101360 / PT) (Methanosaeta thermophila) OX=349307 GN=Mthe_0259 PE=3 SV=1	EMMEQEFEEIEISPEDEKRILE	(244-265)	E	40.91	0.8315
tr|A0B5T2|A0B5T2_METTP DNA helicase OS=Methanothrix thermoacetophila (strain DSM 6194 / JCM 14653 / NBRC 101360 / PT) (Methanosaeta thermophila) OX=349307 GN=Mthe_0259 PE=3 SV=1	EEEIENATEVIKPEIEPE	(499-516)	E	44.44	0.6934
sp|A0B5T8|TF2B_METTP Transcription initiation factor IIB OS=Methanothrix thermoacetophila (strain DSM 6194 / JCM 14653 / NBRC 101360 / PT) (Methanosaeta thermophila) OX=349307 GN=tfb PE=3 SV=1	EEIERIREIERTEQEKIKERIKLQREKEKEEE	(2-33)	E	40.62	0.7941
sp|A0B5U4|SYG_METTP Glycine--tRNA ligase OS=Methanothrix thermoacetophila (strain DSM 6194 / JCM 14653 / NBRC 101360 / PT) (Methanosaeta thermophila) OX=349307 GN=glyS PE=3 SV=1	ETYEIERRLVSVEEIEEEIRGE	(401-422)	E	40.91	0.6669
tr|A0B5Y2|A0B5Y2_METTP Putative adenylate kinase OS=Methanothrix thermoacetophila (strain DSM 6194 / JCM 14653 / NBRC 101360 / PT) (Methanosaeta thermophila) OX=349307 GN=Mthe_0311 PE=3 SV=1	ERECLEADMDALEEKIEEIE	(42-61)	E	40.0	0.68
sp|A0B624|MPTA_METTP GTP cyclohydrolase MptA OS=Methanothrix thermoacetophila (strain DSM 6194 / JCM 14653 / NBRC 101360 / PT) (Methanosaeta thermophila) OX=349307 GN=mptA PE=3 SV=1	EAIDEVLEEEISRPVYEIEE	(66-85)	E	40.0	0.6249
tr|A0B6D2|A0B6D2_METTP Uncharacterized protein OS=Methanothrix thermoacetophila (strain DSM 6194 / JCM 14653 / NBRC 101360 / PT) (Methanosaeta thermophila) OX=349307 GN=Mthe_0465 PE=4 SV=1	EIDVSQLEIEEEEEAEEIEAPEDEGYADE	(212-240)	E	44.83	0.6681
tr|A0B6D6|A0B6D6_METTP Uncharacterized protein OS=Methanothrix thermoacetophila (strain DSM 6194 / JCM 14653 / NBRC 101360 / PT) (Methanosaeta thermophila) OX=349307 GN=Mthe_0469 PE=4 SV=1	EEIEKQEIVEEAAWEAQELEMQEKE	(35-59)	E	44.0	0.8617
tr|A0B6H5|A0B6H5_METTP Radical_SAM domain-containing protein OS=Methanothrix thermoacetophila (strain DSM 6194 / JCM 14653 / NBRC 101360 / PT) (Methanosaeta thermophila) OX=349307 GN=Mthe_0508 PE=4 SV=1	EEEVIELELEAFAELIDE	(390-407)	E	44.44	0.7336
tr|A0B6U4|A0B6U4_METTP Rubrerythrin domain-containing protein OS=Methanothrix thermoacetophila (strain DSM 6194 / JCM 14653 / NBRC 101360 / PT) (Methanosaeta thermophila) OX=349307 GN=Mthe_0627 PE=4 SV=1	ELEPREEELYKEGYEEVEEILE	(76-97)	E	50.0	0.7394
tr|A0B6Z3|A0B6Z3_METTP S-layer-related duplication domain OS=Methanothrix thermoacetophila (strain DSM 6194 / JCM 14653 / NBRC 101360 / PT) (Methanosaeta thermophila) OX=349307 GN=Mthe_0677 PE=4 SV=1	EEKPAAEEKPVVEEKKVEE	(641-659)	E	42.11	0.6302
sp|A0B738|DNAG_METTP DNA primase DnaG OS=Methanothrix thermoacetophila (strain DSM 6194 / JCM 14653 / NBRC 101360 / PT) (Methanosaeta thermophila) OX=349307 GN=dnaG PE=3 SV=1	EVHEHYEEPEIEGQEPEEWFKHHVEE	(330-355)	E	42.31	0.7477
tr|A0B7C0|A0B7C0_METTP SHSP domain-containing protein OS=Methanothrix thermoacetophila (strain DSM 6194 / JCM 14653 / NBRC 101360 / PT) (Methanosaeta thermophila) OX=349307 GN=Mthe_0805 PE=3 SV=1	ESEMPKEFRELVREEETPE	(45-63)	E	42.11	0.7658
sp|A0B7F2|EF1B_METTP Elongation factor 1-beta OS=Methanothrix thermoacetophila (strain DSM 6194 / JCM 14653 / NBRC 101360 / PT) (Methanosaeta thermophila) OX=349307 GN=ef1b PE=3 SV=1	EEVEEAFSKVKGVESVEVEE	(66-85)	E	40.0	0.5158
tr|A0B8B8|A0B8B8_METTP Condensin subunit ScpA OS=Methanothrix thermoacetophila (strain DSM 6194 / JCM 14653 / NBRC 101360 / PT) (Methanosaeta thermophila) OX=349307 GN=Mthe_1160 PE=4 SV=1	EEQEEEEEIEEAPVETHE	(78-95)	E	61.11	0.6856
tr|A0B8B8|A0B8B8_METTP Condensin subunit ScpA OS=Methanothrix thermoacetophila (strain DSM 6194 / JCM 14653 / NBRC 101360 / PT) (Methanosaeta thermophila) OX=349307 GN=Mthe_1160 PE=4 SV=1	EPEEEILDLSHEENVEE	(141-157)	E	47.06	0.4749
tr|A0B8B9|A0B8B9_METTP Chromosome partition protein Smc OS=Methanothrix thermoacetophila (strain DSM 6194 / JCM 14653 / NBRC 101360 / PT) (Methanosaeta thermophila) OX=349307 GN=smc PE=3 SV=1	ERYIEERKSRLSEMERESEE	(741-760)	E	40.0	0.6657
tr|A0B8D3|A0B8D3_METTP Uncharacterized protein OS=Methanothrix thermoacetophila (strain DSM 6194 / JCM 14653 / NBRC 101360 / PT) (Methanosaeta thermophila) OX=349307 GN=Mthe_1175 PE=4 SV=1	EEWTEEEWTEGPIEGE	(22-37)	E	50.0	0.6664
tr|A0B8I4|A0B8I4_METTP Uncharacterized protein OS=Methanothrix thermoacetophila (strain DSM 6194 / JCM 14653 / NBRC 101360 / PT) (Methanosaeta thermophila) OX=349307 GN=Mthe_1229 PE=4 SV=1	EEMVERLKEYREELKSELE	(35-53)	E	42.11	0.7857
tr|A0B8M1|A0B8M1_METTP Proteasome-activating nucleotidase OS=Methanothrix thermoacetophila (strain DSM 6194 / JCM 14653 / NBRC 101360 / PT) (Methanosaeta thermophila) OX=349307 GN=pan PE=3 SV=1	ERENRALAEEAEALRMEREE	(19-38)	E	40.0	0.6946
sp|A0B8Q6|IF2P_METTP Probable translation initiation factor IF-2 OS=Methanothrix thermoacetophila (strain DSM 6194 / JCM 14653 / NBRC 101360 / PT) (Methanosaeta thermophila) OX=349307 GN=infB PE=3 SV=1	ESYEEWMEEKKMQMEQERLE	(451-470)	E	40.0	0.741
tr|A0B920|A0B920_METTP 50S ribosomal protein L12 OS=Methanothrix thermoacetophila (strain DSM 6194 / JCM 14653 / NBRC 101360 / PT) (Methanosaeta thermophila) OX=349307 GN=rpl12 PE=3 SV=1	EEEEEKEEAEESGIE	(84-98)	E	66.67	0.6628
tr|A0B921|A0B921_METTP 50S ribosomal protein L10 OS=Methanothrix thermoacetophila (strain DSM 6194 / JCM 14653 / NBRC 101360 / PT) (Methanosaeta thermophila) OX=349307 GN=rpl10 PE=3 SV=1	EQRQVEEVVEEVEEKKEEE	(292-310)	E	52.63	0.6408
sp|A0B9W3|RL29_METTP 50S ribosomal protein L29 OS=Methanothrix thermoacetophila (strain DSM 6194 / JCM 14653 / NBRC 101360 / PT) (Methanosaeta thermophila) OX=349307 GN=rpl29 PE=3 SV=1	EIRNMSSEELEEELRKLEVELIRE	(8-31)	E	37.5	0.6894
tr|A0B9R5|A0B9R5_METTP Polysacc_synt_C domain-containing protein OS=Methanothrix thermoacetophila (strain DSM 6194 / JCM 14653 / NBRC 101360 / PT) (Methanosaeta thermophila) OX=349307 GN=Mthe_1673 PE=4 SV=1	FFTFFFIFIATNYFANMF	(400-417)	F	44.44	0.6048
tr|A0B5H0|A0B5H0_METTP Precorrin-3 methyltransferase OS=Methanothrix thermoacetophila (strain DSM 6194 / JCM 14653 / NBRC 101360 / PT) (Methanosaeta thermophila) OX=349307 GN=Mthe_0144 PE=4 SV=1	GGEQGHVSDGGISIAGVGPG	(228-247)	G	40.0	0.741
tr|A0B682|A0B682_METTP Uncharacterized protein OS=Methanothrix thermoacetophila (strain DSM 6194 / JCM 14653 / NBRC 101360 / PT) (Methanosaeta thermophila) OX=349307 GN=Mthe_0414 PE=4 SV=1	GGGIIGVSGLLVGLGGLRG	(161-179)	G	47.37	0.7097
tr|A0B6E3|A0B6E3_METTP Mevalonate kinase OS=Methanothrix thermoacetophila (strain DSM 6194 / JCM 14653 / NBRC 101360 / PT) (Methanosaeta thermophila) OX=349307 GN=mvk PE=3 SV=1	GAGMALGAKLTGAGGGG	(266-282)	G	47.06	0.5723
tr|A0B6J2|A0B6J2_METTP Tungsten formylmethanofuran dehydrogenase, subunit C-like protein OS=Methanothrix thermoacetophila (strain DSM 6194 / JCM 14653 / NBRC 101360 / PT) (Methanosaeta thermophila) OX=349307 GN=Mthe_0525 PE=4 SV=1	GGSGGAVDGGKVIVDGDVG	(74-92)	G	42.11	0.6611
tr|A0B6M7|A0B6M7_METTP Nitro_FeMo-Co domain-containing protein OS=Methanothrix thermoacetophila (strain DSM 6194 / JCM 14653 / NBRC 101360 / PT) (Methanosaeta thermophila) OX=349307 GN=Mthe_0560 PE=4 SV=1	GPTAPPHGGMGRGMGPGGMGGGMGAGRG	(111-138)	G	50.0	0.7126
tr|A0B6P1|A0B6P1_METTP Peptidyl-prolyl cis-trans isomerase OS=Methanothrix thermoacetophila (strain DSM 6194 / JCM 14653 / NBRC 101360 / PT) (Methanosaeta thermophila) OX=349307 GN=Mthe_0574 PE=3 SV=1	GGEGSGEGSGGESQPG	(253-268)	G	50.0	0.6911
sp|A0B6X3|SYA_METTP Alanine--tRNA ligase OS=Methanothrix thermoacetophila (strain DSM 6194 / JCM 14653 / NBRC 101360 / PT) (Methanosaeta thermophila) OX=349307 GN=alaS PE=3 SV=1	GGGGKPDLAQGGGPNVGG	(878-895)	G	50.0	0.4167
tr|A0B741|A0B741_METTP Uncharacterized protein OS=Methanothrix thermoacetophila (strain DSM 6194 / JCM 14653 / NBRC 101360 / PT) (Methanosaeta thermophila) OX=349307 GN=Mthe_0725 PE=4 SV=1	GGVLRIDGGEKGTGGTSG	(125-142)	G	44.44	0.6385
tr|A0B754|A0B754_METTP Uncharacterized protein OS=Methanothrix thermoacetophila (strain DSM 6194 / JCM 14653 / NBRC 101360 / PT) (Methanosaeta thermophila) OX=349307 GN=Mthe_0738 PE=4 SV=1	GGPGDDMGYGIDEVEGGG	(54-71)	G	44.44	0.6048
tr|A0B786|A0B786_METTP BatA domain-containing protein OS=Methanothrix thermoacetophila (strain DSM 6194 / JCM 14653 / NBRC 101360 / PT) (Methanosaeta thermophila) OX=349307 GN=Mthe_0770 PE=4 SV=1	GGGGDNVGIVGGWLTESYVG	(208-227)	G	40.0	0.5158
tr|A0B787|A0B787_METTP VWFA domain-containing protein OS=Methanothrix thermoacetophila (strain DSM 6194 / JCM 14653 / NBRC 101360 / PT) (Methanosaeta thermophila) OX=349307 GN=Mthe_0771 PE=4 SV=1	GGGLVVVGGADAYELGGYYG	(318-337)	G	40.0	0.5743
tr|A0B7F7|A0B7F7_METTP Riboflavin synthase OS=Methanothrix thermoacetophila (strain DSM 6194 / JCM 14653 / NBRC 101360 / PT) (Methanosaeta thermophila) OX=349307 GN=Mthe_0842 PE=3 SV=1	GTGQRQGFEDAGPLEGGGG	(139-157)	G	42.11	0.6454
tr|A0B7N0|A0B7N0_METTP Thermosome subunit OS=Methanothrix thermoacetophila (strain DSM 6194 / JCM 14653 / NBRC 101360 / PT) (Methanosaeta thermophila) OX=349307 GN=Mthe_0916 PE=3 SV=1	GEEKEGQMSGMGGMGGMGGMGGMGGFPPG	(530-558)	G	48.28	0.7499
tr|A0B8F5|A0B8F5_METTP Formylmethanofuran dehydrogenase, subunit C (Tungsten) OS=Methanothrix thermoacetophila (strain DSM 6194 / JCM 14653 / NBRC 101360 / PT) (Methanosaeta thermophila) OX=349307 GN=Mthe_1198 PE=4 SV=1	GGLIRIRGGAGENAGWRAGG	(125-144)	G	40.0	0.68
sp|A0B8K5|DP2L_METTP DNA polymerase II large subunit OS=Methanothrix thermoacetophila (strain DSM 6194 / JCM 14653 / NBRC 101360 / PT) (Methanosaeta thermophila) OX=349307 GN=polC PE=3 SV=1	GIDGWGWLDVLGGEKKDGGGSSG	(262-284)	G	39.13	0.7174
tr|A0B965|A0B965_METTP Cl-channel, voltage-gated family protein OS=Methanothrix thermoacetophila (strain DSM 6194 / JCM 14653 / NBRC 101360 / PT) (Methanosaeta thermophila) OX=349307 GN=Mthe_1465 PE=4 SV=1	GSGGSAGREGPIAQIGAGFG	(120-139)	G	40.0	0.7743
tr|A0B987|A0B987_METTP Phosphoesterase, RecJ domain protein OS=Methanothrix thermoacetophila (strain DSM 6194 / JCM 14653 / NBRC 101360 / PT) (Methanosaeta thermophila) OX=349307 GN=Mthe_1489 PE=4 SV=1	GGVSGGGHLVVGSIKFVGG	(678-696)	G	42.11	0.5867
tr|A0B9F9|A0B9F9_METTP DUF4064 domain-containing protein OS=Methanothrix thermoacetophila (strain DSM 6194 / JCM 14653 / NBRC 101360 / PT) (Methanosaeta thermophila) OX=349307 GN=Mthe_1563 PE=4 SV=1	GGLFGILTGIIVMFIGGIGG	(13-32)	G	40.0	0.6382
tr|A0B9K6|A0B9K6_METTP ATP-synt_C domain-containing protein OS=Methanothrix thermoacetophila (strain DSM 6194 / JCM 14653 / NBRC 101360 / PT) (Methanosaeta thermophila) OX=349307 GN=Mthe_1613 PE=4 SV=1	GAGLATGLAGIGAGVGEQGIGAAVVG	(16-41)	G	38.46	0.9025
tr|A0B9U8|A0B9U8_METTP 50S ribosomal protein L15 OS=Methanothrix thermoacetophila (strain DSM 6194 / JCM 14653 / NBRC 101360 / PT) (Methanosaeta thermophila) OX=349307 GN=rpl15 PE=3 SV=1	GKHKNQRGGGSRGGRGNAG	(17-35)	G	42.11	0.6008
tr|A0B5C0|A0B5C0_METTP ABC transporter domain-containing protein OS=Methanothrix thermoacetophila (strain DSM 6194 / JCM 14653 / NBRC 101360 / PT) (Methanosaeta thermophila) OX=349307 GN=Mthe_0092 PE=4 SV=1	HEHMHRHGRLIHRHPHAHRDEHAHSHIH	(254-281)	H	42.86	0.9
tr|A0B763|A0B763_METTP Large conductance mechanosensitive channel protein OS=Methanothrix thermoacetophila (strain DSM 6194 / JCM 14653 / NBRC 101360 / PT) (Methanosaeta thermophila) OX=349307 GN=Mthe_0747 PE=3 SV=1	INTIINFIIVALAIFIVIRRI	(86-106)	I	42.86	0.7932
tr|A0B781|A0B781_METTP Conserved repeat domain OS=Methanothrix thermoacetophila (strain DSM 6194 / JCM 14653 / NBRC 101360 / PT) (Methanosaeta thermophila) OX=349307 GN=Mthe_0765 PE=4 SV=1	IPIIIIIVAACICI	(33-46)	I	57.14	0.4788
tr|A0B7S7|A0B7S7_METTP Putative transmembrane protein OS=Methanothrix thermoacetophila (strain DSM 6194 / JCM 14653 / NBRC 101360 / PT) (Methanosaeta thermophila) OX=349307 GN=Mthe_0963 PE=4 SV=1	IISIIILIIIEFI	(84-96)	I	69.23	0.8223
tr|A0B7S7|A0B7S7_METTP Putative transmembrane protein OS=Methanothrix thermoacetophila (strain DSM 6194 / JCM 14653 / NBRC 101360 / PT) (Methanosaeta thermophila) OX=349307 GN=Mthe_0963 PE=4 SV=1	ILIINRGALLIILTSIIFI	(161-179)	I	42.11	0.6008
tr|A0B843|A0B843_METTP PMT_2 domain-containing protein OS=Methanothrix thermoacetophila (strain DSM 6194 / JCM 14653 / NBRC 101360 / PT) (Methanosaeta thermophila) OX=349307 GN=Mthe_1084 PE=4 SV=1	IPAAIPGDPVAVIFIIIISI	(287-306)	I	40.0	0.5386
tr|A0B8Q5|A0B8Q5_METTP Rhomboid domain-containing protein OS=Methanothrix thermoacetophila (strain DSM 6194 / JCM 14653 / NBRC 101360 / PT) (Methanosaeta thermophila) OX=349307 GN=Mthe_1301 PE=4 SV=1	IIAPEIRVIIFPIPIPLGI	(137-155)	I	42.11	0.7857
tr|A0B9H8|A0B9H8_METTP Ion_trans domain-containing protein OS=Methanothrix thermoacetophila (strain DSM 6194 / JCM 14653 / NBRC 101360 / PT) (Methanosaeta thermophila) OX=349307 GN=Mthe_1582 PE=4 SV=1	IISGIILIPIQVSRILREWI	(226-245)	I	40.0	0.741
tr|A0B9R5|A0B9R5_METTP Polysacc_synt_C domain-containing protein OS=Methanothrix thermoacetophila (strain DSM 6194 / JCM 14653 / NBRC 101360 / PT) (Methanosaeta thermophila) OX=349307 GN=Mthe_1673 PE=4 SV=1	IEILRIIAVSIIIYLQAI	(450-467)	I	44.44	0.6562
tr|A0B814|A0B814_METTP 4Fe-4S ferredoxin, iron-sulfur binding domain protein OS=Methanothrix thermoacetophila (strain DSM 6194 / JCM 14653 / NBRC 101360 / PT) (Methanosaeta thermophila) OX=349307 GN=Mthe_1054 PE=4 SV=1	KKKAAAAAAKEKAAKAKGKENKAKTK	(148-173)	K	42.31	0.7578
tr|A0B5F1|A0B5F1_METTP Uncharacterized protein OS=Methanothrix thermoacetophila (strain DSM 6194 / JCM 14653 / NBRC 101360 / PT) (Methanosaeta thermophila) OX=349307 GN=Mthe_0125 PE=4 SV=1	LELMIPFFLLLVILLLALPLIFIYL	(2-26)	L	44.0	0.6945
tr|A0B5J7|A0B5J7_METTP Peptidase_M50 domain-containing protein OS=Methanothrix thermoacetophila (strain DSM 6194 / JCM 14653 / NBRC 101360 / PT) (Methanosaeta thermophila) OX=349307 GN=Mthe_0172 PE=4 SV=1	LIVLALGLLSLLGTAL	(11-26)	L	50.0	0.7452
tr|A0B5J8|A0B5J8_METTP Hydantoinase_A domain-containing protein OS=Methanothrix thermoacetophila (strain DSM 6194 / JCM 14653 / NBRC 101360 / PT) (Methanosaeta thermophila) OX=349307 GN=Mthe_0173 PE=4 SV=1	LERLLRGELLYTGLLRTNLAALLPGVEL	(150-177)	L	39.29	0.8032
sp|A0B5P5|COFG_METTP 7,8-didemethyl-8-hydroxy-5-deazariboflavin synthase OS=Methanothrix thermoacetophila (strain DSM 6194 / JCM 14653 / NBRC 101360 / PT) (Methanosaeta thermophila) OX=349307 GN=cofG PE=3 SV=1	LELLEYLVELCELALEMGLL	(86-105)	L	45.0	0.8046
tr|A0B5U2|A0B5U2_METTP Uncharacterized protein OS=Methanothrix thermoacetophila (strain DSM 6194 / JCM 14653 / NBRC 101360 / PT) (Methanosaeta thermophila) OX=349307 GN=Mthe_0269 PE=4 SV=1	LVILEGILGWLFLSLFLVCL	(456-475)	L	40.0	0.9161
sp|A0B5W6|COBD_METTP Probable cobalamin biosynthesis protein CobD OS=Methanothrix thermoacetophila (strain DSM 6194 / JCM 14653 / NBRC 101360 / PT) (Methanosaeta thermophila) OX=349307 GN=cobD PE=3 SV=1	LIGRAMVLAALLSALLLILL	(296-315)	L	45.0	0.5851
tr|A0B616|A0B616_METTP Histidine biosynthesis OS=Methanothrix thermoacetophila (strain DSM 6194 / JCM 14653 / NBRC 101360 / PT) (Methanosaeta thermophila) OX=349307 GN=Mthe_0347 PE=3 SV=1	LELIKEMNDLDLLGIILLEL	(142-161)	L	40.0	0.6657
tr|A0B625|A0B625_METTP Uncharacterized protein OS=Methanothrix thermoacetophila (strain DSM 6194 / JCM 14653 / NBRC 101360 / PT) (Methanosaeta thermophila) OX=349307 GN=Mthe_0356 PE=4 SV=1	LDELLEEVDRLLLLMDELGL	(69-88)	L	45.0	0.5979
tr|A0B636|A0B636_METTP Na+/solute symporter OS=Methanothrix thermoacetophila (strain DSM 6194 / JCM 14653 / NBRC 101360 / PT) (Methanosaeta thermophila) OX=349307 GN=Mthe_0367 PE=3 SV=1	LMLIPILLYLLITAFLGYL	(14-32)	L	42.11	0.7468
tr|A0B699|A0B699_METTP Transport system permease protein OS=Methanothrix thermoacetophila (strain DSM 6194 / JCM 14653 / NBRC 101360 / PT) (Methanosaeta thermophila) OX=349307 GN=Mthe_0431 PE=3 SV=1	LFRSIFVLAILLFLLLLTGFVITLGPL	(36-62)	L	37.04	0.6604
tr|A0B6C0|A0B6C0_METTP Rhodanese domain protein OS=Methanothrix thermoacetophila (strain DSM 6194 / JCM 14653 / NBRC 101360 / PT) (Methanosaeta thermophila) OX=349307 GN=Mthe_0453 PE=4 SV=1	LITSVLILLLLPALFGAL	(3-20)	L	44.44	0.6214
tr|A0B6D5|A0B6D5_METTP Na+/solute symporter OS=Methanothrix thermoacetophila (strain DSM 6194 / JCM 14653 / NBRC 101360 / PT) (Methanosaeta thermophila) OX=349307 GN=Mthe_0468 PE=3 SV=1	LLLLNVLVVVYLLVTLYL	(3-20)	L	50.0	0.5996
tr|A0B6G1|A0B6G1_METTP Uncharacterized protein OS=Methanothrix thermoacetophila (strain DSM 6194 / JCM 14653 / NBRC 101360 / PT) (Methanosaeta thermophila) OX=349307 GN=Mthe_0494 PE=4 SV=1	LLLLVPAEDLRILEDLTKEL	(40-59)	L	40.0	0.6518
tr|A0B6M3|A0B6M3_METTP Uncharacterized protein OS=Methanothrix thermoacetophila (strain DSM 6194 / JCM 14653 / NBRC 101360 / PT) (Methanosaeta thermophila) OX=349307 GN=Mthe_0556 PE=3 SV=1	LTLEELEALRLVDLLDL	(16-32)	L	47.06	0.8219
tr|A0B6N5|A0B6N5_METTP Zinc/iron permease OS=Methanothrix thermoacetophila (strain DSM 6194 / JCM 14653 / NBRC 101360 / PT) (Methanosaeta thermophila) OX=349307 GN=Mthe_0568 PE=4 SV=1	LGAVLALLLLYPFLNQWILSAALAL	(181-205)	L	40.0	0.7553
tr|A0B6V4|A0B6V4_METTP CRISPR-associated protein, Csh1 family OS=Methanothrix thermoacetophila (strain DSM 6194 / JCM 14653 / NBRC 101360 / PT) (Methanosaeta thermophila) OX=349307 GN=Mthe_0638 PE=4 SV=1	LMNTLNGFMLLHYLKELNLLKDL	(445-467)	L	39.13	0.8191
tr|A0B708|A0B708_METTP Rhodanese domain protein OS=Methanothrix thermoacetophila (strain DSM 6194 / JCM 14653 / NBRC 101360 / PT) (Methanosaeta thermophila) OX=349307 GN=Mthe_0692 PE=4 SV=1	LPVLLGSALALLLL	(22-35)	L	57.14	0.6048
tr|A0B772|A0B772_METTP Uncharacterized protein OS=Methanothrix thermoacetophila (strain DSM 6194 / JCM 14653 / NBRC 101360 / PT) (Methanosaeta thermophila) OX=349307 GN=Mthe_0756 PE=4 SV=1	LRLGFAWHDALLLLLASL	(39-56)	L	44.44	0.3963
tr|A0B786|A0B786_METTP BatA domain-containing protein OS=Methanothrix thermoacetophila (strain DSM 6194 / JCM 14653 / NBRC 101360 / PT) (Methanosaeta thermophila) OX=349307 GN=Mthe_0770 PE=4 SV=1	LLGLLSVLPLIILYL	(9-23)	L	53.33	0.7926
tr|A0B787|A0B787_METTP VWFA domain-containing protein OS=Methanothrix thermoacetophila (strain DSM 6194 / JCM 14653 / NBRC 101360 / PT) (Methanosaeta thermophila) OX=349307 GN=Mthe_0771 PE=4 SV=1	LLLAALVLFLLEVTVRRL	(767-784)	L	44.44	0.5576
tr|A0B792|A0B792_METTP ABC-3 protein OS=Methanothrix thermoacetophila (strain DSM 6194 / JCM 14653 / NBRC 101360 / PT) (Methanosaeta thermophila) OX=349307 GN=Mthe_0776 PE=3 SV=1	LLVLMLTLLLVIFL	(134-147)	L	57.14	0.7265
tr|A0B7C8|A0B7C8_METTP DUF4010 domain-containing protein OS=Methanothrix thermoacetophila (strain DSM 6194 / JCM 14653 / NBRC 101360 / PT) (Methanosaeta thermophila) OX=349307 GN=Mthe_0813 PE=4 SV=1	LLDTLKMALVALVILPLL	(144-161)	L	44.44	0.7777
tr|A0B7C9|A0B7C9_METTP Uncharacterized protein OS=Methanothrix thermoacetophila (strain DSM 6194 / JCM 14653 / NBRC 101360 / PT) (Methanosaeta thermophila) OX=349307 GN=Mthe_0814 PE=4 SV=1	LLLALFGTVSFTLAGLLDKL	(8-27)	L	40.0	0.5743
tr|A0B7F0|A0B7F0_METTP Cobaltochelatase CobN subunit OS=Methanothrix thermoacetophila (strain DSM 6194 / JCM 14653 / NBRC 101360 / PT) (Methanosaeta thermophila) OX=349307 GN=Mthe_0835 PE=3 SV=1	LQNLLTLLLREYLGCDL	(166-182)	L	47.06	0.648
tr|A0B7H3|A0B7H3_METTP ABC transmembrane type-1 domain-containing protein OS=Methanothrix thermoacetophila (strain DSM 6194 / JCM 14653 / NBRC 101360 / PT) (Methanosaeta thermophila) OX=349307 GN=Mthe_0859 PE=3 SV=1	LLLDIVHHLILPLISLVLVQLAPTYLL	(197-223)	L	40.74	0.7675
tr|A0B7H5|A0B7H5_METTP Ion_trans domain-containing protein OS=Methanothrix thermoacetophila (strain DSM 6194 / JCM 14653 / NBRC 101360 / PT) (Methanosaeta thermophila) OX=349307 GN=Mthe_0861 PE=4 SV=1	LKLKKDELLLVFVSIMILLL	(110-129)	L	40.0	0.5047
tr|A0B7I1|A0B7I1_METTP Efflux transporter, putative, hydrophobe/amphiphile efflux-3 (HAE3) family OS=Methanothrix thermoacetophila (strain DSM 6194 / JCM 14653 / NBRC 101360 / PT) (Methanosaeta thermophila) OX=349307 GN=Mthe_0867 PE=4 SV=1	LMILALLLVFRHVNWPLLPL	(223-242)	L	40.0	0.5047
tr|A0B7I1|A0B7I1_METTP Efflux transporter, putative, hydrophobe/amphiphile efflux-3 (HAE3) family OS=Methanothrix thermoacetophila (strain DSM 6194 / JCM 14653 / NBRC 101360 / PT) (Methanosaeta thermophila) OX=349307 GN=Mthe_0867 PE=4 SV=1	LRRGPMILLLALLLSLAGVYSDTL	(405-428)	L	37.5	0.5656
tr|A0B7J5|A0B7J5_METTP CDP-alcohol phosphatidyltransferase OS=Methanothrix thermoacetophila (strain DSM 6194 / JCM 14653 / NBRC 101360 / PT) (Methanosaeta thermophila) OX=349307 GN=Mthe_0881 PE=3 SV=1	LLILGLMLYLGDRVNLRISLL	(94-114)	L	42.86	0.7295
tr|A0B7J5|A0B7J5_METTP CDP-alcohol phosphatidyltransferase OS=Methanothrix thermoacetophila (strain DSM 6194 / JCM 14653 / NBRC 101360 / PT) (Methanosaeta thermophila) OX=349307 GN=Mthe_0881 PE=3 SV=1	LYSTDLLIFLLTITALLANL	(168-187)	L	40.0	0.7096
tr|A0B7P4|A0B7P4_METTP Magnesium-transporting ATPase, P-type 1 OS=Methanothrix thermoacetophila (strain DSM 6194 / JCM 14653 / NBRC 101360 / PT) (Methanosaeta thermophila) OX=349307 GN=Mthe_0930 PE=3 SV=1	LPFLPMLPVQVLLTNLLTDL	(672-691)	L	40.0	0.7919
tr|A0B7X0|A0B7X0_METTP Cation_ATPase_C domain-containing protein OS=Methanothrix thermoacetophila (strain DSM 6194 / JCM 14653 / NBRC 101360 / PT) (Methanosaeta thermophila) OX=349307 GN=Mthe_1009 PE=4 SV=1	LFFLSLFAAVPLPLLAVQLLWLNL	(642-665)	L	41.67	0.7806
tr|A0B841|A0B841_METTP Uncharacterized protein OS=Methanothrix thermoacetophila (strain DSM 6194 / JCM 14653 / NBRC 101360 / PT) (Methanosaeta thermophila) OX=349307 GN=Mthe_1082 PE=4 SV=1	LRLAFGLLLVAVLLHRL	(14-30)	L	47.06	0.648
tr|A0B841|A0B841_METTP Uncharacterized protein OS=Methanothrix thermoacetophila (strain DSM 6194 / JCM 14653 / NBRC 101360 / PT) (Methanosaeta thermophila) OX=349307 GN=Mthe_1082 PE=4 SV=1	LQMLFLLLPLVSALSL	(233-248)	L	50.0	0.7173
tr|A0B865|A0B865_METTP DsbD domain-containing protein OS=Methanothrix thermoacetophila (strain DSM 6194 / JCM 14653 / NBRC 101360 / PT) (Methanosaeta thermophila) OX=349307 GN=Mthe_1106 PE=4 SV=1	LRLVLSMLLILLGMLQLEDARRL	(218-240)	L	43.48	0.7714
tr|A0B899|A0B899_METTP Uncharacterized protein OS=Methanothrix thermoacetophila (strain DSM 6194 / JCM 14653 / NBRC 101360 / PT) (Methanosaeta thermophila) OX=349307 GN=Mthe_1140 PE=4 SV=1	LLTALVILLLFVFASLPIL	(16-34)	L	42.11	0.6611
tr|A0B8C2|A0B8C2_METTP Oligosaccharyl transferase OS=Methanothrix thermoacetophila (strain DSM 6194 / JCM 14653 / NBRC 101360 / PT) (Methanosaeta thermophila) OX=349307 GN=Mthe_1164 PE=3 SV=1	LEILLFSLIVLLLL	(176-189)	L	57.14	0.633
tr|A0B8C2|A0B8C2_METTP Oligosaccharyl transferase OS=Methanothrix thermoacetophila (strain DSM 6194 / JCM 14653 / NBRC 101360 / PT) (Methanosaeta thermophila) OX=349307 GN=Mthe_1164 PE=3 SV=1	LILWLLLYILGAAVLL	(351-366)	L	50.0	0.6204
tr|A0B8C3|A0B8C3_METTP Uncharacterized protein OS=Methanothrix thermoacetophila (strain DSM 6194 / JCM 14653 / NBRC 101360 / PT) (Methanosaeta thermophila) OX=349307 GN=Mthe_1165 PE=4 SV=1	LKLIVLLPLLVILDESL	(224-240)	L	47.06	0.7378
tr|A0B8J5|A0B8J5_METTP Uncharacterized protein OS=Methanothrix thermoacetophila (strain DSM 6194 / JCM 14653 / NBRC 101360 / PT) (Methanosaeta thermophila) OX=349307 GN=Mthe_1240 PE=4 SV=1	LMLWALLLAALLSFIL	(333-348)	L	50.0	0.6664
tr|A0B8K3|A0B8K3_METTP Response regulatory domain-containing protein OS=Methanothrix thermoacetophila (strain DSM 6194 / JCM 14653 / NBRC 101360 / PT) (Methanosaeta thermophila) OX=349307 GN=Mthe_1248 PE=4 SV=1	LILLDLRLPRMDGLDLL	(59-75)	L	47.06	0.628
tr|A0B8P6|A0B8P6_METTP Uncharacterized protein OS=Methanothrix thermoacetophila (strain DSM 6194 / JCM 14653 / NBRC 101360 / PT) (Methanosaeta thermophila) OX=349307 GN=Mthe_1292 PE=4 SV=1	LLLLLGVGIMLSCLLVSFTL	(246-265)	L	45.0	0.5131
tr|A0B8T1|A0B8T1_METTP Uncharacterized protein OS=Methanothrix thermoacetophila (strain DSM 6194 / JCM 14653 / NBRC 101360 / PT) (Methanosaeta thermophila) OX=349307 GN=Mthe_1329 PE=4 SV=1	LSELLIRWTTLLTFWLLAGL	(72-91)	L	40.0	0.6946
tr|A0B8T3|A0B8T3_METTP Archaetidylserine synthase OS=Methanothrix thermoacetophila (strain DSM 6194 / JCM 14653 / NBRC 101360 / PT) (Methanosaeta thermophila) OX=349307 GN=Mthe_1331 PE=3 SV=1	LLKEPYLLMLSALYMLCGML	(82-101)	L	40.0	0.7743
tr|A0B8U7|A0B8U7_METTP Uncharacterized protein OS=Methanothrix thermoacetophila (strain DSM 6194 / JCM 14653 / NBRC 101360 / PT) (Methanosaeta thermophila) OX=349307 GN=Mthe_1346 PE=4 SV=1	LGMLLLLIAVLIGLFVILKSL	(4-24)	L	42.86	0.7295
tr|A0B8Z7|A0B8Z7_METTP Uncharacterized protein OS=Methanothrix thermoacetophila (strain DSM 6194 / JCM 14653 / NBRC 101360 / PT) (Methanosaeta thermophila) OX=349307 GN=Mthe_1396 PE=4 SV=1	LSLALGLVVLFFLGLFL	(146-162)	L	47.06	0.8937
tr|A0B919|A0B919_METTP Probable membrane transporter protein OS=Methanothrix thermoacetophila (strain DSM 6194 / JCM 14653 / NBRC 101360 / PT) (Methanosaeta thermophila) OX=349307 GN=Mthe_1418 PE=3 SV=1	LVEHIDLLQLILGLAFLL	(136-153)	L	44.44	0.6744
sp|A0B976|MUTS_METTP DNA mismatch repair protein MutS OS=Methanothrix thermoacetophila (strain DSM 6194 / JCM 14653 / NBRC 101360 / PT) (Methanosaeta thermophila) OX=349307 GN=mutS PE=3 SV=1	LAAVLLENGLAGLSLLDL	(129-146)	L	44.44	0.7551
tr|A0B985|A0B985_METTP Uncharacterized protein OS=Methanothrix thermoacetophila (strain DSM 6194 / JCM 14653 / NBRC 101360 / PT) (Methanosaeta thermophila) OX=349307 GN=Mthe_1487 PE=4 SV=1	LLLLSIALLSYIAVLRVAL	(83-101)	L	42.11	0.5728
tr|A0B986|A0B986_METTP MFS domain-containing protein OS=Methanothrix thermoacetophila (strain DSM 6194 / JCM 14653 / NBRC 101360 / PT) (Methanosaeta thermophila) OX=349307 GN=Mthe_1488 PE=4 SV=1	LLMLSDILMLTGLGLIQPIL	(7-26)	L	40.0	0.8102
tr|A0B990|A0B990_METTP Uncharacterized protein OS=Methanothrix thermoacetophila (strain DSM 6194 / JCM 14653 / NBRC 101360 / PT) (Methanosaeta thermophila) OX=349307 GN=Mthe_1492 PE=4 SV=1	LLSSPLGLEPDVLLPLL	(188-204)	L	47.06	0.628
tr|A0B994|A0B994_METTP Phenylalanine--tRNA ligase alpha subunit OS=Methanothrix thermoacetophila (strain DSM 6194 / JCM 14653 / NBRC 101360 / PT) (Methanosaeta thermophila) OX=349307 GN=pheS PE=3 SV=1	LGVSRLAMLRLGLKDLRLL	(456-474)	L	42.11	0.8065
tr|A0B996|A0B996_METTP Oligosaccharyl transferase OS=Methanothrix thermoacetophila (strain DSM 6194 / JCM 14653 / NBRC 101360 / PT) (Methanosaeta thermophila) OX=349307 GN=Mthe_1498 PE=3 SV=1	LLSTLSMLLFILAFRSGRLL	(182-201)	L	40.0	0.6518
tr|A0B998|A0B998_METTP Uncharacterized protein OS=Methanothrix thermoacetophila (strain DSM 6194 / JCM 14653 / NBRC 101360 / PT) (Methanosaeta thermophila) OX=349307 GN=Mthe_1500 PE=3 SV=1	LCASLILLLVLREALTYTHLNL	(36-57)	L	40.91	0.77
tr|A0B998|A0B998_METTP Uncharacterized protein OS=Methanothrix thermoacetophila (strain DSM 6194 / JCM 14653 / NBRC 101360 / PT) (Methanosaeta thermophila) OX=349307 GN=Mthe_1500 PE=3 SV=1	LVVLFAGLKWFLLLLCFYL	(194-212)	L	42.11	0.6771
tr|A0B9E5|A0B9E5_METTP Oligosaccharyl transferase OS=Methanothrix thermoacetophila (strain DSM 6194 / JCM 14653 / NBRC 101360 / PT) (Methanosaeta thermophila) OX=349307 GN=Mthe_1548 PE=3 SV=1	LEMLLLSLIVLALLL	(155-169)	L	60.0	0.767
tr|A0B9E5|A0B9E5_METTP Oligosaccharyl transferase OS=Methanothrix thermoacetophila (strain DSM 6194 / JCM 14653 / NBRC 101360 / PT) (Methanosaeta thermophila) OX=349307 GN=Mthe_1548 PE=3 SV=1	LLTMNLQSILGLNILLTLTVLAL	(328-350)	L	43.48	0.8307
tr|A0B9K7|A0B9K7_METTP V-type ATP synthase subunit I OS=Methanothrix thermoacetophila (strain DSM 6194 / JCM 14653 / NBRC 101360 / PT) (Methanosaeta thermophila) OX=349307 GN=Mthe_1614 PE=3 SV=1	LPVLIFQVAFALLLLGLVLGFMPLVYLMGLL	(513-543)	L	38.71	0.7244
tr|A0B9M3|A0B9M3_METTP Uncharacterized protein OS=Methanothrix thermoacetophila (strain DSM 6194 / JCM 14653 / NBRC 101360 / PT) (Methanosaeta thermophila) OX=349307 GN=Mthe_1630 PE=4 SV=1	LLSFVGTPDRLLLELYLPLSVLGALAL	(307-333)	L	40.74	0.6659
tr|A0B9S4|A0B9S4_METTP O-phosphoserine phosphohydrolase OS=Methanothrix thermoacetophila (strain DSM 6194 / JCM 14653 / NBRC 101360 / PT) (Methanosaeta thermophila) OX=349307 GN=Mthe_1682 PE=3 SV=1	LLGLLNLLGLADRKSLL	(384-400)	L	52.94	0.5902
tr|A0B9X3|A0B9X3_METTP NfeD domain-containing protein OS=Methanothrix thermoacetophila (strain DSM 6194 / JCM 14653 / NBRC 101360 / PT) (Methanosaeta thermophila) OX=349307 GN=Mthe_1731 PE=4 SV=1	LHLKSLLILLLLSSPCLGDVVSL	(3-25)	L	43.48	0.6516
tr|A0B9X3|A0B9X3_METTP NfeD domain-containing protein OS=Methanothrix thermoacetophila (strain DSM 6194 / JCM 14653 / NBRC 101360 / PT) (Methanosaeta thermophila) OX=349307 GN=Mthe_1731 PE=4 SV=1	LRLRVLMLLSDPTIAGLLLLVGLYAL	(218-243)	L	42.31	0.6573
tr|A0B6I2|A0B6I2_METTP MFS domain-containing protein OS=Methanothrix thermoacetophila (strain DSM 6194 / JCM 14653 / NBRC 101360 / PT) (Methanosaeta thermophila) OX=349307 GN=Mthe_0515 PE=4 SV=1	PLVFPPAGYKPPGWTPPAPKP	(194-214)	P	42.86	0.7295
tr|A0B6V9|A0B6V9_METTP CRISPR-associated protein, Csx3 family OS=Methanothrix thermoacetophila (strain DSM 6194 / JCM 14653 / NBRC 101360 / PT) (Methanosaeta thermophila) OX=349307 GN=Mthe_0643 PE=4 SV=1	PIAPDEPLPPLPPIP	(14-28)	P	53.33	0.7926
tr|A0B7K1|A0B7K1_METTP ABC transporter related protein OS=Methanothrix thermoacetophila (strain DSM 6194 / JCM 14653 / NBRC 101360 / PT) (Methanosaeta thermophila) OX=349307 GN=Mthe_0887 PE=4 SV=1	PAVPLPPRPEPPEP	(250-263)	P	57.14	0.886
tr|A0B9H1|A0B9H1_METTP Formylmethanofuran dehydrogenase, subunit F OS=Methanothrix thermoacetophila (strain DSM 6194 / JCM 14653 / NBRC 101360 / PT) (Methanosaeta thermophila) OX=349307 GN=Mthe_1575 PE=4 SV=1	PPAVERPPPPKIEAPPRDP	(364-382)	P	47.37	0.5396
sp|A0B8V8|PFDB_METTP Prefoldin subunit beta OS=Methanothrix thermoacetophila (strain DSM 6194 / JCM 14653 / NBRC 101360 / PT) (Methanosaeta thermophila) OX=349307 GN=pfdB PE=3 SV=1	QVQNQLAQLQQLQQQAQALVAQKSQ	(8-32)	Q	48.0	0.7623
sp|A0B9G7|Y1571_METTP DNA-binding protein Mthe_1571 OS=Methanothrix thermoacetophila (strain DSM 6194 / JCM 14653 / NBRC 101360 / PT) (Methanosaeta thermophila) OX=349307 GN=Mthe_1571 PE=3 SV=1	QRRQLESQLYAAQQEQMQQ	(17-35)	Q	42.11	0.7468
tr|A0B578|A0B578_METTP Delta-aminolevulinic acid dehydratase OS=Methanothrix thermoacetophila (strain DSM 6194 / JCM 14653 / NBRC 101360 / PT) (Methanosaeta thermophila) OX=349307 GN=Mthe_0050 PE=3 SV=1	RRMRRLRRPGIREMVAETR	(2-20)	R	42.11	0.6008
tr|A0B5H9|A0B5H9_METTP DUF3656 domain-containing protein OS=Methanothrix thermoacetophila (strain DSM 6194 / JCM 14653 / NBRC 101360 / PT) (Methanosaeta thermophila) OX=349307 GN=Mthe_0153 PE=4 SV=1	RSARMRDDAERIIRRGRDR	(395-413)	R	42.11	0.8065
tr|A0B5U6|A0B5U6_METTP Uncharacterized protein OS=Methanothrix thermoacetophila (strain DSM 6194 / JCM 14653 / NBRC 101360 / PT) (Methanosaeta thermophila) OX=349307 GN=Mthe_0273 PE=4 SV=1	RARRFVTRRYRPRRR	(79-93)	R	60.0	0.767
tr|A0B666|A0B666_METTP RCK C-terminal domain-containing protein OS=Methanothrix thermoacetophila (strain DSM 6194 / JCM 14653 / NBRC 101360 / PT) (Methanosaeta thermophila) OX=349307 GN=Mthe_0397 PE=4 SV=1	RRYEVRRRSHMARRTLR	(23-39)	R	47.06	0.5723
tr|A0B6A8|A0B6A8_METTP Cobaltochelatase CobN subunit OS=Methanothrix thermoacetophila (strain DSM 6194 / JCM 14653 / NBRC 101360 / PT) (Methanosaeta thermophila) OX=349307 GN=Mthe_0441 PE=4 SV=1	RRIRAWIRLRSKPRSERR	(327-344)	R	44.44	0.7551
tr|A0B6B6|A0B6B6_METTP VWFA domain-containing protein OS=Methanothrix thermoacetophila (strain DSM 6194 / JCM 14653 / NBRC 101360 / PT) (Methanosaeta thermophila) OX=349307 GN=Mthe_0449 PE=3 SV=1	RDTLRRDRVLRRMPRGRRVSSLSMRRSGR	(395-423)	R	41.38	0.7612
tr|A0B6K9|A0B6K9_METTP Aminotran_1_2 domain-containing protein OS=Methanothrix thermoacetophila (strain DSM 6194 / JCM 14653 / NBRC 101360 / PT) (Methanosaeta thermophila) OX=349307 GN=Mthe_0542 PE=4 SV=1	REMRESFRRRRDMMIRGLR	(277-295)	R	42.11	0.6611
tr|A0B6L4|A0B6L4_METTP Uncharacterized protein OS=Methanothrix thermoacetophila (strain DSM 6194 / JCM 14653 / NBRC 101360 / PT) (Methanosaeta thermophila) OX=349307 GN=Mthe_0547 PE=4 SV=1	RLRNLLRAERKRMRRLRSEAKRIRKAER	(476-503)	R	39.29	0.8749
tr|A0B6L5|A0B6L5_METTP Non-specific serine/threonine protein kinase OS=Methanothrix thermoacetophila (strain DSM 6194 / JCM 14653 / NBRC 101360 / PT) (Methanosaeta thermophila) OX=349307 GN=Mthe_0548 PE=3 SV=1	REGRTSFSRVRRVRDYLRDR	(122-141)	R	40.0	0.8102
tr|A0B6V7|A0B6V7_METTP HD Cas3-type domain-containing protein OS=Methanothrix thermoacetophila (strain DSM 6194 / JCM 14653 / NBRC 101360 / PT) (Methanosaeta thermophila) OX=349307 GN=Mthe_0641 PE=3 SV=1	RDRRDRIRRIRDERGGRR	(557-574)	R	55.56	0.8545
tr|A0B6V7|A0B6V7_METTP HD Cas3-type domain-containing protein OS=Methanothrix thermoacetophila (strain DSM 6194 / JCM 14653 / NBRC 101360 / PT) (Methanosaeta thermophila) OX=349307 GN=Mthe_0641 PE=3 SV=1	RDLRSERDLWERRRRYLRLR	(730-749)	R	45.0	0.6823
tr|A0B753|A0B753_METTP Cas_Cas4 domain-containing protein OS=Methanothrix thermoacetophila (strain DSM 6194 / JCM 14653 / NBRC 101360 / PT) (Methanosaeta thermophila) OX=349307 GN=Mthe_0737 PE=4 SV=1	RRIRIRSLDRSRALWVRDRVR	(189-209)	R	42.86	0.8108
tr|A0B7D0|A0B7D0_METTP DUF1616 domain-containing protein OS=Methanothrix thermoacetophila (strain DSM 6194 / JCM 14653 / NBRC 101360 / PT) (Methanosaeta thermophila) OX=349307 GN=Mthe_0815 PE=4 SV=1	RRRRFSVHTYRYALRSNRR	(87-105)	R	42.11	0.5329
tr|A0B806|A0B806_METTP DNA-binding protein MutS2 OS=Methanothrix thermoacetophila (strain DSM 6194 / JCM 14653 / NBRC 101360 / PT) (Methanosaeta thermophila) OX=349307 GN=mutS2 PE=3 SV=1	RRRLGDVRDLLRRIKPLRRR	(115-134)	R	45.0	0.5851
tr|A0B806|A0B806_METTP DNA-binding protein MutS2 OS=Methanothrix thermoacetophila (strain DSM 6194 / JCM 14653 / NBRC 101360 / PT) (Methanosaeta thermophila) OX=349307 GN=mutS2 PE=3 SV=1	RQLEIELRRRREAEGLRRKR	(372-391)	R	40.0	0.5158
tr|A0B864|A0B864_METTP Uncharacterized protein OS=Methanothrix thermoacetophila (strain DSM 6194 / JCM 14653 / NBRC 101360 / PT) (Methanosaeta thermophila) OX=349307 GN=Mthe_1105 PE=4 SV=1	RTGGIRRRSGLRAARRRRR	(305-323)	R	52.63	0.5138
tr|A0B8B9|A0B8B9_METTP Chromosome partition protein Smc OS=Methanothrix thermoacetophila (strain DSM 6194 / JCM 14653 / NBRC 101360 / PT) (Methanosaeta thermophila) OX=349307 GN=smc PE=3 SV=1	RRLQAERDRALRYRACREER	(205-224)	R	40.0	0.8293
tr|A0B8D0|A0B8D0_METTP Indolepyruvate oxidoreductase subunit IorA OS=Methanothrix thermoacetophila (strain DSM 6194 / JCM 14653 / NBRC 101360 / PT) (Methanosaeta thermophila) OX=349307 GN=Mthe_1172 PE=4 SV=1	RAPCRILLRRKGERFRRYR	(526-544)	R	42.11	0.7658
tr|A0B8T8|A0B8T8_METTP 4Fe-4S ferredoxin-type domain-containing protein OS=Methanothrix thermoacetophila (strain DSM 6194 / JCM 14653 / NBRC 101360 / PT) (Methanosaeta thermophila) OX=349307 GN=Mthe_1337 PE=4 SV=1	RRDGQRRSHARQCILVRGRR	(107-126)	R	40.0	0.68
tr|A0B8X0|A0B8X0_METTP 50S ribosomal protein L15e OS=Methanothrix thermoacetophila (strain DSM 6194 / JCM 14653 / NBRC 101360 / PT) (Methanosaeta thermophila) OX=349307 GN=rpl15e PE=3 SV=1	RVRVRRGALRKSRYVRNRR	(72-90)	R	47.37	0.7703
tr|A0B982|A0B982_METTP Metallophos domain-containing protein OS=Methanothrix thermoacetophila (strain DSM 6194 / JCM 14653 / NBRC 101360 / PT) (Methanosaeta thermophila) OX=349307 GN=Mthe_1483 PE=4 SV=1	RVDLRRVNRAAYRRMDQRRLSR	(278-299)	R	40.91	0.7846
tr|A0B997|A0B997_METTP Undecaprenyl diphosphate synthase OS=Methanothrix thermoacetophila (strain DSM 6194 / JCM 14653 / NBRC 101360 / PT) (Methanosaeta thermophila) OX=349307 GN=Mthe_1499 PE=4 SV=1	RRLDFLRAIRDFQRRERRFGR	(166-186)	R	42.86	0.7446
tr|A0B9D2|A0B9D2_METTP NFACT-R_1 domain-containing protein OS=Methanothrix thermoacetophila (strain DSM 6194 / JCM 14653 / NBRC 101360 / PT) (Methanosaeta thermophila) OX=349307 GN=Mthe_1534 PE=4 SV=1	RRRSPVLKRRHKPRWFERFR	(417-436)	R	40.0	0.6657
tr|A0B9Q2|A0B9Q2_METTP tRNA-guanine(15) transglycosylase OS=Methanothrix thermoacetophila (strain DSM 6194 / JCM 14653 / NBRC 101360 / PT) (Methanosaeta thermophila) OX=349307 GN=tgtA PE=3 SV=1	RRPEVLRYRKRICRLELRGR	(371-390)	R	40.0	0.8102
sp|A0B9V1|RL18_METTP 50S ribosomal protein L18 OS=Methanothrix thermoacetophila (strain DSM 6194 / JCM 14653 / NBRC 101360 / PT) (Methanosaeta thermophila) OX=349307 GN=rpl18 PE=3 SV=1	RYRVPFRRRREGRTNYHVRYRLILSR	(6-31)	R	38.46	0.7363
sp|A0B532|RTCA_METTP RNA 3'-terminal phosphate cyclase OS=Methanothrix thermoacetophila (strain DSM 6194 / JCM 14653 / NBRC 101360 / PT) (Methanosaeta thermophila) OX=349307 GN=rtcA PE=3 SV=2	SSSSPGSGITLWSGFRGSS	(225-243)	S	42.11	0.5592
tr|A0B5E2|A0B5E2_METTP Uncharacterized protein OS=Methanothrix thermoacetophila (strain DSM 6194 / JCM 14653 / NBRC 101360 / PT) (Methanosaeta thermophila) OX=349307 GN=Mthe_0116 PE=4 SV=1	SQESSMSSEKYRNLSMSSS	(98-116)	S	47.37	0.5396
tr|A0B6I3|A0B6I3_METTP Uncharacterized protein OS=Methanothrix thermoacetophila (strain DSM 6194 / JCM 14653 / NBRC 101360 / PT) (Methanosaeta thermophila) OX=349307 GN=Mthe_0516 PE=4 SV=1	SMSFFSQFYFSSSSVSSSVSMTSGLS	(58-83)	S	50.0	0.7071
tr|A0B781|A0B781_METTP Conserved repeat domain OS=Methanothrix thermoacetophila (strain DSM 6194 / JCM 14653 / NBRC 101360 / PT) (Methanosaeta thermophila) OX=349307 GN=Mthe_0765 PE=4 SV=1	SDGRSVSESTLTWSSSESGGRDYSASASS	(826-854)	S	41.38	0.7779
tr|A0B781|A0B781_METTP Conserved repeat domain OS=Methanothrix thermoacetophila (strain DSM 6194 / JCM 14653 / NBRC 101360 / PT) (Methanosaeta thermophila) OX=349307 GN=Mthe_0765 PE=4 SV=1	SISTENHSIRVSRSQASESS	(1255-1274)	S	40.0	0.8102
tr|A0B7D0|A0B7D0_METTP DUF1616 domain-containing protein OS=Methanothrix thermoacetophila (strain DSM 6194 / JCM 14653 / NBRC 101360 / PT) (Methanosaeta thermophila) OX=349307 GN=Mthe_0815 PE=4 SV=1	SATRRVSSGSGGSGSSSSSGSSSSSGISNDVSAAS	(280-314)	S	51.43	0.6769
tr|A0B7D0|A0B7D0_METTP DUF1616 domain-containing protein OS=Methanothrix thermoacetophila (strain DSM 6194 / JCM 14653 / NBRC 101360 / PT) (Methanosaeta thermophila) OX=349307 GN=Mthe_0815 PE=4 SV=1	SGIESSSSSAALGSKNITS	(1101-1119)	S	42.11	0.5459
tr|A0B7I9|A0B7I9_METTP tRNA(His) guanylyltransferase OS=Methanothrix thermoacetophila (strain DSM 6194 / JCM 14653 / NBRC 101360 / PT) (Methanosaeta thermophila) OX=349307 GN=Mthe_0875 PE=3 SV=1	SITASYISSSLSISLGRVVS	(99-118)	S	40.0	0.7096
tr|A0B7J2|A0B7J2_METTP Cobaltochelatase CobN subunit OS=Methanothrix thermoacetophila (strain DSM 6194 / JCM 14653 / NBRC 101360 / PT) (Methanosaeta thermophila) OX=349307 GN=Mthe_0878 PE=4 SV=1	STTTSSTGHAVKSGSSSRS	(1722-1740)	S	42.11	0.5867
tr|A0B830|A0B830_METTP Uncharacterized protein OS=Methanothrix thermoacetophila (strain DSM 6194 / JCM 14653 / NBRC 101360 / PT) (Methanosaeta thermophila) OX=349307 GN=Mthe_1070 PE=4 SV=1	SGGWSVSSDGESVSSGSSGVSSVS	(24-47)	S	50.0	0.7642
tr|A0B830|A0B830_METTP Uncharacterized protein OS=Methanothrix thermoacetophila (strain DSM 6194 / JCM 14653 / NBRC 101360 / PT) (Methanosaeta thermophila) OX=349307 GN=Mthe_1070 PE=4 SV=1	SSSTSLQGSAADSLLSTS	(175-192)	S	44.44	0.7336
tr|A0B830|A0B830_METTP Uncharacterized protein OS=Methanothrix thermoacetophila (strain DSM 6194 / JCM 14653 / NBRC 101360 / PT) (Methanosaeta thermophila) OX=349307 GN=Mthe_1070 PE=4 SV=1	SGGPSSYASASQSSSSTES	(308-326)	S	52.63	0.6739
tr|A0B878|A0B878_METTP Uncharacterized protein OS=Methanothrix thermoacetophila (strain DSM 6194 / JCM 14653 / NBRC 101360 / PT) (Methanosaeta thermophila) OX=349307 GN=Mthe_1119 PE=4 SV=1	SSGFSESGSFIARRVSSETS	(122-141)	S	40.0	0.68
tr|A0B8E1|A0B8E1_METTP Uncharacterized protein OS=Methanothrix thermoacetophila (strain DSM 6194 / JCM 14653 / NBRC 101360 / PT) (Methanosaeta thermophila) OX=349307 GN=Mthe_1183 PE=4 SV=1	SYSSSGGSGFASASSSYDLDSSTSLQES	(2-29)	S	46.43	0.7383
tr|A0B8E1|A0B8E1_METTP Uncharacterized protein OS=Methanothrix thermoacetophila (strain DSM 6194 / JCM 14653 / NBRC 101360 / PT) (Methanosaeta thermophila) OX=349307 GN=Mthe_1183 PE=4 SV=1	SFSAESRVESVGAMSIGSSSLSSGGSGALSQSVS	(62-95)	S	41.18	0.8587
tr|A0B9U3|A0B9U3_METTP Uncharacterized protein OS=Methanothrix thermoacetophila (strain DSM 6194 / JCM 14653 / NBRC 101360 / PT) (Methanosaeta thermophila) OX=349307 GN=Mthe_1701 PE=4 SV=1	SVSNVQSSNVIQSVQSTSESS	(247-267)	S	42.86	0.7764
tr|A0B781|A0B781_METTP Conserved repeat domain OS=Methanothrix thermoacetophila (strain DSM 6194 / JCM 14653 / NBRC 101360 / PT) (Methanosaeta thermophila) OX=349307 GN=Mthe_0765 PE=4 SV=1	TVTYTVSYRNTGTTKATNVT	(993-1012)	T	40.0	0.7743
tr|A0B8I1|A0B8I1_METTP Uncharacterized protein OS=Methanothrix thermoacetophila (strain DSM 6194 / JCM 14653 / NBRC 101360 / PT) (Methanosaeta thermophila) OX=349307 GN=Mthe_1226 PE=4 SV=1	TNTTETEQTTTTTQPTQLST	(180-199)	T	55.0	0.6672
sp|A0B5N2|Y208_METTP UPF0107 protein Mthe_0208 OS=Methanothrix thermoacetophila (strain DSM 6194 / JCM 14653 / NBRC 101360 / PT) (Methanosaeta thermophila) OX=349307 GN=Mthe_0208 PE=3 SV=1	VVVDARREVVVLPDGSVKV	(119-137)	V	42.11	0.5329
tr|A0B665|A0B665_METTP TrkA-N domain protein OS=Methanothrix thermoacetophila (strain DSM 6194 / JCM 14653 / NBRC 101360 / PT) (Methanosaeta thermophila) OX=349307 GN=Mthe_0396 PE=4 SV=1	VGQRLVRVLCEHGVVPVVV	(347-365)	V	42.11	0.6153
tr|A0B6S5|A0B6S5_METTP TNase-like domain-containing protein OS=Methanothrix thermoacetophila (strain DSM 6194 / JCM 14653 / NBRC 101360 / PT) (Methanosaeta thermophila) OX=349307 GN=Mthe_0608 PE=4 SV=1	VVGCVTSVPDEFHGTVVKVV	(30-49)	V	40.0	0.5866
tr|A0B7Q3|A0B7Q3_METTP TPR_REGION domain-containing protein OS=Methanothrix thermoacetophila (strain DSM 6194 / JCM 14653 / NBRC 101360 / PT) (Methanosaeta thermophila) OX=349307 GN=Mthe_0939 PE=4 SV=1	VPVVEVGSVNIRGSAVDVPV	(584-603)	V	40.0	0.7096
tr|A0B802|A0B802_METTP Fe/B12 periplasmic-binding domain-containing protein OS=Methanothrix thermoacetophila (strain DSM 6194 / JCM 14653 / NBRC 101360 / PT) (Methanosaeta thermophila) OX=349307 GN=Mthe_1042 PE=4 SV=1	VDSAGREVVVPYPVESVVV	(37-55)	V	42.11	0.5459
tr|A0B8C2|A0B8C2_METTP Oligosaccharyl transferase OS=Methanothrix thermoacetophila (strain DSM 6194 / JCM 14653 / NBRC 101360 / PT) (Methanosaeta thermophila) OX=349307 GN=Mthe_1164 PE=3 SV=1	VEAVAAVISPILGGVLVVVV	(117-136)	V	40.0	0.5503
tr|A0B8E3|A0B8E3_METTP Fe/B12 periplasmic-binding domain-containing protein OS=Methanothrix thermoacetophila (strain DSM 6194 / JCM 14653 / NBRC 101360 / PT) (Methanosaeta thermophila) OX=349307 GN=Mthe_1185 PE=4 SV=1	VVDSAGREVVVPYPVKSVVV	(36-55)	V	45.0	0.5362
sp|A0B8F1|ACSA_METTP Acetyl-coenzyme A synthetase OS=Methanothrix thermoacetophila (strain DSM 6194 / JCM 14653 / NBRC 101360 / PT) (Methanosaeta thermophila) OX=349307 GN=acsA PE=1 SV=1	VDEAVQNAPSVEKVVVVKRVGLDV	(217-240)	V	37.5	0.7301
tr|A0B8L7|A0B8L7_METTP Ribose 1,5-bisphosphate isomerase OS=Methanothrix thermoacetophila (strain DSM 6194 / JCM 14653 / NBRC 101360 / PT) (Methanosaeta thermophila) OX=349307 GN=Mthe_1262 PE=3 SV=1	VRSVIEDVDLVVVGADVV	(176-193)	V	44.44	0.6934
tr|A0B8P6|A0B8P6_METTP Uncharacterized protein OS=Methanothrix thermoacetophila (strain DSM 6194 / JCM 14653 / NBRC 101360 / PT) (Methanosaeta thermophila) OX=349307 GN=Mthe_1292 PE=4 SV=1	VVNINAPVDSAVVAGGVVTV	(47-66)	V	40.0	0.68
sp|A0B8Q8|PURA_METTP Adenylosuccinate synthetase OS=Methanothrix thermoacetophila (strain DSM 6194 / JCM 14653 / NBRC 101360 / PT) (Methanosaeta thermophila) OX=349307 GN=purA PE=3 SV=1	VGPVRVDNVVGVVKAYITRV	(250-269)	V	40.0	0.68
tr|A0B931|A0B931_METTP Imidazole glycerol phosphate synthase subunit HisF OS=Methanothrix thermoacetophila (strain DSM 6194 / JCM 14653 / NBRC 101360 / PT) (Methanosaeta thermophila) OX=349307 GN=hisF PE=3 SV=1	VPCLDVKVVDGVPSVVKGVKFV	(26-47)	V	40.91	0.8152
tr|A0B9B5|A0B9B5_METTP Histidine kinase domain-containing protein OS=Methanothrix thermoacetophila (strain DSM 6194 / JCM 14653 / NBRC 101360 / PT) (Methanosaeta thermophila) OX=349307 GN=Mthe_1517 PE=4 SV=1	VSVVVTGDMPVVHVDRMRAV	(475-494)	V	40.0	0.6119
tr|A0B9M3|A0B9M3_METTP Uncharacterized protein OS=Methanothrix thermoacetophila (strain DSM 6194 / JCM 14653 / NBRC 101360 / PT) (Methanosaeta thermophila) OX=349307 GN=Mthe_1630 PE=4 SV=1	VLVLLLVGVVSMVVV	(348-362)	V	53.33	0.6667
tr|A0B9P6|A0B9P6_METTP Uncharacterized protein OS=Methanothrix thermoacetophila (strain DSM 6194 / JCM 14653 / NBRC 101360 / PT) (Methanosaeta thermophila) OX=349307 GN=Mthe_1653 PE=4 SV=1	VVGEGSVTVPADVVYVSV	(30-47)	V	44.44	0.7131
tr|A0B7I5|A0B7I5_METTP Uncharacterized protein OS=Methanothrix thermoacetophila (strain DSM 6194 / JCM 14653 / NBRC 101360 / PT) (Methanosaeta thermophila) OX=349307 GN=Mthe_0871 PE=4 SV=1	YPVDRLPYYSPYYGYTPVYYPVYGAYRY	(51-78)	Y	39.29	0.776
