Protein ID	Domain Sequence	Domain Boundaries	LCD Class	Final Domain Composition	Final Domain Linear Dispersion
tr|A0A2R6T4Q7|A0A2R6T4Q7_9ARCH Chaperone protein DnaK OS=archaeon SCG-AAA382B04 OX=2137776 GN=dnaK PE=3 SV=1	AYDQAQAQPGPGAGASAGAAGAGAQQQA	(577-604)	A	39.29	0.8424
tr|A0A2R6T503|A0A2R6T503_9ARCH TRASH domain-containing protein OS=archaeon SCG-AAA382B04 OX=2137776 GN=C9439_07220 PE=3 SV=1	AIATAKNLFKKGASAAASLAA	(102-122)	A	42.86	0.5875
tr|A0A2R6T5G6|A0A2R6T5G6_9ARCH Cadmium-transporting ATPase OS=archaeon SCG-AAA382B04 OX=2137776 GN=C9439_06595 PE=3 SV=1	APALAAADIGIAMGAAGTDTA	(618-638)	A	42.86	0.7007
tr|A0A2R6T6M1|A0A2R6T6M1_9ARCH HEPN domain-containing protein OS=archaeon SCG-AAA382B04 OX=2137776 GN=C9439_04415 PE=4 SV=1	AYDAIEQAASAGIAASNQKA	(43-62)	A	40.0	0.7743
tr|A0A2R6T718|A0A2R6T718_9ARCH CN hydrolase domain-containing protein OS=archaeon SCG-AAA382B04 OX=2137776 GN=C9439_02925 PE=4 SV=1	AARAAAWFNNSYVAVANMA	(209-227)	A	42.11	0.5329
tr|A0A2R6T742|A0A2R6T742_9ARCH Arsenical-resistance protein OS=archaeon SCG-AAA382B04 OX=2137776 GN=arsB PE=3 SV=1	AAPAAEIGASNFFELAVAVA	(297-316)	A	40.0	0.6657
tr|A0A2R6T7B7|A0A2R6T7B7_9ARCH O-acetylhomoserine aminocarboxypropyltransferase OS=archaeon SCG-AAA382B04 OX=2137776 GN=C9439_03455 PE=3 SV=1	AAAATASGQAATTLALATIA	(80-99)	A	50.0	0.6611
tr|A0A2R6T7T2|A0A2R6T7T2_9ARCH Uncharacterized protein OS=archaeon SCG-AAA382B04 OX=2137776 GN=C9439_02110 PE=4 SV=1	AAQALYAGDTDAALAA	(827-842)	A	50.0	0.6429
tr|A0A2R6T4F7|A0A2R6T4F7_9ARCH Molecular chaperone DnaJ OS=archaeon SCG-AAA382B04 OX=2137776 GN=dnaJ PE=3 SV=1	EREKELLEELREIEGE	(340-355)	E	50.0	0.844
tr|A0A2R6T4F8|A0A2R6T4F8_9ARCH Nucleotide exchange factor GrpE OS=archaeon SCG-AAA382B04 OX=2137776 GN=grpE PE=3 SV=1	EEEENEQELDPEELEKERLIEIYE	(3-26)	E	50.0	0.7254
tr|A0A2R6T4F8|A0A2R6T4F8_9ARCH Nucleotide exchange factor GrpE OS=archaeon SCG-AAA382B04 OX=2137776 GN=grpE PE=3 SV=1	EIEDLKSCLEEKERENEELKE	(38-58)	E	42.86	0.6869
tr|A0A2R6T4F9|A0A2R6T4F9_9ARCH Phage_integrase domain-containing protein OS=archaeon SCG-AAA382B04 OX=2137776 GN=C9439_08020 PE=4 SV=1	EAKKEEIKKITEKRIEEEREKWKDKFVNEKIEREE	(351-385)	E	34.29	0.7373
tr|A0A2R6T4H5|A0A2R6T4H5_9ARCH Endonuclease NucS OS=archaeon SCG-AAA382B04 OX=2137776 GN=nucS PE=3 SV=1	EEELELNRSEEEMGDLLVE	(124-142)	E	42.11	0.5201
tr|A0A2R6T4H7|A0A2R6T4H7_9ARCH AMP phosphorylase OS=archaeon SCG-AAA382B04 OX=2137776 GN=C9439_08170 PE=3 SV=1	EGDEVEEGEKILELFSEE	(458-475)	E	44.44	0.7551
tr|A0A2R6T4I6|A0A2R6T4I6_9ARCH Glycine--tRNA ligase OS=archaeon SCG-AAA382B04 OX=2137776 GN=glyS PE=3 SV=1	EEELKLEAEKIYEELNKEYE	(486-505)	E	45.0	0.7139
tr|A0A2R6T4M2|A0A2R6T4M2_9ARCH Nucleoside diphosphate kinase OS=archaeon SCG-AAA382B04 OX=2137776 GN=ndk PE=3 SV=1	EETAERELELYFEEEE	(119-134)	E	56.25	0.6674
tr|A0A2R6T4P8|A0A2R6T4P8_9ARCH DNA-directed RNA polymerase subunit A'' OS=archaeon SCG-AAA382B04 OX=2137776 GN=rpoA2 PE=3 SV=1	EEALEETEQRFEQKQVEYGE	(37-56)	E	40.0	0.7743
tr|A0A2R6T4Q7|A0A2R6T4Q7_9ARCH Chaperone protein DnaK OS=archaeon SCG-AAA382B04 OX=2137776 GN=dnaK PE=3 SV=1	EEEIEQMKEEAKKHEEE	(482-498)	E	52.94	0.5549
tr|A0A2R6T4U6|A0A2R6T4U6_9ARCH DNA-directed RNA polymerase OS=archaeon SCG-AAA382B04 OX=2137776 GN=C9439_07660 PE=3 SV=1	EHGVIETDIEEEESIESFE	(39-57)	E	42.11	0.6611
tr|A0A2R6T4U6|A0A2R6T4U6_9ARCH DNA-directed RNA polymerase OS=archaeon SCG-AAA382B04 OX=2137776 GN=C9439_07660 PE=3 SV=1	EIMKFMLENLEEAEIEDQEE	(247-266)	E	40.0	0.68
tr|A0A2R6T4V2|A0A2R6T4V2_9ARCH DNA-directed RNA polymerase subunit OS=archaeon SCG-AAA382B04 OX=2137776 GN=C9439_07650 PE=3 SV=1	ECDEEECEDEAYVKIEDGE	(1063-1081)	E	42.11	0.6937
tr|A0A2R6T4V8|A0A2R6T4V8_9ARCH Nascent polypeptide-associated complex protein OS=archaeon SCG-AAA382B04 OX=2137776 GN=nac PE=3 SV=1	EPEQEEKEVEPDEEDVE	(66-82)	E	52.94	0.8219
tr|A0A2R6T4W1|A0A2R6T4W1_9ARCH Aspartate carbamoyltransferase OS=archaeon SCG-AAA382B04 OX=2137776 GN=pyrB PE=3 SV=1	EEKNGFVEEKTSVEEVIEE	(200-218)	E	42.11	0.6008
tr|A0A2R6T4X6|A0A2R6T4X6_9ARCH AsnC_trans_reg2 domain-containing protein OS=archaeon SCG-AAA382B04 OX=2137776 GN=C9439_07820 PE=4 SV=1	EECEEIAQEISNEVGIDEYE	(121-140)	E	40.0	0.7574
tr|A0A2R6T4Y2|A0A2R6T4Y2_9ARCH Uncharacterized protein OS=archaeon SCG-AAA382B04 OX=2137776 GN=C9439_07320 PE=4 SV=1	EIDEDLPLVEEENEEVKFLE	(116-135)	E	40.0	0.6518
tr|A0A2R6T4Z3|A0A2R6T4Z3_9ARCH DNA helicase OS=archaeon SCG-AAA382B04 OX=2137776 GN=C9439_07205 PE=3 SV=1	EIKEQEFREIEITEQEKEKIIELSQDEE	(248-275)	E	39.29	0.8864
tr|A0A2R6T512|A0A2R6T512_9ARCH DDE_Tnp_IS240 domain-containing protein OS=archaeon SCG-AAA382B04 OX=2137776 GN=C9439_07150 PE=4 SV=1	ELEWLNIEEGSEAEGETEELKE	(264-285)	E	45.45	0.7912
tr|A0A2R6T527|A0A2R6T527_9ARCH Uncharacterized protein OS=archaeon SCG-AAA382B04 OX=2137776 GN=C9439_07315 PE=4 SV=1	EKLPDLRESLKELEEETEEDEEYPECSDCE	(31-60)	E	40.0	0.7478
tr|A0A2R6T534|A0A2R6T534_9ARCH TIGR00341 family protein OS=archaeon SCG-AAA382B04 OX=2137776 GN=C9439_07385 PE=4 SV=1	EAVISEKAEEIKEEVDEEESDRISREE	(74-100)	E	40.74	0.6975
tr|A0A2R6T537|A0A2R6T537_9ARCH ORC1-type DNA replication protein OS=archaeon SCG-AAA382B04 OX=2137776 GN=C9439_07850 PE=3 SV=1	EEPLQFEYVPDELPEREEE	(18-36)	E	42.11	0.6611
tr|A0A2R6T544|A0A2R6T544_9ARCH Uncharacterized protein OS=archaeon SCG-AAA382B04 OX=2137776 GN=C9439_07235 PE=4 SV=1	EEPDFDEKREAIEQIEEIEEE	(97-117)	E	47.62	0.6803
tr|A0A2R6T587|A0A2R6T587_9ARCH Valine--tRNA ligase OS=archaeon SCG-AAA382B04 OX=2137776 GN=valS PE=3 SV=1	EEEEIIEKGEVIKKIVEE	(709-726)	E	44.44	0.4996
tr|A0A2R6T591|A0A2R6T591_9ARCH C2H2-type domain-containing protein OS=archaeon SCG-AAA382B04 OX=2137776 GN=C9439_06180 PE=4 SV=1	EEIMEEKGMSEDEIKEELERRQE	(570-592)	E	43.48	0.7714
tr|A0A2R6T596|A0A2R6T596_9ARCH T2SSF domain-containing protein OS=archaeon SCG-AAA382B04 OX=2137776 GN=C9439_06190 PE=4 SV=1	EKMFENKEEEEERIKKQFE	(3-21)	E	42.11	0.4951
tr|A0A2R6T597|A0A2R6T597_9ARCH DDE_Tnp_1 domain-containing protein OS=archaeon SCG-AAA382B04 OX=2137776 GN=C9439_06210 PE=4 SV=1	EEKEQIEEKLLEKLEKE	(159-175)	E	47.06	0.7378
tr|A0A2R6T5A0|A0A2R6T5A0_9ARCH Histidine--tRNA ligase OS=archaeon SCG-AAA382B04 OX=2137776 GN=hisS PE=3 SV=1	ESLELFELKSGEEIIEEIYE	(29-48)	E	40.0	0.7919
tr|A0A2R6T5B8|A0A2R6T5B8_9ARCH AAA family ATPase OS=archaeon SCG-AAA382B04 OX=2137776 GN=C9439_06150 PE=3 SV=1	EERGELEKYEKIAENFETEREE	(710-731)	E	45.45	0.8258
tr|A0A2R6T5C0|A0A2R6T5C0_9ARCH Uncharacterized protein OS=archaeon SCG-AAA382B04 OX=2137776 GN=C9439_06345 PE=4 SV=1	EREAEEIIEKAKEKAGEEVEEEIKKEKERAKKKADE	(35-70)	E	38.89	0.7849
tr|A0A2R6T5C0|A0A2R6T5C0_9ARCH Uncharacterized protein OS=archaeon SCG-AAA382B04 OX=2137776 GN=C9439_06345 PE=4 SV=1	EAREIKEEGEEKLEKAIDE	(78-96)	E	42.11	0.7658
tr|A0A2R6T5C2|A0A2R6T5C2_9ARCH Uncharacterized protein OS=archaeon SCG-AAA382B04 OX=2137776 GN=C9439_06100 PE=4 SV=1	EVEYGLSEAVEKFENVTEEE	(12-31)	E	40.0	0.7574
tr|A0A2R6T5E1|A0A2R6T5E1_9ARCH MPN domain-containing protein OS=archaeon SCG-AAA382B04 OX=2137776 GN=C9439_06410 PE=4 SV=1	EERELEVRDIENKEEDNLWE	(117-136)	E	40.0	0.741
tr|A0A2R6T5E8|A0A2R6T5E8_9ARCH Translation initiation factor 5A OS=archaeon SCG-AAA382B04 OX=2137776 GN=eif5a PE=3 SV=1	ETFEVAVDDERMSELEEGEE	(96-115)	E	40.0	0.7251
tr|A0A2R6T5G1|A0A2R6T5G1_9ARCH Uncharacterized protein OS=archaeon SCG-AAA382B04 OX=2137776 GN=C9439_06575 PE=4 SV=1	ELEVEELIDAKWERLQEEKEE	(37-57)	E	42.86	0.6475
tr|A0A2R6T5H3|A0A2R6T5H3_9ARCH Peptidyl-prolyl cis-trans isomerase OS=archaeon SCG-AAA382B04 OX=2137776 GN=C9439_07015 PE=3 SV=1	EELEYEYEVLEKIEE	(131-145)	E	53.33	0.7926
tr|A0A2R6T5H3|A0A2R6T5H3_9ARCH Peptidyl-prolyl cis-trans isomerase OS=archaeon SCG-AAA382B04 OX=2137776 GN=C9439_07015 PE=3 SV=1	EEYESPEQLEEDLEQEESEEEIEEVEEEVEEEEEQEKE	(213-250)	E	63.16	0.8915
tr|A0A2R6T5H7|A0A2R6T5H7_9ARCH Uncharacterized protein OS=archaeon SCG-AAA382B04 OX=2137776 GN=C9439_06650 PE=4 SV=1	EMAGATEEETEEESKEKEKSELERKKEELLE	(298-328)	E	45.16	0.7625
tr|A0A2R6T5H7|A0A2R6T5H7_9ARCH Uncharacterized protein OS=archaeon SCG-AAA382B04 OX=2137776 GN=C9439_06650 PE=4 SV=1	EKRLENDEISEEEYEILDERYRE	(334-356)	E	39.13	0.8191
tr|A0A2R6T5I5|A0A2R6T5I5_9ARCH NGG1p interacting factor NIF3 OS=archaeon SCG-AAA382B04 OX=2137776 GN=C9439_05900 PE=4 SV=1	EKRKEEFEDLEGVRKEEFDENKLE	(31-54)	E	37.5	0.8228
tr|A0A2R6T5J2|A0A2R6T5J2_9ARCH Glutamyl-tRNA(Gln) amidotransferase subunit E OS=archaeon SCG-AAA382B04 OX=2137776 GN=gatE PE=3 SV=1	EIKTEEGEVGIEGISLEEE	(141-159)	E	42.11	0.6771
tr|A0A2R6T5J9|A0A2R6T5J9_9ARCH Cell division protein FtsZ OS=archaeon SCG-AAA382B04 OX=2137776 GN=ftsZ PE=3 SV=1	EHSNEEKKLRENKDELEEFEE	(10-30)	E	42.86	0.7295
tr|A0A2R6T5K3|A0A2R6T5K3_9ARCH V-type proton ATPase subunit E OS=archaeon SCG-AAA382B04 OX=2137776 GN=atpE PE=3 SV=1	EEAKEEAERIKKEAQKKAEEKEQE	(27-50)	E	41.67	0.7332
tr|A0A2R6T5K3|A0A2R6T5K3_9ARCH V-type proton ATPase subunit E OS=archaeon SCG-AAA382B04 OX=2137776 GN=atpE PE=3 SV=1	EKKQIKQEIEQEIELVIEEEE	(140-160)	E	42.86	0.6107
tr|A0A2R6T5L1|A0A2R6T5L1_9ARCH CcmF_C domain-containing protein OS=archaeon SCG-AAA382B04 OX=2137776 GN=C9439_06640 PE=4 SV=1	EKIEEELEKIREEKE	(293-307)	E	53.33	0.6667
tr|A0A2R6T5N6|A0A2R6T5N6_9ARCH Carbamoyl-phosphate synthase large chain OS=archaeon SCG-AAA382B04 OX=2137776 GN=carB PE=3 SV=1	EIVHEEDELEEYMEE	(727-741)	E	53.33	0.6949
tr|A0A2R6T5R6|A0A2R6T5R6_9ARCH CRISPR-associated endonuclease Cas1 OS=archaeon SCG-AAA382B04 OX=2137776 GN=cas1 PE=3 SV=1	EENEKELEEAEEITEVMNIE	(133-152)	E	50.0	0.7262
tr|A0A2R6T5R8|A0A2R6T5R8_9ARCH Uncharacterized protein OS=archaeon SCG-AAA382B04 OX=2137776 GN=C9439_05840 PE=4 SV=1	EKVERQEKEIEELRDEVKELRE	(48-69)	E	40.91	0.8848
tr|A0A2R6T5T3|A0A2R6T5T3_9ARCH DZANK-type domain-containing protein OS=archaeon SCG-AAA382B04 OX=2137776 GN=C9439_05490 PE=4 SV=1	ELGIKEQEEDEQEEEQEKKQTKQNKE	(123-148)	E	38.46	0.6358
tr|A0A2R6T5V4|A0A2R6T5V4_9ARCH Chromosome partition protein Smc OS=archaeon SCG-AAA382B04 OX=2137776 GN=smc PE=3 SV=1	ESFEIKERVSELKKELEELEDEKNESLRE	(383-411)	E	37.93	0.907
tr|A0A2R6T5V4|A0A2R6T5V4_9ARCH Chromosome partition protein Smc OS=archaeon SCG-AAA382B04 OX=2137776 GN=smc PE=3 SV=1	EFEEVEERKNYLTERVEILEDEREGIIERIESYEEKKRE	(990-1028)	E	38.46	0.8557
tr|A0A2R6T5Y6|A0A2R6T5Y6_9ARCH Uncharacterized protein OS=archaeon SCG-AAA382B04 OX=2137776 GN=C9439_05435 PE=4 SV=1	EIEHYKAEKELEEKEERLELAMDAGE	(123-148)	E	38.46	0.7551
tr|A0A2R6T5Y6|A0A2R6T5Y6_9ARCH Uncharacterized protein OS=archaeon SCG-AAA382B04 OX=2137776 GN=C9439_05435 PE=4 SV=1	ERKEAEEELEEREE	(405-418)	E	64.29	0.866
tr|A0A2R6T5Y6|A0A2R6T5Y6_9ARCH Uncharacterized protein OS=archaeon SCG-AAA382B04 OX=2137776 GN=C9439_05435 PE=4 SV=1	ESEDIIEEIRTLREVEREEELEEIELKPVVREVLDE	(867-902)	E	38.89	0.7849
tr|A0A2R6T5Z6|A0A2R6T5Z6_9ARCH ATP-dependent DNA helicase Hel308 OS=archaeon SCG-AAA382B04 OX=2137776 GN=hel308 PE=3 SV=1	ELKEVSEEILDAGETTEEIE	(294-313)	E	40.0	0.741
tr|A0A2R6T607|A0A2R6T607_9ARCH RNA 2',3'-cyclic phosphodiesterase OS=archaeon SCG-AAA382B04 OX=2137776 GN=thpR PE=3 SV=1	EIEEEMTKFGFEEAEHE	(108-124)	E	47.06	0.5057
tr|A0A2R6T614|A0A2R6T614_9ARCH CCA-adding enzyme OS=archaeon SCG-AAA382B04 OX=2137776 GN=cca PE=3 SV=1	EEVLEEIIPSEQEKRELE	(2-19)	E	44.44	0.7336
tr|A0A2R6T624|A0A2R6T624_9ARCH Uncharacterized protein OS=archaeon SCG-AAA382B04 OX=2137776 GN=C9439_05325 PE=4 SV=1	EIPEVSKLAWEEAVEEAEEKEKNRKKNKKE	(43-72)	E	33.33	0.6852
tr|A0A2R6T633|A0A2R6T633_9ARCH Uncharacterized protein OS=archaeon SCG-AAA382B04 OX=2137776 GN=C9439_05205 PE=4 SV=1	ELEELKNKIEFEEIRFEELIE	(231-251)	E	42.86	0.7007
tr|A0A2R6T634|A0A2R6T634_9ARCH Isochorismatase domain-containing protein OS=archaeon SCG-AAA382B04 OX=2137776 GN=C9439_05365 PE=4 SV=1	EGAEVIEELEPQGPEEIVE	(71-89)	E	42.11	0.7658
tr|A0A2R6T654|A0A2R6T654_9ARCH Threonine--tRNA ligase OS=archaeon SCG-AAA382B04 OX=2137776 GN=C9439_05585 PE=3 SV=1	ELSREIDVSEKEEEEEEEREIE	(133-154)	E	54.55	0.5458
tr|A0A2R6T666|A0A2R6T666_9ARCH TM1586_NiRdase domain-containing protein OS=archaeon SCG-AAA382B04 OX=2137776 GN=C9439_05160 PE=4 SV=1	ETEEETSEEVVKEVLSIPGE	(115-134)	E	40.0	0.6249
tr|A0A2R6T674|A0A2R6T674_9ARCH Methionyl-tRNA synthetase OS=archaeon SCG-AAA382B04 OX=2137776 GN=metG PE=3 SV=1	EKLDKEEIEKEKSKLGKEEEEE	(290-311)	E	45.45	0.5266
tr|A0A2R6T679|A0A2R6T679_9ARCH DNA topoisomerase 1 OS=archaeon SCG-AAA382B04 OX=2137776 GN=topA PE=3 SV=1	EKEIPELEEKEELEIMKKNKEE	(442-463)	E	45.45	0.6652
tr|A0A2R6T696|A0A2R6T696_9ARCH Pterin-binding domain-containing protein OS=archaeon SCG-AAA382B04 OX=2137776 GN=C9439_04990 PE=4 SV=1	EAEEEKGYEEDEGYFEIGIDREE	(264-286)	E	43.48	0.6845
tr|A0A2R6T6C3|A0A2R6T6C3_9ARCH Phosphoenolpyruvate synthase OS=archaeon SCG-AAA382B04 OX=2137776 GN=C9439_04810 PE=3 SV=1	EDEEEKETEKGEVIVE	(323-338)	E	50.0	0.7173
tr|A0A2R6T6C3|A0A2R6T6C3_9ARCH Phosphoenolpyruvate synthase OS=archaeon SCG-AAA382B04 OX=2137776 GN=C9439_04810 PE=3 SV=1	EKEEKEEEKEVKEKVVETKSTE	(442-463)	E	45.45	0.7305
tr|A0A2R6T6D9|A0A2R6T6D9_9ARCH DNA-directed RNA polymerase subunit F OS=archaeon SCG-AAA382B04 OX=2137776 GN=C9439_04855 PE=4 SV=1	EAGEILKEETEKRREEE	(16-32)	E	47.06	0.648
tr|A0A2R6T6G7|A0A2R6T6G7_9ARCH Diphthine synthase OS=archaeon SCG-AAA382B04 OX=2137776 GN=dphB PE=3 SV=1	EDFEELFERELRVLSREEVE	(45-64)	E	40.0	0.68
tr|A0A2R6T6G8|A0A2R6T6G8_9ARCH DNA-directed RNA polymerase subunit L OS=archaeon SCG-AAA382B04 OX=2137776 GN=rpoL PE=3 SV=1	EYEILEESKNEIKLELLDEE	(2-21)	E	40.0	0.7919
tr|A0A2R6T6I2|A0A2R6T6I2_9ARCH CARDB domain-containing protein OS=archaeon SCG-AAA382B04 OX=2137776 GN=C9439_04435 PE=4 SV=1	EKETEDEDKEEKPLEFVVEE	(831-850)	E	45.0	0.7848
tr|A0A2R6T6L2|A0A2R6T6L2_9ARCH Uncharacterized protein OS=archaeon SCG-AAA382B04 OX=2137776 GN=C9439_04360 PE=4 SV=1	EEFREEVTEFKNGFNEEIE	(11-29)	E	42.11	0.6153
tr|A0A2R6T6M4|A0A2R6T6M4_9ARCH Transcription initiation factor IIB OS=archaeon SCG-AAA382B04 OX=2137776 GN=tfb PE=3 SV=1	EEENEEKRTSIGEYEE	(4-19)	E	50.0	0.4503
tr|A0A2R6T6M5|A0A2R6T6M5_9ARCH Replication protein A OS=archaeon SCG-AAA382B04 OX=2137776 GN=C9439_04205 PE=4 SV=1	EPQKIEEVSIDEEEAEEITSRLLKE	(442-466)	E	36.0	0.6354
tr|A0A2R6T6N7|A0A2R6T6N7_9ARCH Uncharacterized protein OS=archaeon SCG-AAA382B04 OX=2137776 GN=C9439_03575 PE=4 SV=1	EEIKKAVEEEIEEAKVNE	(199-216)	E	44.44	0.5426
tr|A0A2R6T6N9|A0A2R6T6N9_9ARCH DUF655 domain-containing protein OS=archaeon SCG-AAA382B04 OX=2137776 GN=C9439_04850 PE=4 SV=1	EREEKEFESFEELAE	(141-155)	E	53.33	0.7926
tr|A0A2R6T6P0|A0A2R6T6P0_9ARCH Oxidored_q6 domain-containing protein OS=archaeon SCG-AAA382B04 OX=2137776 GN=C9439_04605 PE=4 SV=1	EKLRKGEELKKEPEVIDEEEAKEEVLE	(137-163)	E	40.74	0.7581
tr|A0A2R6T6P4|A0A2R6T6P4_9ARCH Peptidase_M48 domain-containing protein OS=archaeon SCG-AAA382B04 OX=2137776 GN=C9439_03615 PE=3 SV=1	EEAGEDEYPRYHELVEELAE	(66-85)	E	40.0	0.741
tr|A0A2R6T6P7|A0A2R6T6P7_9ARCH Uncharacterized protein OS=archaeon SCG-AAA382B04 OX=2137776 GN=C9439_03595 PE=4 SV=1	EDEEIKEDEEVDEAEGNYRE	(5-24)	E	45.0	0.7659
tr|A0A2R6T6P9|A0A2R6T6P9_9ARCH ENDO3c domain-containing protein OS=archaeon SCG-AAA382B04 OX=2137776 GN=C9439_04285 PE=4 SV=1	EVVELEELENMNHLELKEE	(185-203)	E	42.11	0.7108
tr|A0A2R6T6Q2|A0A2R6T6Q2_9ARCH Amphi-Trp domain-containing protein OS=archaeon SCG-AAA382B04 OX=2137776 GN=C9439_03610 PE=4 SV=1	EVEIELEHGELEIKLELEFDE	(65-85)	E	42.86	0.9141
tr|A0A2R6T6R9|A0A2R6T6R9_9ARCH SF3 helicase domain-containing protein OS=archaeon SCG-AAA382B04 OX=2137776 GN=C9439_03705 PE=4 SV=1	ENEEQETKQKEEIEDTWE	(34-51)	E	44.44	0.7131
tr|A0A2R6T6S6|A0A2R6T6S6_9ARCH Phosphoglucosamine mutase OS=archaeon SCG-AAA382B04 OX=2137776 GN=glmM PE=3 SV=1	EEAKELARKGLEIVEETKEE	(435-454)	E	40.0	0.6518
tr|A0A2R6T6T2|A0A2R6T6T2_9ARCH UPF0145 protein C9439_04440 OS=archaeon SCG-AAA382B04 OX=2137776 GN=C9439_04440 PE=3 SV=1	ELMAEAREEAIERMEEEARE	(52-71)	E	45.0	0.7478
tr|A0A2R6T6T3|A0A2R6T6T3_9ARCH Phage_integrase domain-containing protein OS=archaeon SCG-AAA382B04 OX=2137776 GN=C9439_03695 PE=4 SV=1	ETAIEIEEGEEKAREKASNETIQE	(350-373)	E	37.5	0.8101
tr|A0A2R6T6T8|A0A2R6T6T8_9ARCH CopG family transcriptional regulator OS=archaeon SCG-AAA382B04 OX=2137776 GN=C9439_03800 PE=4 SV=1	EEYLNFALEEVFLERKELEEE	(32-52)	E	42.86	0.6107
tr|A0A2R6T6Y4|A0A2R6T6Y4_9ARCH DDE_Tnp_1 domain-containing protein OS=archaeon SCG-AAA382B04 OX=2137776 GN=C9439_03945 PE=4 SV=1	EKDLEKLKMVREECEKELEELRKKIENSQE	(331-360)	E	33.33	0.781
tr|A0A2R6T6Y6|A0A2R6T6Y6_9ARCH Uncharacterized protein OS=archaeon SCG-AAA382B04 OX=2137776 GN=C9439_03935 PE=4 SV=1	EADEEEANELIEKIEKALE	(76-94)	E	42.11	0.7857
tr|A0A2R6T6Z7|A0A2R6T6Z7_9ARCH SpoVT-AbrB domain-containing protein OS=archaeon SCG-AAA382B04 OX=2137776 GN=C9439_04125 PE=4 SV=1	EYLDEIEEKEEPGEIDWDEVIYSELE	(58-83)	E	38.46	0.8166
tr|A0A2R6T737|A0A2R6T737_9ARCH Uncharacterized protein OS=archaeon SCG-AAA382B04 OX=2137776 GN=C9439_04115 PE=4 SV=1	ESFEEKKVPLSKEEIKEFEEVITDFGEETTEEE	(52-84)	E	39.39	0.6937
tr|A0A2R6T743|A0A2R6T743_9ARCH Phage_integrase domain-containing protein OS=archaeon SCG-AAA382B04 OX=2137776 GN=C9439_02955 PE=4 SV=1	EAEEVEGSNEKEETKVKENKE	(408-428)	E	42.86	0.7764
tr|A0A2R6T749|A0A2R6T749_9ARCH SF3 helicase domain-containing protein OS=archaeon SCG-AAA382B04 OX=2137776 GN=C9439_03030 PE=4 SV=1	ERVEREDLIEELTADEELE	(327-345)	E	42.11	0.7468
tr|A0A2R6T761|A0A2R6T761_9ARCH DNA_pol_B_thumb domain-containing protein OS=archaeon SCG-AAA382B04 OX=2137776 GN=C9439_03060 PE=4 SV=1	ETDEKVAGETEEEIYEE	(69-85)	E	47.06	0.628
tr|A0A2R6T767|A0A2R6T767_9ARCH Uncharacterized protein OS=archaeon SCG-AAA382B04 OX=2137776 GN=C9439_03910 PE=4 SV=1	EELEKHHEECGKIINEEEFRE	(22-42)	E	42.86	0.6107
tr|A0A2R6T781|A0A2R6T781_9ARCH GTPase OS=archaeon SCG-AAA382B04 OX=2137776 GN=C9439_03300 PE=4 SV=1	ETLEDLEKAEVTVEEREEYE	(180-199)	E	45.0	0.8046
tr|A0A2R6T795|A0A2R6T795_9ARCH Uncharacterized protein OS=archaeon SCG-AAA382B04 OX=2137776 GN=C9439_03225 PE=4 SV=1	EKEVKVGEYREGFVEEVEEE	(100-119)	E	45.0	0.6978
tr|A0A2R6T7A3|A0A2R6T7A3_9ARCH 50S ribosomal protein L3 OS=archaeon SCG-AAA382B04 OX=2137776 GN=rpl3p PE=3 SV=1	EEDLEELEEMVEEKEIEE	(103-120)	E	61.11	0.877
tr|A0A2R6T7A7|A0A2R6T7A7_9ARCH NAD_synthase domain-containing protein OS=archaeon SCG-AAA382B04 OX=2137776 GN=larE PE=4 SV=1	EEITEEKLMMIEEAEE	(182-197)	E	50.0	0.5389
tr|A0A2R6T7B3|A0A2R6T7B3_9ARCH Pyr_redox_2 domain-containing protein OS=archaeon SCG-AAA382B04 OX=2137776 GN=C9439_03485 PE=4 SV=1	ELEKQDIEIETEEIKEVVGEEE	(186-207)	E	45.45	0.7305
tr|A0A2R6T7E3|A0A2R6T7E3_9ARCH HTH cro/C1-type domain-containing protein OS=archaeon SCG-AAA382B04 OX=2137776 GN=C9439_03490 PE=4 SV=1	EREKEEQECEKCKYEPICE	(104-122)	E	42.11	0.7857
tr|A0A2R6T7G1|A0A2R6T7G1_9ARCH 30S ribosomal protein S13 OS=archaeon SCG-AAA382B04 OX=2137776 GN=rps13 PE=3 SV=1	EDEVEEIEEAIDQLEQE	(61-77)	E	47.06	0.628
tr|A0A2R6T7G1|A0A2R6T7G1_9ARCH 30S ribosomal protein S13 OS=archaeon SCG-AAA382B04 OX=2137776 GN=rps13 PE=3 SV=1	ELKAEAEAEEEEEEAEE	(151-167)	E	64.71	0.6379
tr|A0A2R6T7H9|A0A2R6T7H9_9ARCH T2SP_E domain-containing protein OS=archaeon SCG-AAA382B04 OX=2137776 GN=C9439_02540 PE=4 SV=1	EDPEIEYPDFEEIEEE	(22-37)	E	50.0	0.6204
tr|A0A2R6T7I1|A0A2R6T7I1_9ARCH 30S ribosomal protein S3 OS=archaeon SCG-AAA382B04 OX=2137776 GN=rps3 PE=3 SV=1	EDTKLPDQVEIQEPEEIEEEEIEITQDKEKTEEEEETEEEEGETEE	(185-230)	E	50.0	0.6712
tr|A0A2R6T7K7|A0A2R6T7K7_9ARCH Uncharacterized protein OS=archaeon SCG-AAA382B04 OX=2137776 GN=C9439_02390 PE=4 SV=1	EEKVLNRYHEVVEEKSEEEMAEAEEEVEESSEIEEEEEEEPLATE	(73-117)	E	51.11	0.6724
tr|A0A2R6T7K8|A0A2R6T7K8_9ARCH S1 motif domain-containing protein OS=archaeon SCG-AAA382B04 OX=2137776 GN=C9439_02695 PE=4 SV=1	EEVPKEEETKETKEKEESDKVTCQE	(191-215)	E	40.0	0.6592
tr|A0A2R6T7L4|A0A2R6T7L4_9ARCH Acyltransferase OS=archaeon SCG-AAA382B04 OX=2137776 GN=C9439_02620 PE=4 SV=1	ETEEIEQILEDLTEEE	(139-154)	E	50.0	0.6429
tr|A0A2R6T7L4|A0A2R6T7L4_9ARCH Acyltransferase OS=archaeon SCG-AAA382B04 OX=2137776 GN=C9439_02620 PE=4 SV=1	EAGEVSIFPKEEVELDEELEEGEIKQKIE	(261-289)	E	37.93	0.7523
tr|A0A2R6T7M4|A0A2R6T7M4_9ARCH Prefoldin subunit beta OS=archaeon SCG-AAA382B04 OX=2137776 GN=pfdB PE=3 SV=1	EGPSEVVDELEEEKEDLELRVKTLEKQEE	(69-97)	E	37.93	0.7757
tr|A0A2R6T7P7|A0A2R6T7P7_9ARCH Uncharacterized protein OS=archaeon SCG-AAA382B04 OX=2137776 GN=C9439_02220 PE=4 SV=1	ESLREMDLQAREKREEEAEETRAIEEPGQDIFRE	(205-238)	E	32.35	0.7343
tr|A0A2R6T7Q0|A0A2R6T7Q0_9ARCH Uncharacterized protein OS=archaeon SCG-AAA382B04 OX=2137776 GN=C9439_03370 PE=4 SV=1	EKYIENKEKAEKLEKEIEEIDNE	(9-31)	E	39.13	0.8805
tr|A0A2R6T7R1|A0A2R6T7R1_9ARCH Carbamoyl-phosphate synthase small chain OS=archaeon SCG-AAA382B04 OX=2137776 GN=carA PE=3 SV=1	EEEKDEEELVKEAREQE	(134-150)	E	52.94	0.648
tr|A0A2R6T7R6|A0A2R6T7R6_9ARCH Carbamoyl-phosphate synthase large chain OS=archaeon SCG-AAA382B04 OX=2137776 GN=carB PE=3 SV=1	EVEEEIREHDSIEEMPKE	(469-486)	E	44.44	0.6562
tr|A0A2R6T7S4|A0A2R6T7S4_9ARCH Uncharacterized protein OS=archaeon SCG-AAA382B04 OX=2137776 GN=C9439_02185 PE=4 SV=1	EEIEKKLGIKDELEELREEDKYIHSITEKEIEE	(245-277)	E	36.36	0.6761
tr|A0A2R6T7T5|A0A2R6T7T5_9ARCH Ribose 1,5-bisphosphate isomerase OS=archaeon SCG-AAA382B04 OX=2137776 GN=C9439_01645 PE=3 SV=1	ELIEIEERDEEEVWENKPDDVE	(239-260)	E	40.91	0.6787
tr|A0A2R6T7V0|A0A2R6T7V0_9ARCH 50S ribosomal protein L1 OS=archaeon SCG-AAA382B04 OX=2137776 GN=rpl1 PE=3 SV=1	EDTADEVMSEEELEELEEDKSEARKMAKE	(74-102)	E	37.93	0.7373
tr|A0A2R6T7V5|A0A2R6T7V5_9ARCH Cell division protein FtsZ OS=archaeon SCG-AAA382B04 OX=2137776 GN=ftsZ PE=3 SV=1	ESPQILGSTEEAEREEMEE	(352-370)	E	42.11	0.471
tr|A0A2R6T7W4|A0A2R6T7W4_9ARCH Transcription factor E OS=archaeon SCG-AAA382B04 OX=2137776 GN=tfe PE=3 SV=1	ERKKVYLEELEERLEYEE	(113-130)	E	44.44	0.5729
tr|A0A2R6T7W6|A0A2R6T7W6_9ARCH DUF2070 domain-containing protein OS=archaeon SCG-AAA382B04 OX=2137776 GN=C9439_01775 PE=4 SV=1	ELYEKAERDLEEVEVGVETEMVEDLE	(520-545)	E	38.46	0.9025
tr|A0A2R6T7W7|A0A2R6T7W7_9ARCH Archaeal Lon protease OS=archaeon SCG-AAA382B04 OX=2137776 GN=C9439_01610 PE=3 SV=1	EEEIFGGLEFETTEEIE	(4-20)	E	47.06	0.5723
tr|A0A2R6T7Y7|A0A2R6T7Y7_9ARCH UPF0212 protein C9439_01790 OS=archaeon SCG-AAA382B04 OX=2137776 GN=C9439_01790 PE=3 SV=1	EAIEVEELEEEQEEEEEEEE	(106-125)	E	75.0	0.6891
tr|A0A2R6T7Z2|A0A2R6T7Z2_9ARCH Leucine--tRNA ligase OS=archaeon SCG-AAA382B04 OX=2137776 GN=leuS PE=3 SV=1	EEIEEIKGEELIGKEAE	(270-286)	E	47.06	0.628
tr|A0A2R6T807|A0A2R6T807_9ARCH Translation initiation factor 2 subunit gamma OS=archaeon SCG-AAA382B04 OX=2137776 GN=eif2g PE=3 SV=1	EEPEAYTVDEKCEGCGEESE	(59-78)	E	40.0	0.7251
tr|A0A2R6T807|A0A2R6T807_9ARCH Translation initiation factor 2 subunit gamma OS=archaeon SCG-AAA382B04 OX=2137776 GN=eif2g PE=3 SV=1	EVELLDRVVGIEEEVEVEE	(326-344)	E	42.11	0.4592
tr|A0A2R6T813|A0A2R6T813_9ARCH DNA helicase OS=archaeon SCG-AAA382B04 OX=2137776 GN=C9439_02160 PE=3 SV=1	EFEKFFENLEIEKETFEE	(433-450)	E	44.44	0.827
tr|A0A2R6T834|A0A2R6T834_9ARCH Adenylosuccinate lyase OS=archaeon SCG-AAA382B04 OX=2137776 GN=C9439_01930 PE=3 SV=1	ELEKMLEVEAALAEAEAEE	(24-42)	E	42.11	0.7857
tr|A0A2R6T844|A0A2R6T844_9ARCH PRC domain-containing protein OS=archaeon SCG-AAA382B04 OX=2137776 GN=C9439_01985 PE=4 SV=1	EETEEEEEKESKEEEETEEEEETEVEEE	(84-111)	E	75.0	0.8805
tr|A0A2R6T848|A0A2R6T848_9ARCH Uncharacterized protein OS=archaeon SCG-AAA382B04 OX=2137776 GN=C9439_01525 PE=4 SV=1	EEEEKKQEDDIKEEKEIE	(50-67)	E	50.0	0.5833
tr|A0A2R6T850|A0A2R6T850_9ARCH Phosphoserine phosphatase OS=archaeon SCG-AAA382B04 OX=2137776 GN=C9439_02025 PE=4 SV=1	ERLKRQKQELEEEIEELKE	(3-21)	E	42.11	0.5329
tr|A0A2R6T850|A0A2R6T850_9ARCH Phosphoserine phosphatase OS=archaeon SCG-AAA382B04 OX=2137776 GN=C9439_02025 PE=4 SV=1	EGRKPKEIKEEIEELEFE	(96-113)	E	44.44	0.6744
tr|A0A2R6T850|A0A2R6T850_9ARCH Phosphoserine phosphatase OS=archaeon SCG-AAA382B04 OX=2137776 GN=C9439_02025 PE=4 SV=1	EKKEVEEKKKQQEREEEEVKE	(243-263)	E	47.62	0.6142
tr|A0A2R6T870|A0A2R6T870_9ARCH Alanine--tRNA ligase OS=archaeon SCG-AAA382B04 OX=2137776 GN=alaS PE=3 SV=1	ESPEEKEEEKPPEE	(491-504)	E	57.14	0.6625
tr|A0A2R6T873|A0A2R6T873_9ARCH MobB domain-containing protein OS=archaeon SCG-AAA382B04 OX=2137776 GN=C9439_01455 PE=4 SV=1	EKFEEKSELEIEKIEEELRSKE	(186-207)	E	45.45	0.7448
tr|A0A2R6T874|A0A2R6T874_9ARCH Uncharacterized protein OS=archaeon SCG-AAA382B04 OX=2137776 GN=C9439_02225 PE=4 SV=1	ENPKEVVREFVRDEIEEELEEKNRFDEERIRE	(10-41)	E	37.5	0.7923
tr|A0A2R6T876|A0A2R6T876_9ARCH DNA helicase OS=archaeon SCG-AAA382B04 OX=2137776 GN=C9439_01330 PE=3 SV=1	EFTKEELLDEVMGLENEEGE	(275-294)	E	40.0	0.7574
tr|A0A2R6T880|A0A2R6T880_9ARCH AAA_23 domain-containing protein OS=archaeon SCG-AAA382B04 OX=2137776 GN=C9439_01345 PE=4 SV=1	EKSREKLEKLEENKKELEETKE	(229-250)	E	40.91	0.8315
tr|A0A2R6T886|A0A2R6T886_9ARCH 50S ribosomal protein L12 OS=archaeon SCG-AAA382B04 OX=2137776 GN=rpl12 PE=3 SV=1	ETEVSEEASEETEEEAGEEEEEEEEEEAEEAAAE	(67-100)	E	64.71	0.684
tr|A0A2R6T892|A0A2R6T892_9ARCH Probable GTP 3',8-cyclase OS=archaeon SCG-AAA382B04 OX=2137776 GN=moaA PE=3 SV=1	EGETNSEQEIEEEKVE	(34-49)	E	50.0	0.7173
tr|A0A2R6T8A4|A0A2R6T8A4_9ARCH Metallophos domain-containing protein OS=archaeon SCG-AAA382B04 OX=2137776 GN=C9439_01350 PE=4 SV=1	ELEHCEEEKKEERKEKEDEKTWDWKE	(407-432)	E	42.31	0.7378
tr|A0A2R6T8B6|A0A2R6T8B6_9ARCH LigD_N domain-containing protein OS=archaeon SCG-AAA382B04 OX=2137776 GN=C9439_00940 PE=4 SV=1	EVEIWDEGKYEIEKKEEEE	(72-90)	E	47.37	0.657
tr|A0A2R6T8C1|A0A2R6T8C1_9ARCH SBP_bac_5 domain-containing protein OS=archaeon SCG-AAA382B04 OX=2137776 GN=C9439_01025 PE=4 SV=1	ESFLEKEDEGEVEITEYAE	(418-436)	E	42.11	0.9027
tr|A0A2R6T8F9|A0A2R6T8F9_9ARCH Uncharacterized protein OS=archaeon SCG-AAA382B04 OX=2137776 GN=C9439_00860 PE=4 SV=1	EHDEDKDDGEEVDEEENKEEEVSEE	(116-140)	E	48.0	0.6546
tr|A0A2R6T8G2|A0A2R6T8G2_9ARCH Probable RNA 2'-phosphotransferase OS=archaeon SCG-AAA382B04 OX=2137776 GN=kptA PE=3 SV=1	EPPEELYYGSSEEEAGRVEE	(120-139)	E	40.0	0.5743
tr|A0A2R6T8K3|A0A2R6T8K3_9ARCH DNA topoisomerase (ATP-hydrolyzing) OS=archaeon SCG-AAA382B04 OX=2137776 GN=C9439_00565 PE=3 SV=1	EEGEKVVDLEAVEEENE	(1125-1141)	E	47.06	0.5723
tr|A0A2R6T8L5|A0A2R6T8L5_9ARCH UPF0145 protein C9439_00700 OS=archaeon SCG-AAA382B04 OX=2137776 GN=C9439_00700 PE=3 SV=1	ELMAEAREEAIERMEEEARE	(52-71)	E	45.0	0.7478
tr|A0A2R6T8R0|A0A2R6T8R0_9ARCH Transcription initiation factor IIB OS=archaeon SCG-AAA382B04 OX=2137776 GN=tfb PE=3 SV=1	EVENEEEVKEVKKREHVGEYEESDE	(4-28)	E	44.0	0.781
tr|A0A2R6T8R3|A0A2R6T8R3_9ARCH Uncharacterized protein OS=archaeon SCG-AAA382B04 OX=2137776 GN=C9439_00300 PE=4 SV=1	EELKERKEIEEKAKEIELSEKEKAFVEE	(45-72)	E	42.86	0.8282
tr|A0A2R6T8S9|A0A2R6T8S9_9ARCH Uncharacterized protein OS=archaeon SCG-AAA382B04 OX=2137776 GN=C9439_00175 PE=4 SV=1	EAKEKEISLEFEVAEEIGGE	(605-624)	E	40.0	0.8492
tr|A0A2R6T8T3|A0A2R6T8T3_9ARCH Usp domain-containing protein OS=archaeon SCG-AAA382B04 OX=2137776 GN=C9439_00920 PE=4 SV=1	EIAKELPAPTVEEEMEKEIE	(166-185)	E	40.0	0.6518
tr|A0A2R6T8U0|A0A2R6T8U0_9ARCH Cation:proton antiporter OS=archaeon SCG-AAA382B04 OX=2137776 GN=C9439_00245 PE=4 SV=1	EEKKGRETFRDEETEEALEEIEEE	(146-169)	E	50.0	0.6581
tr|A0A2R6T8W6|A0A2R6T8W6_9ARCH Uncharacterized protein OS=archaeon SCG-AAA382B04 OX=2137776 GN=C9439_00030 PE=4 SV=1	EGKEGKEESEDKEEEDNSDVEE	(22-43)	E	45.45	0.6775
tr|A0A2R6T997|A0A2R6T997_9ARCH DNA helicase OS=archaeon SCG-AAA382B04 OX=2137776 GN=C9439_00095 PE=4 SV=1	EPSLEISEETRIEESEFEIEEIEE	(237-260)	E	50.0	0.7642
tr|A0A2R6T606|A0A2R6T606_9ARCH Hist_deacetyl domain-containing protein OS=archaeon SCG-AAA382B04 OX=2137776 GN=C9439_05285 PE=4 SV=1	FLLFFNFHFHIFWTLFF	(6-22)	F	47.06	0.7378
tr|A0A2R6T6W4|A0A2R6T6W4_9ARCH Uncharacterized protein OS=archaeon SCG-AAA382B04 OX=2137776 GN=C9439_03835 PE=4 SV=1	FSIFFVEITKFFQSFFCFLFFLLFFLFVFFLFFNFYSPPCNLLF	(11-54)	F	43.18	0.7637
tr|A0A2R6T579|A0A2R6T579_9ARCH Elp3 domain-containing protein OS=archaeon SCG-AAA382B04 OX=2137776 GN=ahbD PE=4 SV=1	GGEFGEKGLDAKTGGCLGG	(234-252)	G	42.11	0.6771
tr|A0A2R6T623|A0A2R6T623_9ARCH O-acetylhomoserine aminocarboxypropyltransferase OS=archaeon SCG-AAA382B04 OX=2137776 GN=C9439_05415 PE=3 SV=1	GYGGVIGFGIKGGEKAG	(338-354)	G	47.06	0.7378
tr|A0A2R6T677|A0A2R6T677_9ARCH Thermosome subunit OS=archaeon SCG-AAA382B04 OX=2137776 GN=C9439_05470 PE=3 SV=1	GGSGGEAPGGAGGPGGAPGGMPGGMGG	(517-543)	G	59.26	0.8631
tr|A0A2R6T6H8|A0A2R6T6H8_9ARCH GSDH domain-containing protein OS=archaeon SCG-AAA382B04 OX=2137776 GN=C9439_04450 PE=4 SV=1	GDGGGANDVGVGHPDIGNG	(8-26)	G	42.11	0.6937
tr|A0A2R6T6P4|A0A2R6T6P4_9ARCH Peptidase_M48 domain-containing protein OS=archaeon SCG-AAA382B04 OX=2137776 GN=C9439_03615 PE=3 SV=1	GGRRPGSGSRGFGGVGAVG	(261-279)	G	47.37	0.7703
tr|A0A2R6T750|A0A2R6T750_9ARCH 50S ribosomal protein L15 OS=archaeon SCG-AAA382B04 OX=2137776 GN=rpl15 PE=3 SV=1	GKGSGKESRGAGHKGGRGKTGG	(12-33)	G	45.45	0.7912
tr|A0A2R6T7B7|A0A2R6T7B7_9ARCH O-acetylhomoserine aminocarboxypropyltransferase OS=archaeon SCG-AAA382B04 OX=2137776 GN=C9439_03455 PE=3 SV=1	GYGGIVGFGIEGGERAG	(340-356)	G	47.06	0.7378
tr|A0A2R6T7X0|A0A2R6T7X0_9ARCH bPH_2 domain-containing protein OS=archaeon SCG-AAA382B04 OX=2137776 GN=C9439_01690 PE=4 SV=1	GSGFGLGEDFSMAGAGVGGSAEEGKASVGGGIGFGGG	(186-222)	G	43.24	0.7691
tr|A0A2R6T7Z0|A0A2R6T7Z0_9ARCH Carbamoyltransferase OS=archaeon SCG-AAA382B04 OX=2137776 GN=hypF PE=3 SV=1	GIGMDGVGYGSDGKIWGG	(496-513)	G	44.44	0.827
tr|A0A2R6T895|A0A2R6T895_9ARCH Thermosome subunit OS=archaeon SCG-AAA382B04 OX=2137776 GN=C9439_01290 PE=3 SV=1	GSGSEEEAGGAPGGAGGPGGAPGGMPGGMGG	(523-553)	G	51.61	0.7435
tr|A0A2R6T4F1|A0A2R6T4F1_9ARCH CARDB domain-containing protein OS=archaeon SCG-AAA382B04 OX=2137776 GN=C9439_08005 PE=4 SV=1	IGDIFSLILSLGIIILIILGVIIIQSI	(140-166)	I	44.44	0.7394
tr|A0A2R6T4K2|A0A2R6T4K2_9ARCH Uncharacterized protein OS=archaeon SCG-AAA382B04 OX=2137776 GN=C9439_07470 PE=4 SV=1	IEKLIWIIASVIVPLIVPII	(48-67)	I	40.0	0.7919
tr|A0A2R6T4S0|A0A2R6T4S0_9ARCH CDP-archaeol synthase OS=archaeon SCG-AAA382B04 OX=2137776 GN=carS PE=3 SV=1	INYILIIFILTPIIHLFI	(145-162)	I	44.44	0.7551
tr|A0A2R6T593|A0A2R6T593_9ARCH Uncharacterized protein OS=archaeon SCG-AAA382B04 OX=2137776 GN=C9439_06175 PE=4 SV=1	IIKTYQFIKKIPIKLIDIIVKIKNSI	(495-520)	I	38.46	0.8166
tr|A0A2R6T5M1|A0A2R6T5M1_9ARCH Dihydroorotate dehydrogenase OS=archaeon SCG-AAA382B04 OX=2137776 GN=pyrD PE=3 SV=1	IHPIAIEIIYQVYKKIDIPII	(224-244)	I	42.86	0.6869
tr|A0A2R6T5W3|A0A2R6T5W3_9ARCH DUF1648 domain-containing protein OS=archaeon SCG-AAA382B04 OX=2137776 GN=C9439_05740 PE=4 SV=1	ITLNIISLLFIYIIYQNIEI	(106-125)	I	40.0	0.7574
tr|A0A2R6T5Z5|A0A2R6T5Z5_9ARCH DsbD domain-containing protein OS=archaeon SCG-AAA382B04 OX=2137776 GN=C9439_05425 PE=4 SV=1	IIGQQIKTFFTKITPIIGIILIIIGI	(67-92)	I	46.15	0.6687
tr|A0A2R6T6I6|A0A2R6T6I6_9ARCH Formate hydrogenlyase subunit 4 OS=archaeon SCG-AAA382B04 OX=2137776 GN=C9439_04590 PE=4 SV=1	IEIILKAVIGVPIITILAI	(2-20)	I	42.11	0.7468
tr|A0A2R6T6I7|A0A2R6T6I7_9ARCH Putative manganese efflux pump MntP OS=archaeon SCG-AAA382B04 OX=2137776 GN=mntP PE=3 SV=1	IIGAIILIIVAIETLI	(174-189)	I	50.0	0.6911
tr|A0A2R6T6N0|A0A2R6T6N0_9ARCH Usp domain-containing protein OS=archaeon SCG-AAA382B04 OX=2137776 GN=C9439_04340 PE=4 SV=1	IIVILLIGLIVLFISIGI	(150-167)	I	44.44	0.827
tr|A0A2R6T6T7|A0A2R6T6T7_9ARCH Polysacc_synt_C domain-containing protein OS=archaeon SCG-AAA382B04 OX=2137776 GN=C9439_03820 PE=4 SV=1	IIVIPGIIGAVILGTSILNI	(289-308)	I	40.0	0.7743
tr|A0A2R6T706|A0A2R6T706_9ARCH Polysacc_synt_C domain-containing protein OS=archaeon SCG-AAA382B04 OX=2137776 GN=C9439_04000 PE=4 SV=1	IIMGIILHIMKHIISLPLKI	(417-436)	I	40.0	0.6946
tr|A0A2R6T740|A0A2R6T740_9ARCH Uncharacterized protein OS=archaeon SCG-AAA382B04 OX=2137776 GN=C9439_02980 PE=4 SV=1	IKTLISKVISINKINNIIRI	(3-22)	I	40.0	0.8492
tr|A0A2R6T7I0|A0A2R6T7I0_9ARCH Uncharacterized protein OS=archaeon SCG-AAA382B04 OX=2137776 GN=C9439_02990 PE=4 SV=1	ITPLINNLIGIIIQSIKYIIGFLLGAPI	(2-29)	I	35.71	0.7335
tr|A0A2R6T7S4|A0A2R6T7S4_9ARCH Uncharacterized protein OS=archaeon SCG-AAA382B04 OX=2137776 GN=C9439_02185 PE=4 SV=1	IKLIIISIIIAI	(8-19)	I	66.67	0.787
tr|A0A2R6T7Y1|A0A2R6T7Y1_9ARCH ZT_dimer domain-containing protein OS=archaeon SCG-AAA382B04 OX=2137776 GN=C9439_01905 PE=4 SV=1	ISLLISISIILTGIIIVKDGIETI	(90-113)	I	41.67	0.7682
tr|A0A2R6T8B7|A0A2R6T8B7_9ARCH Uncharacterized protein OS=archaeon SCG-AAA382B04 OX=2137776 GN=C9439_01010 PE=4 SV=1	ITYISITILSLISSIII	(152-168)	I	47.06	0.7136
tr|A0A2R6T8P7|A0A2R6T8P7_9ARCH MgtE domain-containing protein OS=archaeon SCG-AAA382B04 OX=2137776 GN=C9439_00600 PE=3 SV=1	ITQITLISLTSGIIISLITIALTII	(123-147)	I	40.0	0.766
tr|A0A2R6T8Q0|A0A2R6T8Q0_9ARCH Fe/B12 periplasmic-binding domain-containing protein OS=archaeon SCG-AAA382B04 OX=2137776 GN=C9439_00305 PE=4 SV=1	IAIIIILLITVSISLGCI	(10-27)	I	44.44	0.6214
tr|A0A2R6T8U3|A0A2R6T8U3_9ARCH Uncharacterized protein OS=archaeon SCG-AAA382B04 OX=2137776 GN=C9439_00985 PE=4 SV=1	IQIDIIKAIVLLIVTPFII	(417-435)	I	42.11	0.7468
tr|A0A2R6T8W4|A0A2R6T8W4_9ARCH Uncharacterized protein OS=archaeon SCG-AAA382B04 OX=2137776 GN=C9439_00945 PE=4 SV=1	IIIGAITGCIIIAYFTDLIIYISKINTILAIIVLI	(173-207)	I	42.86	0.7711
tr|A0A2R6T4F8|A0A2R6T4F8_9ARCH Nucleotide exchange factor GrpE OS=archaeon SCG-AAA382B04 OX=2137776 GN=grpE PE=3 SV=1	KKVKADYENYKKRNDKKLEKKYFEAKKDTIK	(61-91)	K	38.71	0.7505
tr|A0A2R6T4G0|A0A2R6T4G0_9ARCH Resolvase/invertase-type recombinase catalytic domain-containing protein OS=archaeon SCG-AAA382B04 OX=2137776 GN=C9439_07975 PE=4 SV=1	KKKKVVESVEKEVKKK	(192-207)	K	50.0	0.3719
tr|A0A2R6T4H2|A0A2R6T4H2_9ARCH Phenylalanine--tRNA ligase alpha subunit OS=archaeon SCG-AAA382B04 OX=2137776 GN=pheS PE=3 SV=1	KKLREIKKATPKKLAKK	(12-28)	K	47.06	0.5902
tr|A0A2R6T4H2|A0A2R6T4H2_9ARCH Phenylalanine--tRNA ligase alpha subunit OS=archaeon SCG-AAA382B04 OX=2137776 GN=pheS PE=3 SV=1	KKLIKKGFPEQKVLKEVKK	(66-84)	K	42.11	0.6771
tr|A0A2R6T4H7|A0A2R6T4H7_9ARCH AMP phosphorylase OS=archaeon SCG-AAA382B04 OX=2137776 GN=C9439_08170 PE=3 SV=1	KADEEEGKKKAKKLLKNGKALEKFK	(369-393)	K	40.0	0.7245
tr|A0A2R6T4I1|A0A2R6T4I1_9ARCH Phenylalanine--tRNA ligase beta subunit OS=archaeon SCG-AAA382B04 OX=2137776 GN=pheT PE=3 SV=1	KHKKGQKFGDIIKDKKK	(176-192)	K	47.06	0.5723
tr|A0A2R6T4I7|A0A2R6T4I7_9ARCH Amidohydro-rel domain-containing protein OS=archaeon SCG-AAA382B04 OX=2137776 GN=C9439_08205 PE=4 SV=1	KHTKLKDMGLKEKQKGIKK	(82-100)	K	42.11	0.8065
tr|A0A2R6T4L7|A0A2R6T4L7_9ARCH Glutamate--tRNA ligase OS=archaeon SCG-AAA382B04 OX=2137776 GN=gltX PE=3 SV=1	KKELKHKKPSLLEKEEKK	(69-86)	K	44.44	0.6385
tr|A0A2R6T4N0|A0A2R6T4N0_9ARCH Uncharacterized protein OS=archaeon SCG-AAA382B04 OX=2137776 GN=C9439_07605 PE=4 SV=1	KKQTSFLTKKLEKLINKKKEQKDLIKKLEENK	(105-136)	K	37.5	0.7595
tr|A0A2R6T4N2|A0A2R6T4N2_9ARCH Probable transcription termination protein NusA OS=archaeon SCG-AAA382B04 OX=2137776 GN=nusA PE=3 SV=1	KEDKKGLVIGKKGKNIEKAK	(109-128)	K	40.0	0.7251
tr|A0A2R6T4N9|A0A2R6T4N9_9ARCH DNA primase DnaG OS=archaeon SCG-AAA382B04 OX=2137776 GN=dnaG PE=3 SV=1	KEKSKILQKAKKGLKRRVSKKQKPEPSK	(290-317)	K	39.29	0.8322
tr|A0A2R6T4P5|A0A2R6T4P5_9ARCH Dihydroorotase OS=archaeon SCG-AAA382B04 OX=2137776 GN=pyrC PE=3 SV=1	KTKEAFDKKKKRAEKK	(95-110)	K	50.0	0.5202
tr|A0A2R6T4Q7|A0A2R6T4Q7_9ARCH Chaperone protein DnaK OS=archaeon SCG-AAA382B04 OX=2137776 GN=dnaK PE=3 SV=1	KEEAKKHEEEDKKKKERVEK	(489-508)	K	40.0	0.5866
tr|A0A2R6T4S2|A0A2R6T4S2_9ARCH Flap endonuclease 1 OS=archaeon SCG-AAA382B04 OX=2137776 GN=fen PE=3 SV=1	KNKTLKERKNTRKTAKKEWKEAKQKGKDKEAYKK	(87-120)	K	41.18	0.9097
tr|A0A2R6T4S7|A0A2R6T4S7_9ARCH ACT domain-containing protein OS=archaeon SCG-AAA382B04 OX=2137776 GN=C9439_08160 PE=4 SV=1	KELKKKEYVKKASKTSSFSK	(62-81)	K	40.0	0.68
tr|A0A2R6T4T8|A0A2R6T4T8_9ARCH Anthranilate synthase OS=archaeon SCG-AAA382B04 OX=2137776 GN=C9439_07940 PE=3 SV=1	KKPKLKPIKQTKKIKK	(3-18)	K	56.25	0.8312
tr|A0A2R6T4T8|A0A2R6T4T8_9ARCH Anthranilate synthase OS=archaeon SCG-AAA382B04 OX=2137776 GN=C9439_07940 PE=3 SV=1	KIKINQNKTKIEGKKLKKQIKNQLK	(57-81)	K	40.0	0.824
tr|A0A2R6T4T8|A0A2R6T4T8_9ARCH Anthranilate synthase OS=archaeon SCG-AAA382B04 OX=2137776 GN=C9439_07940 PE=3 SV=1	KYIEKKDKENIKKHKKELKKELEQIK	(158-183)	K	42.31	0.7477
tr|A0A2R6T4T8|A0A2R6T4T8_9ARCH Anthranilate synthase OS=archaeon SCG-AAA382B04 OX=2137776 GN=C9439_07940 PE=3 SV=1	KQEYKKIVKKAKEYIKK	(206-222)	K	47.06	0.6688
tr|A0A2R6T4V7|A0A2R6T4V7_9ARCH Probable translation initiation factor IF-2 OS=archaeon SCG-AAA382B04 OX=2137776 GN=infB PE=3 SV=1	KKKKLQKKKKLENVIKPGKFK	(446-466)	K	52.38	0.556
tr|A0A2R6T4W4|A0A2R6T4W4_9ARCH Hef nuclease OS=archaeon SCG-AAA382B04 OX=2137776 GN=C9439_08175 PE=4 SV=1	KEAKKHLEDLLKEKMKELKK	(247-266)	K	40.0	0.68
tr|A0A2R6T4W4|A0A2R6T4W4_9ARCH Hef nuclease OS=archaeon SCG-AAA382B04 OX=2137776 GN=C9439_08175 PE=4 SV=1	KAAKRLSNELKFKKSKHKIKKFEGRHPKIDKCKK	(350-383)	K	38.24	0.776
tr|A0A2R6T4W5|A0A2R6T4W5_9ARCH HTH cro/C1-type domain-containing protein OS=archaeon SCG-AAA382B04 OX=2137776 GN=C9439_07425 PE=4 SV=1	KKIIKGLLKIDEKKGGNKIK	(76-95)	K	40.0	0.7919
tr|A0A2R6T4Z5|A0A2R6T4Z5_9ARCH Uncharacterized protein OS=archaeon SCG-AAA382B04 OX=2137776 GN=C9439_07210 PE=4 SV=1	KEGIKEKKESRKKIRKESK	(201-219)	K	42.11	0.7857
tr|A0A2R6T4Z9|A0A2R6T4Z9_9ARCH Methyltransf_25 domain-containing protein OS=archaeon SCG-AAA382B04 OX=2137776 GN=C9439_07260 PE=4 SV=1	KEMKQIFDKTKWSFKKIIKKNKKDFVGLFKK	(206-236)	K	38.71	0.7711
tr|A0A2R6T506|A0A2R6T506_9ARCH Bifunctional NAD(P)H-hydrate repair enzyme OS=archaeon SCG-AAA382B04 OX=2137776 GN=nnrE PE=3 SV=1	KSHKNYKKAQKNLKNNIKK	(274-292)	K	42.11	0.8065
tr|A0A2R6T506|A0A2R6T506_9ARCH Bifunctional NAD(P)H-hydrate repair enzyme OS=archaeon SCG-AAA382B04 OX=2137776 GN=nnrE PE=3 SV=1	KKLFNKKGTKENVKKMAKK	(353-371)	K	47.37	0.6739
tr|A0A2R6T557|A0A2R6T557_9ARCH DUF1922 domain-containing protein OS=archaeon SCG-AAA382B04 OX=2137776 GN=C9439_05930 PE=4 SV=1	KTRKCPCGKVVKIKKAKK	(21-38)	K	44.44	0.7336
tr|A0A2R6T566|A0A2R6T566_9ARCH DHHA1 domain-containing protein OS=archaeon SCG-AAA382B04 OX=2137776 GN=C9439_06000 PE=4 SV=1	KIKKIQKKANEIKEEIKDHKK	(4-24)	K	42.86	0.7446
tr|A0A2R6T591|A0A2R6T591_9ARCH C2H2-type domain-containing protein OS=archaeon SCG-AAA382B04 OX=2137776 GN=C9439_06180 PE=4 SV=1	KKLENHKKQKHNSKDKTSK	(25-43)	K	42.11	0.7468
tr|A0A2R6T593|A0A2R6T593_9ARCH Uncharacterized protein OS=archaeon SCG-AAA382B04 OX=2137776 GN=C9439_06175 PE=4 SV=1	KKIIKKEQEKRKKEKEEKETFSSYMKKKFGGLKKRLKATGKKVKKTPKILLSKIK	(409-463)	K	40.0	0.8365
tr|A0A2R6T594|A0A2R6T594_9ARCH Uncharacterized protein OS=archaeon SCG-AAA382B04 OX=2137776 GN=C9439_05920 PE=4 SV=1	KDLKKYEKKKTEIKNKVLEYIKEK	(4-27)	K	41.67	0.7446
tr|A0A2R6T5B5|A0A2R6T5B5_9ARCH Uncharacterized protein OS=archaeon SCG-AAA382B04 OX=2137776 GN=C9439_06280 PE=4 SV=1	KKKRLLKDKKQETKSFK	(2-18)	K	47.06	0.648
tr|A0A2R6T5C2|A0A2R6T5C2_9ARCH Uncharacterized protein OS=archaeon SCG-AAA382B04 OX=2137776 GN=C9439_06100 PE=4 SV=1	KRKIKELKEQREDKKRRKKRDKEDHKNKLNNLKKEKQKIEDKLERKKKNVKNTRK	(321-375)	K	38.18	0.8908
tr|A0A2R6T5C7|A0A2R6T5C7_9ARCH Uncharacterized protein OS=archaeon SCG-AAA382B04 OX=2137776 GN=C9439_06320 PE=3 SV=1	KLDQYYYKKLMKKIEKKPK	(171-189)	K	42.11	0.6153
tr|A0A2R6T5D8|A0A2R6T5D8_9ARCH Arginine decarboxylase OS=archaeon SCG-AAA382B04 OX=2137776 GN=C9439_06255 PE=3 SV=1	KNKTEKKAKKRAKTMIK	(105-121)	K	47.06	0.7378
tr|A0A2R6T5E2|A0A2R6T5E2_9ARCH Phosphomethylpyrimidine synthase OS=archaeon SCG-AAA382B04 OX=2137776 GN=C9439_06445 PE=4 SV=1	KGKKDIIKKNKKISK	(351-365)	K	53.33	0.6949
tr|A0A2R6T5I4|A0A2R6T5I4_9ARCH Protein-L-isoaspartate O-methyltransferase OS=archaeon SCG-AAA382B04 OX=2137776 GN=pcm PE=3 SV=1	KRRQKLVIGKKKKGKVKYKK	(180-199)	K	50.0	0.6319
tr|A0A2R6T5J1|A0A2R6T5J1_9ARCH Nop domain-containing protein OS=archaeon SCG-AAA382B04 OX=2137776 GN=C9439_06690 PE=4 SV=1	KYEEIKSPPRKLEKKFKNKK	(51-70)	K	40.0	0.741
tr|A0A2R6T5J4|A0A2R6T5J4_9ARCH Argininosuccinate lyase OS=archaeon SCG-AAA382B04 OX=2137776 GN=argH PE=3 SV=1	KNYYKKIMSFRKSRNKKLKKLDQKTKEMIKK	(437-467)	K	38.71	0.8002
tr|A0A2R6T5K3|A0A2R6T5K3_9ARCH V-type proton ATPase subunit E OS=archaeon SCG-AAA382B04 OX=2137776 GN=atpE PE=3 SV=1	KKEAQKKAEEKEQEIKNKGK	(37-56)	K	40.0	0.7574
tr|A0A2R6T5K4|A0A2R6T5K4_9ARCH Uncharacterized protein OS=archaeon SCG-AAA382B04 OX=2137776 GN=C9439_06005 PE=4 SV=1	KREKKIQKEEATKKAKKKLKEKLAIEKNWGKNK	(246-278)	K	42.42	0.8166
tr|A0A2R6T5L1|A0A2R6T5L1_9ARCH CcmF_C domain-containing protein OS=archaeon SCG-AAA382B04 OX=2137776 GN=C9439_06640 PE=4 SV=1	KKREKPKKPHKEKTKKSYDEK	(274-294)	K	47.62	0.7254
tr|A0A2R6T5L8|A0A2R6T5L8_9ARCH Uncharacterized protein OS=archaeon SCG-AAA382B04 OX=2137776 GN=C9439_06870 PE=4 SV=1	KSEKKSEKKKTDNKQKKK	(60-77)	K	55.56	0.6934
tr|A0A2R6T5M3|A0A2R6T5M3_9ARCH Bifunctional phosphopantothenoylcysteine decarboxylase/phosphopantothenate--cysteine ligase CoaBC OS=archaeon SCG-AAA382B04 OX=2137776 GN=coaBC PE=4 SV=1	KKKLDSSKKQEIELNKAKK	(294-312)	K	42.11	0.5329
tr|A0A2R6T5M6|A0A2R6T5M6_9ARCH Segregation/condensation protein A OS=archaeon SCG-AAA382B04 OX=2137776 GN=C9439_06860 PE=4 SV=1	KNALEQEKSKKRKRKLKSKKEEKDEEKVK	(145-173)	K	41.38	0.7952
tr|A0A2R6T5M6|A0A2R6T5M6_9ARCH Segregation/condensation protein A OS=archaeon SCG-AAA382B04 OX=2137776 GN=C9439_06860 PE=4 SV=1	KKVEETYQKIKKGFRKKKEIK	(183-203)	K	42.86	0.6107
tr|A0A2R6T5N3|A0A2R6T5N3_9ARCH Uncharacterized protein OS=archaeon SCG-AAA382B04 OX=2137776 GN=C9439_06750 PE=4 SV=1	KNKSLKESEKKMKGLEKKVK	(165-184)	K	45.0	0.7848
tr|A0A2R6T5N5|A0A2R6T5N5_9ARCH Macro domain-containing protein OS=archaeon SCG-AAA382B04 OX=2137776 GN=C9439_06495 PE=4 SV=1	KNQKKENKRILGKIKDKK	(10-27)	K	44.44	0.7336
tr|A0A2R6T5P2|A0A2R6T5P2_9ARCH Metallophos domain-containing protein OS=archaeon SCG-AAA382B04 OX=2137776 GN=C9439_06945 PE=4 SV=1	KKIKNQIKKLTKKEETKK	(43-60)	K	50.0	0.6705
tr|A0A2R6T5Q4|A0A2R6T5Q4_9ARCH Type II toxin-antitoxin system RelE/ParE family toxin OS=archaeon SCG-AAA382B04 OX=2137776 GN=C9439_06605 PE=4 SV=1	KDKLDELKTKPKKGKKLRRLK	(27-47)	K	42.86	0.7446
tr|A0A2R6T5Q6|A0A2R6T5Q6_9ARCH UPF0216 protein C9439_06290 OS=archaeon SCG-AAA382B04 OX=2137776 GN=C9439_06290 PE=3 SV=1	KHLPKKKKTLKELLKEEKPSLKTK	(26-49)	K	41.67	0.7682
tr|A0A2R6T5S3|A0A2R6T5S3_9ARCH B12-binding domain-containing protein OS=archaeon SCG-AAA382B04 OX=2137776 GN=C9439_05770 PE=4 SV=1	KKTKKLQKKAFKK	(414-426)	K	61.54	0.7958
tr|A0A2R6T5U2|A0A2R6T5U2_9ARCH Thiamine-monophosphate kinase OS=archaeon SCG-AAA382B04 OX=2137776 GN=thiL PE=3 SV=1	KLIKKIDAKIIGKTRKKK	(278-295)	K	44.44	0.6934
tr|A0A2R6T5U4|A0A2R6T5U4_9ARCH Ribonuclease P protein component 3 OS=archaeon SCG-AAA382B04 OX=2137776 GN=rnp3 PE=3 SV=1	KAIEIKETKVRKLKQKIKKFRPK	(57-79)	K	39.13	0.8486
tr|A0A2R6T5U8|A0A2R6T5U8_9ARCH Ribonuclease P protein component 2 OS=archaeon SCG-AAA382B04 OX=2137776 GN=rnp2 PE=3 SV=1	KKVRIDKLGESGTIKKLKKK	(111-130)	K	40.0	0.5158
tr|A0A2R6T5V4|A0A2R6T5V4_9ARCH Chromosome partition protein Smc OS=archaeon SCG-AAA382B04 OX=2137776 GN=smc PE=3 SV=1	KEEKNEAVEYKNLKEEKKKKEKLLILARKDQIK	(208-240)	K	33.33	0.7619
tr|A0A2R6T5V4|A0A2R6T5V4_9ARCH Chromosome partition protein Smc OS=archaeon SCG-AAA382B04 OX=2137776 GN=smc PE=3 SV=1	KKEKQKDKKAKKLVKVKK	(252-269)	K	61.11	0.9332
tr|A0A2R6T5V4|A0A2R6T5V4_9ARCH Chromosome partition protein Smc OS=archaeon SCG-AAA382B04 OX=2137776 GN=smc PE=3 SV=1	KEIDQKRKKLYKKQKDAQDKVERLEEKKEKKQIKKKNLKNEINNLKKQK	(322-370)	K	38.78	0.8108
tr|A0A2R6T5V4|A0A2R6T5V4_9ARCH Chromosome partition protein Smc OS=archaeon SCG-AAA382B04 OX=2137776 GN=smc PE=3 SV=1	KIQKLDEEISKLKKKRDLKK	(686-705)	K	40.0	0.6249
tr|A0A2R6T5V4|A0A2R6T5V4_9ARCH Chromosome partition protein Smc OS=archaeon SCG-AAA382B04 OX=2137776 GN=smc PE=3 SV=1	KDKIDKRKRKEEVKQSKIK	(719-737)	K	42.11	0.9027
tr|A0A2R6T5V4|A0A2R6T5V4_9ARCH Chromosome partition protein Smc OS=archaeon SCG-AAA382B04 OX=2137776 GN=smc PE=3 SV=1	KEEKLHSKKDKKKSKIKKLKDRLENKKERDKK	(859-890)	K	46.88	0.7457
tr|A0A2R6T5W8|A0A2R6T5W8_9ARCH ATPase OS=archaeon SCG-AAA382B04 OX=2137776 GN=C9439_05560 PE=4 SV=1	KNQPKKQKKNLVKGKK	(528-543)	K	50.0	0.6664
tr|A0A2R6T5Y6|A0A2R6T5Y6_9ARCH Uncharacterized protein OS=archaeon SCG-AAA382B04 OX=2137776 GN=C9439_05435 PE=4 SV=1	KGIPDEKKKKVFEKGYKDKK	(971-990)	K	45.0	0.5979
tr|A0A2R6T5Y7|A0A2R6T5Y7_9ARCH Homoserine O-acetyltransferase OS=archaeon SCG-AAA382B04 OX=2137776 GN=metXA PE=3 SV=1	KTKKHEINKKIELKSGKK	(10-27)	K	44.44	0.6744
tr|A0A2R6T5Z1|A0A2R6T5Z1_9ARCH Probable threonylcarbamoyladenosine tRNA methylthiotransferase OS=archaeon SCG-AAA382B04 OX=2137776 GN=C9439_05570 PE=3 SV=1	KKNRSKKLTKLKKKIGKKRRKRYLGK	(348-373)	K	46.15	0.735
tr|A0A2R6T5Z6|A0A2R6T5Z6_9ARCH ATP-dependent DNA helicase Hel308 OS=archaeon SCG-AAA382B04 OX=2137776 GN=hel308 PE=3 SV=1	KKLKSKAKDKASALVKDTIK	(238-257)	K	40.0	0.7574
tr|A0A2R6T610|A0A2R6T610_9ARCH DNA helicase OS=archaeon SCG-AAA382B04 OX=2137776 GN=C9439_05340 PE=3 SV=1	KKKNPSTKEKKEFDQSKEK	(51-69)	K	42.11	0.6153
tr|A0A2R6T618|A0A2R6T618_9ARCH 3-isopropylmalate dehydratase small subunit OS=archaeon SCG-AAA382B04 OX=2137776 GN=leuD PE=3 SV=1	KDKKIVDKTKDQTYKPKK	(117-134)	K	44.44	0.7131
tr|A0A2R6T622|A0A2R6T622_9ARCH Uncharacterized protein OS=archaeon SCG-AAA382B04 OX=2137776 GN=C9439_05410 PE=3 SV=1	KNLLYNKYKRIKKEQKKLSKKEKGSNNWKKQKKRLAKAHKK	(68-108)	K	41.46	0.8196
tr|A0A2R6T649|A0A2R6T649_9ARCH Peptide methionine sulfoxide reductase MsrA OS=archaeon SCG-AAA382B04 OX=2137776 GN=msrA PE=3 SV=1	KKQAKKSKQKLTKSNKYEK	(111-129)	K	47.37	0.793
tr|A0A2R6T649|A0A2R6T649_9ARCH Peptide methionine sulfoxide reductase MsrA OS=archaeon SCG-AAA382B04 OX=2137776 GN=msrA PE=3 SV=1	KYYKKKTGQYKKYKK	(150-164)	K	53.33	0.5673
tr|A0A2R6T652|A0A2R6T652_9ARCH Glutamyl-tRNA(Gln) amidotransferase subunit D OS=archaeon SCG-AAA382B04 OX=2137776 GN=gatD PE=3 SV=1	KLKNLEIEKIKGKTKKEKTTEYTPKK	(42-67)	K	38.46	0.7272
tr|A0A2R6T653|A0A2R6T653_9ARCH Histidinol-phosphate aminotransferase OS=archaeon SCG-AAA382B04 OX=2137776 GN=hisC PE=3 SV=1	KDKIKKSVKELEEYKAGKTK	(2-21)	K	40.0	0.7743
tr|A0A2R6T689|A0A2R6T689_9ARCH Uncharacterized protein OS=archaeon SCG-AAA382B04 OX=2137776 GN=C9439_05495 PE=3 SV=1	KKSEIKIEKQKNQIKLKIK	(30-48)	K	42.11	0.8284
tr|A0A2R6T6D4|A0A2R6T6D4_9ARCH 50S ribosomal protein L21e OS=archaeon SCG-AAA382B04 OX=2137776 GN=rpl21e PE=3 SV=1	KKLKKERKKKSSPITKAVEKYEK	(14-36)	K	43.48	0.696
tr|A0A2R6T6E0|A0A2R6T6E0_9ARCH Uncharacterized protein OS=archaeon SCG-AAA382B04 OX=2137776 GN=C9439_05445 PE=4 SV=1	KKKELKKSDKKIEDFYSK	(83-100)	K	44.44	0.528
tr|A0A2R6T6F1|A0A2R6T6F1_9ARCH SpoU_methylase domain-containing protein OS=archaeon SCG-AAA382B04 OX=2137776 GN=C9439_04785 PE=3 SV=1	KKINYPNFKKKKTKLILK	(184-201)	K	44.44	0.4859
tr|A0A2R6T6F3|A0A2R6T6F3_9ARCH 50S ribosomal protein L39e OS=archaeon SCG-AAA382B04 OX=2137776 GN=rpl39e PE=3 SV=1	KKTKGKKKRLAKKTK	(3-17)	K	60.0	0.767
tr|A0A2R6T6F7|A0A2R6T6F7_9ARCH Phosphoribosylaminoimidazole-succinocarboxamide synthase OS=archaeon SCG-AAA382B04 OX=2137776 GN=purC PE=3 SV=1	KKVKEAKKEANREGKKNWK	(279-297)	K	42.11	0.6153
tr|A0A2R6T6G1|A0A2R6T6G1_9ARCH Signal recognition particle receptor FtsY OS=archaeon SCG-AAA382B04 OX=2137776 GN=ftsY PE=3 SV=1	KTKKKASLGEKAKKFVKERK	(19-38)	K	45.0	0.6672
tr|A0A2R6T6G9|A0A2R6T6G9_9ARCH Uncharacterized protein OS=archaeon SCG-AAA382B04 OX=2137776 GN=C9439_05010 PE=4 SV=1	KKVVKKTGGEKEKELIKK	(163-180)	K	44.44	0.6744
tr|A0A2R6T6H7|A0A2R6T6H7_9ARCH Aldehyde ferredoxin oxidoreductase OS=archaeon SCG-AAA382B04 OX=2137776 GN=C9439_04430 PE=3 SV=1	KEIEVSDKSKNKGKEKAKEK	(510-529)	K	40.0	0.741
tr|A0A2R6T6J2|A0A2R6T6J2_9ARCH Uncharacterized protein OS=archaeon SCG-AAA382B04 OX=2137776 GN=C9439_04385 PE=4 SV=1	KELVEMKKKKKLFKDIEEIKK	(32-52)	K	42.86	0.5224
tr|A0A2R6T6J5|A0A2R6T6J5_9ARCH Elp3 domain-containing protein OS=archaeon SCG-AAA382B04 OX=2137776 GN=C9439_04315 PE=4 SV=1	KLKKTYNKQELKKIQKITK	(521-539)	K	42.11	0.7857
tr|A0A2R6T6L3|A0A2R6T6L3_9ARCH HTH arsR-type domain-containing protein OS=archaeon SCG-AAA382B04 OX=2137776 GN=C9439_04405 PE=4 SV=1	KHLNKMEKKDIIKSKEFKSKKAREKKYK	(46-73)	K	42.86	0.8391
tr|A0A2R6T6M7|A0A2R6T6M7_9ARCH Type 2 DNA topoisomerase 6 subunit B OS=archaeon SCG-AAA382B04 OX=2137776 GN=top6B PE=3 SV=1	KHLKKQKKMSKRSNKRKTISK	(1029-1049)	K	42.86	0.8108
tr|A0A2R6T6P1|A0A2R6T6P1_9ARCH DNA repair protein OS=archaeon SCG-AAA382B04 OX=2137776 GN=C9439_04335 PE=3 SV=1	KIPGKTPKQKITIDKSKKKRKNDLDTFSKKIAPK	(10-43)	K	35.29	0.7812
tr|A0A2R6T6P2|A0A2R6T6P2_9ARCH Uncharacterized protein OS=archaeon SCG-AAA382B04 OX=2137776 GN=C9439_03560 PE=4 SV=1	KKWKTTTLYKKLFKKYRPKLKKGIKKQKLKKQLKRKHK	(48-85)	K	47.37	0.8021
tr|A0A2R6T6P9|A0A2R6T6P9_9ARCH ENDO3c domain-containing protein OS=archaeon SCG-AAA382B04 OX=2137776 GN=C9439_04285 PE=4 SV=1	KPIKIQEKKNILKTKTKASK	(44-63)	K	40.0	0.8492
tr|A0A2R6T6Q7|A0A2R6T6Q7_9ARCH Transposase OS=archaeon SCG-AAA382B04 OX=2137776 GN=C9439_04190 PE=3 SV=1	KAKSKLKDENDKYTSKRVKKLFRKCKREFKDKIRK	(160-194)	K	37.14	0.9068
tr|A0A2R6T6S3|A0A2R6T6S3_9ARCH Uncharacterized protein OS=archaeon SCG-AAA382B04 OX=2137776 GN=C9439_03770 PE=4 SV=1	KPKLKLKKKEKEELKEKLK	(85-103)	K	52.63	0.793
tr|A0A2R6T6S6|A0A2R6T6S6_9ARCH Phosphoglucosamine mutase OS=archaeon SCG-AAA382B04 OX=2137776 GN=glmM PE=3 SV=1	KTKTKVQDKQRIMKKVFKK	(373-391)	K	42.11	0.7468
tr|A0A2R6T6S7|A0A2R6T6S7_9ARCH Uncharacterized protein OS=archaeon SCG-AAA382B04 OX=2137776 GN=C9439_03780 PE=4 SV=1	KKEEFSRYNYKKEGKKEKHK	(258-277)	K	40.0	0.5158
tr|A0A2R6T6U3|A0A2R6T6U3_9ARCH Lipase_GDSL domain-containing protein OS=archaeon SCG-AAA382B04 OX=2137776 GN=C9439_03745 PE=4 SV=1	KKKYDKQIKFGWKITKEK	(187-204)	K	44.44	0.7551
tr|A0A2R6T6U3|A0A2R6T6U3_9ARCH Lipase_GDSL domain-containing protein OS=archaeon SCG-AAA382B04 OX=2137776 GN=C9439_03745 PE=4 SV=1	KNELKSYNLKWKKPEKIIKK	(250-269)	K	40.0	0.7743
tr|A0A2R6T6W2|A0A2R6T6W2_9ARCH Uncharacterized protein OS=archaeon SCG-AAA382B04 OX=2137776 GN=C9439_03845 PE=4 SV=1	KKRPKKDVEKFVKKWK	(184-199)	K	50.0	0.6911
tr|A0A2R6T6W2|A0A2R6T6W2_9ARCH Uncharacterized protein OS=archaeon SCG-AAA382B04 OX=2137776 GN=C9439_03845 PE=4 SV=1	KKLRKLHLKGSRKKLELCKK	(289-308)	K	40.0	0.7251
tr|A0A2R6T6W3|A0A2R6T6W3_9ARCH Glycos_transf_1 domain-containing protein OS=archaeon SCG-AAA382B04 OX=2137776 GN=C9439_03955 PE=4 SV=1	KKIKKFVETRPLKKKYNK	(125-142)	K	44.44	0.4592
tr|A0A2R6T6W8|A0A2R6T6W8_9ARCH Glycos_transf_1 domain-containing protein OS=archaeon SCG-AAA382B04 OX=2137776 GN=C9439_03985 PE=4 SV=1	KKKGKIKNIYNKPKKPDKK	(3-21)	K	52.63	0.6739
tr|A0A2R6T6W8|A0A2R6T6W8_9ARCH Glycos_transf_1 domain-containing protein OS=archaeon SCG-AAA382B04 OX=2137776 GN=C9439_03985 PE=4 SV=1	KDIKEIIVNASKMKNKKIKKMASKSSKYAKNNHTK	(322-356)	K	34.29	0.8157
tr|A0A2R6T6X6|A0A2R6T6X6_9ARCH Nucleotide pyrophosphatase OS=archaeon SCG-AAA382B04 OX=2137776 GN=C9439_04015 PE=4 SV=1	KKGREKKEEIKKELKKLKSSLTDEK	(350-374)	K	40.0	0.705
tr|A0A2R6T6X7|A0A2R6T6X7_9ARCH TrmB domain-containing protein OS=archaeon SCG-AAA382B04 OX=2137776 GN=C9439_04045 PE=4 SV=1	KKPKQILKRLRQNKKLEKQK	(74-93)	K	40.0	0.7251
tr|A0A2R6T6X7|A0A2R6T6X7_9ARCH TrmB domain-containing protein OS=archaeon SCG-AAA382B04 OX=2137776 GN=C9439_04045 PE=4 SV=1	KKNLSKENRKIQEKIIKKIK	(183-202)	K	40.0	0.7919
tr|A0A2R6T6Y2|A0A2R6T6Y2_9ARCH Uncharacterized protein OS=archaeon SCG-AAA382B04 OX=2137776 GN=C9439_04065 PE=4 SV=1	KPKEEEKIIKELKKAFKNFK	(307-326)	K	40.0	0.8702
tr|A0A2R6T713|A0A2R6T713_9ARCH Uncharacterized protein OS=archaeon SCG-AAA382B04 OX=2137776 GN=C9439_02885 PE=4 SV=1	KIKKKSLEREKRKDWLKTKHLK	(137-158)	K	40.91	0.7422
tr|A0A2R6T743|A0A2R6T743_9ARCH Phage_integrase domain-containing protein OS=archaeon SCG-AAA382B04 OX=2137776 GN=C9439_02955 PE=4 SV=1	KEYKQKVDELEKKVKEKDRK	(332-351)	K	40.0	0.7743
tr|A0A2R6T748|A0A2R6T748_9ARCH Thioredoxin domain-containing protein OS=archaeon SCG-AAA382B04 OX=2137776 GN=trxA PE=4 SV=1	KNKIKQIKKQKRNKNMTKGKPK	(10-31)	K	45.45	0.8645
tr|A0A2R6T760|A0A2R6T760_9ARCH Cytidylate kinase OS=archaeon SCG-AAA382B04 OX=2137776 GN=cmk PE=3 SV=1	KALKRIQKREKSEKKRYKK	(117-135)	K	42.11	0.8065
tr|A0A2R6T777|A0A2R6T777_9ARCH Glyco_trans_2-like domain-containing protein OS=archaeon SCG-AAA382B04 OX=2137776 GN=C9439_03960 PE=4 SV=1	KHSEAKTYGKKTKKHKEESK	(202-221)	K	40.0	0.7574
tr|A0A2R6T780|A0A2R6T780_9ARCH 50S ribosomal protein L22 OS=archaeon SCG-AAA382B04 OX=2137776 GN=rpl22 PE=3 SV=1	KGVINKEKPIAYKKHNKKKGHRKGIEK	(50-76)	K	37.04	0.7919
tr|A0A2R6T789|A0A2R6T789_9ARCH Glyco_trans_4-like_N domain-containing protein OS=archaeon SCG-AAA382B04 OX=2137776 GN=C9439_03825 PE=4 SV=1	KSAAKKHKKLYKRVATKKK	(339-357)	K	47.37	0.625
tr|A0A2R6T798|A0A2R6T798_9ARCH Glutamine--fructose-6-phosphate transaminase (isomerizing) OS=archaeon SCG-AAA382B04 OX=2137776 GN=glmS PE=4 SV=1	KSMKKFKKLIGFSAKDKMEK	(437-456)	K	40.0	0.68
tr|A0A2R6T7A4|A0A2R6T7A4_9ARCH NFACT-R_1 domain-containing protein OS=archaeon SCG-AAA382B04 OX=2137776 GN=C9439_03275 PE=4 SV=1	KYEEAKKKKRKAKGARKAAKETQK	(405-428)	K	41.67	0.7446
tr|A0A2R6T7D1|A0A2R6T7D1_9ARCH PadR domain-containing protein OS=archaeon SCG-AAA382B04 OX=2137776 GN=C9439_03465 PE=4 SV=1	KGDRKKKIYKLTNKGENKHK	(65-84)	K	40.0	0.7743
tr|A0A2R6T7F9|A0A2R6T7F9_9ARCH T2SSF domain-containing protein OS=archaeon SCG-AAA382B04 OX=2137776 GN=C9439_02545 PE=4 SV=1	KVTKKDSIKRKKLKEKRK	(364-381)	K	50.0	0.7789
tr|A0A2R6T7H2|A0A2R6T7H2_9ARCH OBG-type G domain-containing protein OS=archaeon SCG-AAA382B04 OX=2137776 GN=ychF PE=4 SV=1	KAIKQIQKNPEKWKKTQLKKFSK	(185-207)	K	39.13	0.8336
tr|A0A2R6T7H2|A0A2R6T7H2_9ARCH OBG-type G domain-containing protein OS=archaeon SCG-AAA382B04 OX=2137776 GN=ychF PE=4 SV=1	KKPKKLNKKQKKGLKRIKTKILDK	(273-296)	K	50.0	0.7782
tr|A0A2R6T7M0|A0A2R6T7M0_9ARCH 50S ribosomal protein L2 OS=archaeon SCG-AAA382B04 OX=2137776 GN=rpl2 PE=3 SV=1	KPFVKAGNKHHKMKKKGGKYPK	(165-186)	K	40.91	0.8152
tr|A0A2R6T7M9|A0A2R6T7M9_9ARCH Transposase OS=archaeon SCG-AAA382B04 OX=2137776 GN=C9439_02730 PE=4 SV=1	KEEKLKKEHRKLSRKEKGSK	(206-225)	K	40.0	0.8492
tr|A0A2R6T7N6|A0A2R6T7N6_9ARCH Uncharacterized protein OS=archaeon SCG-AAA382B04 OX=2137776 GN=C9439_02170 PE=3 SV=1	KKTLLIYGGKSKKEVKKHLK	(54-73)	K	40.0	0.5866
tr|A0A2R6T7N9|A0A2R6T7N9_9ARCH Uncharacterized protein OS=archaeon SCG-AAA382B04 OX=2137776 GN=C9439_02350 PE=4 SV=1	KKITPSIWKKKKVYEKTK	(451-468)	K	44.44	0.4859
tr|A0A2R6T7R5|A0A2R6T7R5_9ARCH L-aspartate dehydrogenase OS=archaeon SCG-AAA382B04 OX=2137776 GN=nadX PE=3 SV=1	KHKKKAKKLKSELKCTPK	(34-51)	K	50.0	0.69
tr|A0A2R6T7W8|A0A2R6T7W8_9ARCH Glutamate--cysteine ligase OS=archaeon SCG-AAA382B04 OX=2137776 GN=gshA PE=3 SV=1	KSKTIKETKKEIKQKRKLLKQHAKKFDYK	(67-95)	K	41.38	0.8856
tr|A0A2R6T7Y1|A0A2R6T7Y1_9ARCH ZT_dimer domain-containing protein OS=archaeon SCG-AAA382B04 OX=2137776 GN=C9439_01905 PE=4 SV=1	KKDKQKIKKILERRGFKNYK	(220-239)	K	40.0	0.6119
tr|A0A2R6T7Y3|A0A2R6T7Y3_9ARCH Uncharacterized protein OS=archaeon SCG-AAA382B04 OX=2137776 GN=C9439_01810 PE=4 SV=1	KMLKGSKKNQKLTKNKK	(215-231)	K	47.06	0.7637
tr|A0A2R6T801|A0A2R6T801_9ARCH Pyruvate ferredoxin oxidoreductase OS=archaeon SCG-AAA382B04 OX=2137776 GN=porA PE=4 SV=1	KKIAKKAEKAKEHGRVKK	(367-384)	K	44.44	0.6385
tr|A0A2R6T811|A0A2R6T811_9ARCH DUF357 domain-containing protein OS=archaeon SCG-AAA382B04 OX=2137776 GN=C9439_01815 PE=4 SV=1	KWQKKLKKKEPKFSPK	(11-26)	K	50.0	0.6664
tr|A0A2R6T838|A0A2R6T838_9ARCH MoCF_biosynth domain-containing protein OS=archaeon SCG-AAA382B04 OX=2137776 GN=C9439_01425 PE=4 SV=1	KLKKLSEKKGVGVDEIKKKIK	(534-554)	K	42.86	0.5541
tr|A0A2R6T850|A0A2R6T850_9ARCH Phosphoserine phosphatase OS=archaeon SCG-AAA382B04 OX=2137776 GN=C9439_02025 PE=4 SV=1	KKVIEGLRKNKEKKEVEEKKK	(232-252)	K	42.86	0.5875
tr|A0A2R6T853|A0A2R6T853_9ARCH Serine hydroxymethyltransferase OS=archaeon SCG-AAA382B04 OX=2137776 GN=glyA PE=3 SV=1	KSNKSINKIKKEVKALKKDFNK	(387-408)	K	40.91	0.8315
tr|A0A2R6T862|A0A2R6T862_9ARCH Uncharacterized protein OS=archaeon SCG-AAA382B04 OX=2137776 GN=C9439_02175 PE=4 SV=1	KKSSKKTKKKAPASLVKPSK	(357-376)	K	45.0	0.5851
tr|A0A2R6T872|A0A2R6T872_9ARCH Helicase OS=archaeon SCG-AAA382B04 OX=2137776 GN=C9439_01300 PE=4 SV=1	KKILKFKQKTKKLLKKDKTSLK	(598-619)	K	50.0	0.7881
tr|A0A2R6T875|A0A2R6T875_9ARCH Uncharacterized protein OS=archaeon SCG-AAA382B04 OX=2137776 GN=C9439_01450 PE=4 SV=1	KTITNPKIKKKKIEFQKKDYDLFKSIQK	(4-31)	K	35.71	0.7111
tr|A0A2R6T880|A0A2R6T880_9ARCH AAA_23 domain-containing protein OS=archaeon SCG-AAA382B04 OX=2137776 GN=C9439_01345 PE=4 SV=1	KEAKKIVDSNKKDKKKFEKVKKTLKDLKQKRKKLEKLKDEKNSIEK	(284-329)	K	43.48	0.8504
tr|A0A2R6T880|A0A2R6T880_9ARCH AAA_23 domain-containing protein OS=archaeon SCG-AAA382B04 OX=2137776 GN=C9439_01345 PE=4 SV=1	KEKSLKNKVEDLKEKKEKSIPKK	(378-400)	K	43.48	0.7999
tr|A0A2R6T880|A0A2R6T880_9ARCH AAA_23 domain-containing protein OS=archaeon SCG-AAA382B04 OX=2137776 GN=C9439_01345 PE=4 SV=1	KDQIKNKEKIKSELKKLNKKIDSK	(461-484)	K	41.67	0.8339
tr|A0A2R6T880|A0A2R6T880_9ARCH AAA_23 domain-containing protein OS=archaeon SCG-AAA382B04 OX=2137776 GN=C9439_01345 PE=4 SV=1	KRKDKLKNTKNQLEKVKEKEKKLNKKIKQKSEDFSPDK	(534-571)	K	39.47	0.8243
tr|A0A2R6T887|A0A2R6T887_9ARCH DDE_Tnp_1 domain-containing protein OS=archaeon SCG-AAA382B04 OX=2137776 GN=C9439_02285 PE=4 SV=1	KKTNLVKKACKKFKK	(41-55)	K	53.33	0.5905
tr|A0A2R6T893|A0A2R6T893_9ARCH Dihydroxy-acid dehydratase OS=archaeon SCG-AAA382B04 OX=2137776 GN=ilvD PE=3 SV=1	KQLEKRKKEIEIKKYKGK	(511-528)	K	44.44	0.7131
tr|A0A2R6T898|A0A2R6T898_9ARCH Tubulin domain-containing protein OS=archaeon SCG-AAA382B04 OX=2137776 GN=C9439_01115 PE=4 SV=1	KAVEAIKIEKKKKKLREKSEEVFDK	(334-358)	K	36.0	0.6274
tr|A0A2R6T8E4|A0A2R6T8E4_9ARCH UPF0235 protein C9439_01750 OS=archaeon SCG-AAA382B04 OX=2137776 GN=C9439_01750 PE=3 SV=1	KKTLALYGKNKQEIIKKLKK	(78-97)	K	40.0	0.6119
tr|A0A2R6T8F0|A0A2R6T8F0_9ARCH Uncharacterized protein OS=archaeon SCG-AAA382B04 OX=2137776 GN=C9439_02000 PE=4 SV=1	KKELDDLKLVKKLSKIKKK	(290-308)	K	47.37	0.595
tr|A0A2R6T8H1|A0A2R6T8H1_9ARCH Uncharacterized protein OS=archaeon SCG-AAA382B04 OX=2137776 GN=C9439_00765 PE=4 SV=1	KATVEKLLRKYGKQTKIKKKTIRKLRRK	(33-60)	K	35.71	0.8442
tr|A0A2R6T8J1|A0A2R6T8J1_9ARCH N-acetyltransferase domain-containing protein OS=archaeon SCG-AAA382B04 OX=2137776 GN=rimI PE=4 SV=1	KKVGTKLLKKFLKNIKK	(79-95)	K	47.06	0.6906
tr|A0A2R6T8J1|A0A2R6T8J1_9ARCH N-acetyltransferase domain-containing protein OS=archaeon SCG-AAA382B04 OX=2137776 GN=rimI PE=4 SV=1	KSNQKAKKFYKKFGFKEVRKK	(107-127)	K	42.86	0.7602
tr|A0A2R6T8K2|A0A2R6T8K2_9ARCH Replication factor C large subunit OS=archaeon SCG-AAA382B04 OX=2137776 GN=rfcL PE=3 SV=1	KLKDVVGNKKAKKQLKK	(14-30)	K	47.06	0.5902
tr|A0A2R6T8M4|A0A2R6T8M4_9ARCH 6-hydroxymethyl-7,8-dihydropterin pyrophosphokinase OS=archaeon SCG-AAA382B04 OX=2137776 GN=mptE PE=3 SV=1	KAKGTKLKKLKIAKKLINYLKNNK	(181-204)	K	41.67	0.7933
tr|A0A2R6T8P8|A0A2R6T8P8_9ARCH Uncharacterized protein OS=archaeon SCG-AAA382B04 OX=2137776 GN=C9439_00360 PE=4 SV=1	KRGKDGFKEISKKIENKKEK	(101-120)	K	40.0	0.7919
tr|A0A2R6T8R4|A0A2R6T8R4_9ARCH Uncharacterized protein OS=archaeon SCG-AAA382B04 OX=2137776 GN=C9439_00315 PE=4 SV=1	KVYSYMKKEKKKKLEEIKKEIKESGSDQK	(32-60)	K	37.93	0.6815
tr|A0A2R6T8U6|A0A2R6T8U6_9ARCH Uncharacterized protein OS=archaeon SCG-AAA382B04 OX=2137776 GN=C9439_00115 PE=4 SV=1	KRKENKIEKIIEKLKNKIKEK	(72-92)	K	42.86	0.9141
tr|A0A2R6T8U8|A0A2R6T8U8_9ARCH IS630 family transposase OS=archaeon SCG-AAA382B04 OX=2137776 GN=C9439_00285 PE=4 SV=1	KPKLKEKEKEELKEKLK	(85-101)	K	47.06	0.8555
tr|A0A2R6T8W7|A0A2R6T8W7_9ARCH Cas_Cas4 domain-containing protein OS=archaeon SCG-AAA382B04 OX=2137776 GN=C9439_00110 PE=4 SV=1	KTKNISPKTTSKMKKGTKKHKNLEKKHQQKANIK	(22-55)	K	38.24	0.861
tr|A0A2R6T912|A0A2R6T912_9ARCH Uncharacterized protein OS=archaeon SCG-AAA382B04 OX=2137776 GN=C9439_00690 PE=4 SV=1	KAKRTKDSDPLPKQTKKKKQRKNRK	(16-40)	K	40.0	0.7146
tr|A0A2R6T947|A0A2R6T947_9ARCH Ribonuclease P protein component 4 OS=archaeon SCG-AAA382B04 OX=2137776 GN=rnp4 PE=3 SV=1	KIKQKTETKLPKEAKLKICKK	(38-58)	K	42.86	0.8689
tr|A0A2R6T997|A0A2R6T997_9ARCH DNA helicase OS=archaeon SCG-AAA382B04 OX=2137776 GN=C9439_00095 PE=4 SV=1	KNSEKEDIKPIKKEKLIKKHLK	(400-421)	K	40.91	0.8315
tr|A0A2R6T4R7|A0A2R6T4R7_9ARCH Lysine transporter LysE OS=archaeon SCG-AAA382B04 OX=2137776 GN=C9439_07855 PE=4 SV=1	LNTLTTLLGGLLLGLSL	(2-18)	L	52.94	0.7378
tr|A0A2R6T4S1|A0A2R6T4S1_9ARCH Potassium channel protein OS=archaeon SCG-AAA382B04 OX=2137776 GN=C9439_07495 PE=4 SV=1	LLLALLVIITLGTIGFLEL	(14-32)	L	42.11	0.6153
tr|A0A2R6T4V4|A0A2R6T4V4_9ARCH tRNA-intron lyase OS=archaeon SCG-AAA382B04 OX=2137776 GN=C9439_08120 PE=4 SV=1	LELSLIEALYLLNEDKLSL	(33-51)	L	42.11	0.7857
tr|A0A2R6T4V6|A0A2R6T4V6_9ARCH Uncharacterized protein OS=archaeon SCG-AAA382B04 OX=2137776 GN=C9439_07390 PE=4 SV=1	LILIISFLFGLLGILGLL	(32-49)	L	44.44	0.7336
tr|A0A2R6T549|A0A2R6T549_9ARCH Uncharacterized protein OS=archaeon SCG-AAA382B04 OX=2137776 GN=C9439_05910 PE=4 SV=1	LLISFLPVLMSLILYLYL	(43-60)	L	44.44	0.827
tr|A0A2R6T586|A0A2R6T586_9ARCH EamA family transporter OS=archaeon SCG-AAA382B04 OX=2137776 GN=C9439_05870 PE=4 SV=1	LDKVGLIGLGVGFLGILLLL	(120-139)	L	40.0	0.6657
tr|A0A2R6T594|A0A2R6T594_9ARCH Uncharacterized protein OS=archaeon SCG-AAA382B04 OX=2137776 GN=C9439_05920 PE=4 SV=1	LILLIVLVIVILFHLHLIFL	(99-118)	L	40.0	0.8293
tr|A0A2R6T597|A0A2R6T597_9ARCH DDE_Tnp_1 domain-containing protein OS=archaeon SCG-AAA382B04 OX=2137776 GN=C9439_06210 PE=4 SV=1	LLEKLEKELDLDLGLVFYDL	(168-187)	L	40.0	0.8102
tr|A0A2R6T5G2|A0A2R6T5G2_9ARCH Uncharacterized protein OS=archaeon SCG-AAA382B04 OX=2137776 GN=C9439_06365 PE=4 SV=1	LSLILLSLSFFLSLLTANHVL	(37-57)	L	42.86	0.7295
tr|A0A2R6T5I1|A0A2R6T5I1_9ARCH Cytochrom_C_asm domain-containing protein OS=archaeon SCG-AAA382B04 OX=2137776 GN=C9439_06635 PE=3 SV=1	LLNIGRPITLLIILLFTLIL	(122-141)	L	40.0	0.5866
tr|A0A2R6T5I8|A0A2R6T5I8_9ARCH Uncharacterized protein OS=archaeon SCG-AAA382B04 OX=2137776 GN=C9439_06725 PE=4 SV=1	LQDNPLFLLIVLITFLLVLIVVLL	(78-101)	L	41.67	0.7806
tr|A0A2R6T5L5|A0A2R6T5L5_9ARCH DUF4040 domain-containing protein OS=archaeon SCG-AAA382B04 OX=2137776 GN=C9439_06385 PE=4 SV=1	LDLLLLLILPITAL	(5-18)	L	57.14	0.4788
tr|A0A2R6T5V7|A0A2R6T5V7_9ARCH Uncharacterized protein OS=archaeon SCG-AAA382B04 OX=2137776 GN=C9439_05590 PE=4 SV=1	LQERYLKVVFIYLLFLLSLLMGGFL	(20-44)	L	36.0	0.704
tr|A0A2R6T5W5|A0A2R6T5W5_9ARCH Uncharacterized protein OS=archaeon SCG-AAA382B04 OX=2137776 GN=C9439_05640 PE=4 SV=1	LLNALILALVYPLTIFLVNL	(112-131)	L	40.0	0.8492
tr|A0A2R6T5W7|A0A2R6T5W7_9ARCH Uncharacterized protein OS=archaeon SCG-AAA382B04 OX=2137776 GN=C9439_06625 PE=4 SV=1	LLLLTVAILGSIVCLLILL	(3-21)	L	47.37	0.5013
tr|A0A2R6T601|A0A2R6T601_9ARCH Uncharacterized protein OS=archaeon SCG-AAA382B04 OX=2137776 GN=C9439_05290 PE=4 SV=1	LVHLLLGVLLVILIEIGL	(13-30)	L	44.44	0.6744
tr|A0A2R6T631|A0A2R6T631_9ARCH TVP38/TMEM64 family protein OS=archaeon SCG-AAA382B04 OX=2137776 GN=C9439_06935 PE=4 SV=1	LLFLLPGPPDDVLCLLAGLTDLDLKKLMVAVL	(144-175)	L	37.5	0.7723
tr|A0A2R6T6B3|A0A2R6T6B3_9ARCH CDP-diacylglycerol--serine O-phosphatidyltransferase OS=archaeon SCG-AAA382B04 OX=2137776 GN=C9439_04760 PE=4 SV=1	LASLGNLLLGFLGVIFLL	(17-34)	L	44.44	0.6744
tr|A0A2R6T6C0|A0A2R6T6C0_9ARCH Phosphatidylserine decarboxylase family protein OS=archaeon SCG-AAA382B04 OX=2137776 GN=C9439_04755 PE=4 SV=1	LIFLYFEVFLVFIVLLLVLLFL	(21-42)	L	40.91	0.6908
tr|A0A2R6T6I1|A0A2R6T6I1_9ARCH Uncharacterized protein OS=archaeon SCG-AAA382B04 OX=2137776 GN=C9439_04445 PE=4 SV=1	LLKVGAPFLSLVLLLSGLAFYYQLKL	(85-110)	L	38.46	0.7007
tr|A0A2R6T6J3|A0A2R6T6J3_9ARCH Uncharacterized protein OS=archaeon SCG-AAA382B04 OX=2137776 GN=C9439_04500 PE=4 SV=1	LSLSLISLLLVLLAILFYYL	(17-36)	L	50.0	0.7443
tr|A0A2R6T6K2|A0A2R6T6K2_9ARCH Uncharacterized protein OS=archaeon SCG-AAA382B04 OX=2137776 GN=C9439_04310 PE=4 SV=1	LLNITLALLIILILVLAL	(13-30)	L	50.0	0.7789
tr|A0A2R6T6R7|A0A2R6T6R7_9ARCH Oligosaccharyl transferase OS=archaeon SCG-AAA382B04 OX=2137776 GN=C9439_03590 PE=3 SV=1	LLGILLSYPILLFDNSLSNL	(252-271)	L	40.0	0.7096
tr|A0A2R6T6T0|A0A2R6T6T0_9ARCH Uncharacterized protein OS=archaeon SCG-AAA382B04 OX=2137776 GN=C9439_03585 PE=4 SV=1	LMFIVPIALLLLVLQNLGQL	(234-253)	L	40.0	0.5503
tr|A0A2R6T6T0|A0A2R6T6T0_9ARCH Uncharacterized protein OS=archaeon SCG-AAA382B04 OX=2137776 GN=C9439_03585 PE=4 SV=1	LIGLLKPVSFLILYLILLIL	(380-399)	L	45.0	0.7139
tr|A0A2R6T6X8|A0A2R6T6X8_9ARCH Glyco_trans_2-like domain-containing protein OS=archaeon SCG-AAA382B04 OX=2137776 GN=C9439_03840 PE=4 SV=1	LLFLLLFISLISIPITLLTIL	(219-239)	L	42.86	0.6107
tr|A0A2R6T6X9|A0A2R6T6X9_9ARCH Yip1 domain-containing protein OS=archaeon SCG-AAA382B04 OX=2137776 GN=C9439_04455 PE=4 SV=1	LKKSLFSVFLILLMLFFLLNQEIFALIL	(161-188)	L	35.71	0.7813
tr|A0A2R6T739|A0A2R6T739_9ARCH Uncharacterized protein OS=archaeon SCG-AAA382B04 OX=2137776 GN=C9439_03570 PE=4 SV=1	LLSLLLLTTILL	(6-17)	L	66.67	0.6245
tr|A0A2R6T777|A0A2R6T777_9ARCH Glyco_trans_2-like domain-containing protein OS=archaeon SCG-AAA382B04 OX=2137776 GN=C9439_03960 PE=4 SV=1	LPRELLALLAIFLQSTLFLREKRL	(236-259)	L	37.5	0.8101
tr|A0A2R6T778|A0A2R6T778_9ARCH Cation transporter OS=archaeon SCG-AAA382B04 OX=2137776 GN=C9439_03260 PE=4 SV=1	LIALYTGFTLLIPLLLLIAFPEELHLAPSFLL	(27-58)	L	37.5	0.7231
tr|A0A2R6T778|A0A2R6T778_9ARCH Cation transporter OS=archaeon SCG-AAA382B04 OX=2137776 GN=C9439_03260 PE=4 SV=1	LLGWGGLPLLILATLMLL	(337-354)	L	50.0	0.69
tr|A0A2R6T788|A0A2R6T788_9ARCH Uncharacterized protein OS=archaeon SCG-AAA382B04 OX=2137776 GN=C9439_04025 PE=4 SV=1	LICLLGVLLLRDKLPIWLLTLLVFSGL	(142-168)	L	44.44	0.7489
tr|A0A2R6T7A9|A0A2R6T7A9_9ARCH Uncharacterized protein OS=archaeon SCG-AAA382B04 OX=2137776 GN=C9439_03925 PE=4 SV=1	LLKQYNLSLTQTLLFDALEL	(145-164)	L	40.0	0.7574
tr|A0A2R6T7B1|A0A2R6T7B1_9ARCH Membrane protein FxsA OS=archaeon SCG-AAA382B04 OX=2137776 GN=C9439_03470 PE=4 SV=1	LLKLILIFITLPLIDLILLL	(2-21)	L	50.0	0.709
tr|A0A2R6T7B3|A0A2R6T7B3_9ARCH Pyr_redox_2 domain-containing protein OS=archaeon SCG-AAA382B04 OX=2137776 GN=C9439_03485 PE=4 SV=1	LDTLLLDKGDNLLNKVDLL	(28-46)	L	42.11	0.5867
tr|A0A2R6T7D0|A0A2R6T7D0_9ARCH Uncharacterized protein OS=archaeon SCG-AAA382B04 OX=2137776 GN=C9439_02815 PE=4 SV=1	LFFPLALPLLLIFFLIPFFLAYL	(6-28)	L	39.13	0.7915
tr|A0A2R6T7F9|A0A2R6T7F9_9ARCH T2SSF domain-containing protein OS=archaeon SCG-AAA382B04 OX=2137776 GN=C9439_02545 PE=4 SV=1	LYYIIYLLLPLGGLFFVVLLKL	(141-162)	L	40.91	0.6908
tr|A0A2R6T7M7|A0A2R6T7M7_9ARCH Uncharacterized protein OS=archaeon SCG-AAA382B04 OX=2137776 GN=C9439_02120 PE=4 SV=1	LTWIFLLIFLALLLLIMSFSSFLIEL	(94-119)	L	38.46	0.6514
tr|A0A2R6T7N3|A0A2R6T7N3_9ARCH Zinc transporter ZupT OS=archaeon SCG-AAA382B04 OX=2137776 GN=C9439_02335 PE=4 SV=1	LLFLSPFLNELTLNLTL	(190-206)	L	47.06	0.7916
tr|A0A2R6T7N8|A0A2R6T7N8_9ARCH Uncharacterized protein OS=archaeon SCG-AAA382B04 OX=2137776 GN=C9439_02785 PE=4 SV=1	LISLLLILFILLFL	(6-19)	L	57.14	0.7616
tr|A0A2R6T7P2|A0A2R6T7P2_9ARCH N6_N4_Mtase domain-containing protein OS=archaeon SCG-AAA382B04 OX=2137776 GN=C9439_02155 PE=4 SV=1	LEFLRKRLLLLKKLL	(111-125)	L	53.33	0.5673
tr|A0A2R6T7T1|A0A2R6T7T1_9ARCH CTP-dependent riboflavin kinase OS=archaeon SCG-AAA382B04 OX=2137776 GN=C9439_02535 PE=3 SV=1	LLKLLKKLALKNDLSL	(5-20)	L	50.0	0.7452
tr|A0A2R6T812|A0A2R6T812_9ARCH Uncharacterized protein OS=archaeon SCG-AAA382B04 OX=2137776 GN=C9439_01950 PE=4 SV=1	LLGFLRGNFFLGLLQKLLSSL	(59-79)	L	42.86	0.7149
tr|A0A2R6T863|A0A2R6T863_9ARCH Uncharacterized protein OS=archaeon SCG-AAA382B04 OX=2137776 GN=C9439_01400 PE=4 SV=1	LSDLFFILLLLVFLIQLAIDRFL	(196-218)	L	39.13	0.7174
tr|A0A2R6T874|A0A2R6T874_9ARCH Uncharacterized protein OS=archaeon SCG-AAA382B04 OX=2137776 GN=C9439_02225 PE=4 SV=1	LRLLNKSINVLLKLGILVL	(68-86)	L	42.11	0.6454
tr|A0A2R6T882|A0A2R6T882_9ARCH Uncharacterized protein OS=archaeon SCG-AAA382B04 OX=2137776 GN=C9439_01215 PE=4 SV=1	LFSILFTIGLFILGLLILHLL	(187-207)	L	42.86	0.7764
tr|A0A2R6T8E0|A0A2R6T8E0_9ARCH Zinc metalloprotease OS=archaeon SCG-AAA382B04 OX=2137776 GN=C9439_01945 PE=3 SV=1	LAYGLGGLLAILFFLCILLHEL	(47-68)	L	40.91	0.8484
tr|A0A2R6T8I7|A0A2R6T8I7_9ARCH Uncharacterized protein OS=archaeon SCG-AAA382B04 OX=2137776 GN=C9439_00695 PE=4 SV=1	LLIAGAPFLSLVLLFLVLALYYQLKL	(74-99)	L	42.31	0.7578
tr|A0A2R6T8L1|A0A2R6T8L1_9ARCH Protein translocase subunit SecY OS=archaeon SCG-AAA382B04 OX=2137776 GN=secY PE=3 SV=1	LNQILSLPGLQNLLLNGGILALIGTL	(227-252)	L	38.46	0.8278
tr|A0A2R6T8N4|A0A2R6T8N4_9ARCH Uncharacterized protein OS=archaeon SCG-AAA382B04 OX=2137776 GN=C9439_00440 PE=4 SV=1	LKKHIKLLFLLFLILITLSGCL	(2-23)	L	40.91	0.7559
tr|A0A2R6T8N7|A0A2R6T8N7_9ARCH Cobalt ECF transporter T component CbiQ OS=archaeon SCG-AAA382B04 OX=2137776 GN=cbiQ PE=4 SV=1	LIAFLLLIILSISLSELYLLVSVFL	(41-65)	L	40.0	0.7883
tr|A0A2R6T8T2|A0A2R6T8T2_9ARCH XapX domain-containing protein OS=archaeon SCG-AAA382B04 OX=2137776 GN=C9439_00190 PE=4 SV=1	LTPLFALLTGLSVGVLFALL	(4-23)	L	40.0	0.7919
tr|A0A2R6T8U3|A0A2R6T8U3_9ARCH Uncharacterized protein OS=archaeon SCG-AAA382B04 OX=2137776 GN=C9439_00985 PE=4 SV=1	LPKALSALFLPFPLLLISL	(246-264)	L	42.11	0.7658
tr|A0A2R6T7J0|A0A2R6T7J0_9ARCH Uncharacterized protein OS=archaeon SCG-AAA382B04 OX=2137776 GN=C9439_03040 PE=4 SV=1	NNPYFNSNPPNNQNMKNLNKPN	(12-33)	N	45.45	0.8258
tr|A0A2R6T733|A0A2R6T733_9ARCH Peptidase_S24 domain-containing protein OS=archaeon SCG-AAA382B04 OX=2137776 GN=C9439_02865 PE=4 SV=1	PPSIEPPVTPPHPPAP	(342-357)	P	56.25	0.7422
tr|A0A2R6T5S4|A0A2R6T5S4_9ARCH Uncharacterized protein OS=archaeon SCG-AAA382B04 OX=2137776 GN=C9439_05805 PE=4 SV=1	QRAQTVGTAQAQNYGQAQQQAQAQFASQ	(89-116)	Q	39.29	0.8126
tr|A0A2R6T5S4|A0A2R6T5S4_9ARCH Uncharacterized protein OS=archaeon SCG-AAA382B04 OX=2137776 GN=C9439_05805 PE=4 SV=1	QQQRAQQELDAQYQQQLQQLYEPYQ	(152-176)	Q	48.0	0.6272
tr|A0A2R6T6K5|A0A2R6T6K5_9ARCH Proteasome assembly chaperone family protein OS=archaeon SCG-AAA382B04 OX=2137776 GN=C9439_04690 PE=4 SV=1	QKIKQKKQAQQQGQAPQ	(229-245)	Q	47.06	0.7136
tr|A0A2R6T6N4|A0A2R6T6N4_9ARCH Uncharacterized protein OS=archaeon SCG-AAA382B04 OX=2137776 GN=C9439_03565 PE=4 SV=1	QAQQQNQTWKQQIIQ	(29-43)	Q	53.33	0.6667
tr|A0A2R6T4I3|A0A2R6T4I3_9ARCH HNHc domain-containing protein OS=archaeon SCG-AAA382B04 OX=2137776 GN=C9439_01890 PE=4 SV=1	RKKYRRQRRHRNTRYREPRFDNR	(53-75)	R	43.48	0.8307
tr|A0A2R6T540|A0A2R6T540_9ARCH HNHc domain-containing protein OS=archaeon SCG-AAA382B04 OX=2137776 GN=C9439_07020 PE=4 SV=1	RTDIRSKMDKRRKYRRARRTRKTRYREPRFDNRRREKR	(86-123)	R	42.11	0.8314
tr|A0A2R6T547|A0A2R6T547_9ARCH RRXRR domain-containing protein OS=archaeon SCG-AAA382B04 OX=2137776 GN=C9439_05880 PE=4 SV=1	RMDKRRERRRNRRYRKTRRREKRFDNR	(94-120)	R	51.85	0.7391
tr|A0A2R6T6E7|A0A2R6T6E7_9ARCH HNHc domain-containing protein OS=archaeon SCG-AAA382B04 OX=2137776 GN=C9439_04725 PE=4 SV=1	RMKYRKNRRSRNTRYRKPRFDNR	(98-120)	R	39.13	0.8805
tr|A0A2R6T6K9|A0A2R6T6K9_9ARCH RRXRR domain-containing protein OS=archaeon SCG-AAA382B04 OX=2137776 GN=C9439_04345 PE=4 SV=1	RRERRRNRRYRKTRRREERFDNR	(4-26)	R	56.52	0.7854
tr|A0A2R6T6N6|A0A2R6T6N6_9ARCH RRXRR domain-containing protein OS=archaeon SCG-AAA382B04 OX=2137776 GN=C9439_03545 PE=4 SV=1	RMDKRGERRRNRRYRKTRRRPERFDNR	(94-120)	R	48.15	0.7391
tr|A0A2R6T7T0|A0A2R6T7T0_9ARCH RRXRR domain-containing protein OS=archaeon SCG-AAA382B04 OX=2137776 GN=C9439_03530 PE=4 SV=1	RVSDRMDKRRERRRNRRYRKTRRREKRFDNR	(90-120)	R	48.39	0.7514
tr|A0A2R6T7Y3|A0A2R6T7Y3_9ARCH Uncharacterized protein OS=archaeon SCG-AAA382B04 OX=2137776 GN=C9439_01810 PE=4 SV=1	RYKVRVHRSLTRIIRVIRRR	(309-328)	R	40.0	0.7919
tr|A0A2R6T4Y2|A0A2R6T4Y2_9ARCH Uncharacterized protein OS=archaeon SCG-AAA382B04 OX=2137776 GN=C9439_07320 PE=4 SV=1	SHSLNSSSLASFANTSFATSSS	(160-181)	S	45.45	0.6902
tr|A0A2R6T5Y0|A0A2R6T5Y0_9ARCH OrfB_Zn_ribbon domain-containing protein OS=archaeon SCG-AAA382B04 OX=2137776 GN=C9439_05645 PE=4 SV=1	SSFSPSSSSSPEGDNPS	(208-224)	S	52.94	0.4036
tr|A0A2R6T6Y2|A0A2R6T6Y2_9ARCH Uncharacterized protein OS=archaeon SCG-AAA382B04 OX=2137776 GN=C9439_04065 PE=4 SV=1	SKMNSSIPPISSISWSS	(39-55)	S	47.06	0.628
tr|A0A2R6T4Q7|A0A2R6T4Q7_9ARCH Chaperone protein DnaK OS=archaeon SCG-AAA382B04 OX=2137776 GN=dnaK PE=3 SV=1	TKLIERNTTIPTEETKTFTTAVNNQT	(382-407)	T	34.62	0.7431
tr|A0A2R6T5L1|A0A2R6T5L1_9ARCH CcmF_C domain-containing protein OS=archaeon SCG-AAA382B04 OX=2137776 GN=C9439_06640 PE=4 SV=1	TGVLLTSIFATTTTLTFTQDGQRTFEGYT	(143-171)	T	34.48	0.7511
tr|A0A2R6T6N4|A0A2R6T6N4_9ARCH Uncharacterized protein OS=archaeon SCG-AAA382B04 OX=2137776 GN=C9439_03565 PE=4 SV=1	TTTIITILLLTTLTTFTPTITAQAQQQNQT	(7-36)	T	40.0	0.6804
tr|A0A2R6T7E7|A0A2R6T7E7_9ARCH TGc domain-containing protein OS=archaeon SCG-AAA382B04 OX=2137776 GN=C9439_03025 PE=4 SV=1	TTTKTTTLKENTT	(283-295)	T	61.54	0.5528
tr|A0A2R6T8D4|A0A2R6T8D4_9ARCH Uncharacterized protein OS=archaeon SCG-AAA382B04 OX=2137776 GN=C9439_01170 PE=4 SV=1	TITVTNTDTGETVTDVDTNHT	(1144-1164)	T	42.86	0.9141
tr|A0A2R6T8D4|A0A2R6T8D4_9ARCH Uncharacterized protein OS=archaeon SCG-AAA382B04 OX=2137776 GN=C9439_01170 PE=4 SV=1	TLDGTTKTADTSGQVTFTVTEAADLTFTATKAETETATTVKTYTQDTHT	(1671-1719)	T	38.78	0.9073
tr|A0A2R6T8M2|A0A2R6T8M2_9ARCH Uncharacterized protein OS=archaeon SCG-AAA382B04 OX=2137776 GN=C9439_00505 PE=4 SV=1	TTLHMEENTHTQTPKTTLTFSMSGITTMT	(24-52)	T	37.93	0.7228
tr|A0A2R6T4G7|A0A2R6T4G7_9ARCH N-acetyltransferase domain-containing protein OS=archaeon SCG-AAA382B04 OX=2137776 GN=C9439_08110 PE=4 SV=1	VEKGKRVQLVVEVDGVVVGSTSV	(67-89)	V	39.13	0.7174
tr|A0A2R6T6D8|A0A2R6T6D8_9ARCH MULTIHEME_CYTC domain-containing protein OS=archaeon SCG-AAA382B04 OX=2137776 GN=C9439_05045 PE=4 SV=1	VKKWALVVIVVGVVVGLATVPGV	(3-25)	V	43.48	0.6733
tr|A0A2R6T6I2|A0A2R6T6I2_9ARCH CARDB domain-containing protein OS=archaeon SCG-AAA382B04 OX=2137776 GN=C9439_04435 PE=4 SV=1	VVTVFVFVLVSFLSFSVV	(22-39)	V	44.44	0.6048
tr|A0A2R6T7X7|A0A2R6T7X7_9ARCH 4-hydroxy-tetrahydrodipicolinate synthase OS=archaeon SCG-AAA382B04 OX=2137776 GN=dapA PE=3 SV=1	VTEVVVDHVDNRVPVV	(60-75)	V	50.0	0.6664
