Protein ID	Domain Sequence	Domain Boundaries	LCD Class	Final Domain Composition	Final Domain Linear Dispersion
tr|A0A133UBM3|A0A133UBM3_9EURY SBP_bac_5 domain-containing protein OS=candidate division MSBL1 archaeon SCGC-AAA259D18 OX=1698262 GN=AKJ63_01255 PE=4 SV=1	ALTSAQDAKASADSAVDAAEAAESAANDAKAAADDATAAAEEAGGA	(478-523)	A	47.83	0.8496
tr|A0A133UCH6|A0A133UCH6_9EURY Uncharacterized protein OS=candidate division MSBL1 archaeon SCGC-AAA259D18 OX=1698262 GN=AKJ63_00715 PE=4 SV=1	AGAEKADAMAAVAAA	(61-75)	A	60.0	0.8678
tr|A0A133UCJ3|A0A133UCJ3_9EURY Pyridoxal 5'-phosphate synthase subunit PdxS OS=candidate division MSBL1 archaeon SCGC-AAA259D18 OX=1698262 GN=pdxS PE=3 SV=1	AQIAEEAGAVAVMALQAVPA	(39-58)	A	40.0	0.9416
tr|A0A133U9U0|A0A133U9U0_9EURY Toprim domain-containing protein OS=candidate division MSBL1 archaeon SCGC-AAA259D18 OX=1698262 GN=AKJ63_02095 PE=4 SV=1	EPEVFEELEKTLEEIRE	(3-19)	E	47.06	0.7378
tr|A0A133U9U6|A0A133U9U6_9EURY Uncharacterized protein OS=candidate division MSBL1 archaeon SCGC-AAA259D18 OX=1698262 GN=AKJ63_02035 PE=4 SV=1	EDVEEWHEEEEEIMETEEAIVGKEE	(377-401)	E	52.0	0.6184
tr|A0A133U9U6|A0A133U9U6_9EURY Uncharacterized protein OS=candidate division MSBL1 archaeon SCGC-AAA259D18 OX=1698262 GN=AKJ63_02035 PE=4 SV=1	EEKAREMFEDDKRVMEEEE	(503-521)	E	42.11	0.5329
tr|A0A133UA13|A0A133UA13_9EURY Methyltransf_25 domain-containing protein OS=candidate division MSBL1 archaeon SCGC-AAA259D18 OX=1698262 GN=AKJ63_01965 PE=4 SV=1	EEGEYEGEYRKNRELREFE	(10-28)	E	42.11	0.7468
tr|A0A133UA57|A0A133UA57_9EURY Peripla_BP_4 domain-containing protein OS=candidate division MSBL1 archaeon SCGC-AAA259D18 OX=1698262 GN=AKJ63_01920 PE=4 SV=1	EEIESETVEVESGETKDVE	(10-28)	E	42.11	0.8065
tr|A0A133UAJ2|A0A133UAJ2_9EURY Uroporphyrinogen_deCOase domain-containing protein OS=candidate division MSBL1 archaeon SCGC-AAA259D18 OX=1698262 GN=AKJ63_01770 PE=4 SV=1	EEYEEEYVWPEPEEEKIVQNAEE	(124-146)	E	47.83	0.5526
tr|A0A133UAZ2|A0A133UAZ2_9EURY Glycoside hydrolase family 2 OS=candidate division MSBL1 archaeon SCGC-AAA259D18 OX=1698262 GN=AKJ63_01590 PE=3 SV=1	ENEEFVEEWLEGVDEEKVE	(423-441)	E	47.37	0.7289
tr|A0A133UB68|A0A133UB68_9EURY Uncharacterized protein OS=candidate division MSBL1 archaeon SCGC-AAA259D18 OX=1698262 GN=AKJ63_01460 PE=4 SV=1	EGRRETEEKGAEKKESGEEDAEREDEENE	(3-31)	E	44.83	0.848
tr|A0A133UBC7|A0A133UBC7_9EURY DHNA domain-containing protein OS=candidate division MSBL1 archaeon SCGC-AAA259D18 OX=1698262 GN=AKJ63_01410 PE=4 SV=1	EAEAEISETEKENENSYEYPE	(68-88)	E	42.86	0.9141
tr|A0A133UBG0|A0A133UBG0_9EURY Helicase C-terminal domain-containing protein OS=candidate division MSBL1 archaeon SCGC-AAA259D18 OX=1698262 GN=AKJ63_01385 PE=4 SV=1	EELIRDAEEYSPPERKEEPE	(125-144)	E	40.0	0.6657
tr|A0A133UBT8|A0A133UBT8_9EURY Uncharacterized protein OS=candidate division MSBL1 archaeon SCGC-AAA259D18 OX=1698262 GN=AKJ63_01115 PE=4 SV=1	ENCPVEKSWEKGEVEREEVE	(207-226)	E	40.0	0.8102
tr|A0A133UC03|A0A133UC03_9EURY DNA polymerase OS=candidate division MSBL1 archaeon SCGC-AAA259D18 OX=1698262 GN=AKJ63_01080 PE=3 SV=1	EGQEEMLEELSEADDEEE	(600-617)	E	50.0	0.6705
tr|A0A133UC08|A0A133UC08_9EURY Uncharacterized protein OS=candidate division MSBL1 archaeon SCGC-AAA259D18 OX=1698262 GN=AKJ63_01085 PE=4 SV=1	EEELERWKEFKESLRKDERE	(15-34)	E	40.0	0.7096
tr|A0A133UC08|A0A133UC08_9EURY Uncharacterized protein OS=candidate division MSBL1 archaeon SCGC-AAA259D18 OX=1698262 GN=AKJ63_01085 PE=4 SV=1	EKRLETIEEKLEEIEEE	(71-87)	E	52.94	0.6688
tr|A0A133UC63|A0A133UC63_9EURY Uncharacterized protein OS=candidate division MSBL1 archaeon SCGC-AAA259D18 OX=1698262 GN=AKJ63_00990 PE=4 SV=1	EEKESEKKERETLKESPEKME	(6-26)	E	42.86	0.8689
tr|A0A133UC85|A0A133UC85_9EURY Transcription factor E OS=candidate division MSBL1 archaeon SCGC-AAA259D18 OX=1698262 GN=tfe PE=3 SV=1	EHGSEVVEVLLGEEESTDEEIANE	(23-46)	E	37.5	0.7742
tr|A0A133UCA2|A0A133UCA2_9EURY Formylmethanofuran dehydrogenase OS=candidate division MSBL1 archaeon SCGC-AAA259D18 OX=1698262 GN=AKJ63_01040 PE=3 SV=1	EGNQERKLEDFFDVEEEEEDEGTIE	(39-63)	E	40.0	0.677
tr|A0A133UCE1|A0A133UCE1_9EURY Glyco_transf_20 domain-containing protein OS=candidate division MSBL1 archaeon SCGC-AAA259D18 OX=1698262 GN=AKJ63_00565 PE=4 SV=1	EEENSYELKRIHLSEEEVE	(73-91)	E	42.11	0.483
tr|A0A133UCI5|A0A133UCI5_9EURY ATPase P OS=candidate division MSBL1 archaeon SCGC-AAA259D18 OX=1698262 GN=AKJ63_00560 PE=3 SV=1	EELDIEIKELEIAESMEERGE	(497-517)	E	42.86	0.8291
tr|A0A133UCK2|A0A133UCK2_9EURY TGc domain-containing protein OS=candidate division MSBL1 archaeon SCGC-AAA259D18 OX=1698262 GN=AKJ63_00360 PE=4 SV=1	EEEGGKEETENEPTGTDNE	(27-45)	E	42.11	0.5867
tr|A0A133UCK8|A0A133UCK8_9EURY DEDD_Tnp_IS110 domain-containing protein OS=candidate division MSBL1 archaeon SCGC-AAA259D18 OX=1698262 GN=AKJ63_00445 PE=4 SV=1	ERIDRIEKEVKEKAEEREE	(185-203)	E	42.11	0.7108
tr|A0A133UCL2|A0A133UCL2_9EURY Uncharacterized protein OS=candidate division MSBL1 archaeon SCGC-AAA259D18 OX=1698262 GN=AKJ63_00400 PE=4 SV=1	EEVKFWTEVNEEFKEQSEELEPTQSE	(73-98)	E	38.46	0.7747
tr|A0A133UCL3|A0A133UCL3_9EURY Uncharacterized protein OS=candidate division MSBL1 archaeon SCGC-AAA259D18 OX=1698262 GN=AKJ63_00440 PE=4 SV=1	EKEEMEEGFEEETEEEGEEGE	(52-72)	E	66.67	0.9157
tr|A0A133UCL6|A0A133UCL6_9EURY Probable glycine cleavage system H protein OS=candidate division MSBL1 archaeon SCGC-AAA259D18 OX=1698262 GN=gcvH PE=3 SV=1	ERELENLMDSEAYEEFLESEE	(118-138)	E	42.86	0.7446
tr|A0A133UCR8|A0A133UCR8_9EURY ZnMc domain-containing protein OS=candidate division MSBL1 archaeon SCGC-AAA259D18 OX=1698262 GN=AKJ63_00255 PE=4 SV=1	EKGEGPSGEAEEEEEGASE	(444-462)	E	47.37	0.5529
tr|A0A133UCU6|A0A133UCU6_9EURY Uncharacterized protein OS=candidate division MSBL1 archaeon SCGC-AAA259D18 OX=1698262 GN=AKJ63_00135 PE=3 SV=1	ELARLVEIEREEEMRRHEEEIKRLSGHERE	(84-113)	E	36.67	0.6888
tr|A0A133UCU8|A0A133UCU8_9EURY Acetylglutamate kinase OS=candidate division MSBL1 archaeon SCGC-AAA259D18 OX=1698262 GN=argB PE=3 SV=1	ESEEELGFVGEVEEINPEIVE	(133-153)	E	42.86	0.6869
tr|A0A133UCV3|A0A133UCV3_9EURY Sugar isomerase OS=candidate division MSBL1 archaeon SCGC-AAA259D18 OX=1698262 GN=fucI PE=3 SV=1	EEKIYDEEEFEKALDWVEE	(222-240)	E	42.11	0.5329
tr|A0A133UCV5|A0A133UCV5_9EURY Arginine--tRNA ligase OS=candidate division MSBL1 archaeon SCGC-AAA259D18 OX=1698262 GN=argS PE=3 SV=1	ERVESEPELEEEAREVLSRIEEGEGELAQE	(192-221)	E	43.33	0.8043
tr|A0A133UCX0|A0A133UCX0_9EURY UPF0282 protein AKJ63_00070 OS=candidate division MSBL1 archaeon SCGC-AAA259D18 OX=1698262 GN=AKJ63_00070 PE=3 SV=1	EARRKELHEEEPIEEEWYERLEEGELGEGLEE	(286-317)	E	46.88	0.7752
tr|A0A133U996|A0A133U996_9EURY Uncharacterized protein OS=candidate division MSBL1 archaeon SCGC-AAA259D18 OX=1698262 GN=AKJ63_02215 PE=4 SV=1	FSTLLFFAIWGFLYFNFNFF	(226-245)	F	40.0	0.741
tr|A0A133UCC4|A0A133UCC4_9EURY Uncharacterized protein OS=candidate division MSBL1 archaeon SCGC-AAA259D18 OX=1698262 GN=AKJ63_00720 PE=4 SV=1	GGGGRTGPGGRRG	(146-158)	G	61.54	0.6811
tr|A0A133UCH6|A0A133UCH6_9EURY Uncharacterized protein OS=candidate division MSBL1 archaeon SCGC-AAA259D18 OX=1698262 GN=AKJ63_00715 PE=4 SV=1	GPGMYGLLGFGGGG	(132-145)	G	57.14	0.6936
tr|A0A133UCT1|A0A133UCT1_9EURY Thermosome subunit OS=candidate division MSBL1 archaeon SCGC-AAA259D18 OX=1698262 GN=AKJ63_00140 PE=3 SV=1	GGPGGPGGAPGGAPPGGPGGAPGGMPGG	(533-560)	G	57.14	0.8391
tr|A0A133UCH1|A0A133UCH1_9EURY Uncharacterized protein OS=candidate division MSBL1 archaeon SCGC-AAA259D18 OX=1698262 GN=AKJ63_00510 PE=4 SV=1	HRHSHTHERGRHEHYHLH	(106-123)	H	44.44	0.827
tr|A0A133U9B5|A0A133U9B5_9EURY Uncharacterized protein OS=candidate division MSBL1 archaeon SCGC-AAA259D18 OX=1698262 GN=AKJ63_02205 PE=4 SV=1	ILPIIGLIFGIIII	(4-17)	I	57.14	0.633
tr|A0A133UAX5|A0A133UAX5_9EURY Uncharacterized protein OS=candidate division MSBL1 archaeon SCGC-AAA259D18 OX=1698262 GN=AKJ63_01635 PE=4 SV=1	IRGTILLYIIIAILLIISFLI	(251-271)	I	42.86	0.7446
tr|A0A133UBF8|A0A133UBF8_9EURY SSD domain-containing protein OS=candidate division MSBL1 archaeon SCGC-AAA259D18 OX=1698262 GN=AKJ63_01320 PE=4 SV=1	IIPSMRNSIILAIIFVII	(161-178)	I	44.44	0.5426
tr|A0A133UCQ4|A0A133UCQ4_9EURY Uncharacterized protein OS=candidate division MSBL1 archaeon SCGC-AAA259D18 OX=1698262 GN=AKJ63_00200 PE=4 SV=1	ITTVAVIIYSIAIISIMSLIGGGI	(68-91)	I	37.5	0.7859
tr|A0A133UAV3|A0A133UAV3_9EURY Ribosomal RNA large subunit methyltransferase E OS=candidate division MSBL1 archaeon SCGC-AAA259D18 OX=1698262 GN=rlmE PE=3 SV=1	KRWQKKRKNEHYYKKAKK	(3-20)	K	44.44	0.6214
tr|A0A133UAX4|A0A133UAX4_9EURY Uncharacterized protein OS=candidate division MSBL1 archaeon SCGC-AAA259D18 OX=1698262 GN=AKJ63_01595 PE=4 SV=1	KKISLPQRKKKVKNPTIKIK	(24-43)	K	40.0	0.5991
tr|A0A133UB28|A0A133UB28_9EURY Uncharacterized protein OS=candidate division MSBL1 archaeon SCGC-AAA259D18 OX=1698262 GN=AKJ63_01495 PE=4 SV=1	KIKPKKNYGGTKGLKKQIMKKAGK	(383-406)	K	41.67	0.7563
tr|A0A133UBB2|A0A133UBB2_9EURY DDE_Tnp_1 domain-containing protein OS=candidate division MSBL1 archaeon SCGC-AAA259D18 OX=1698262 GN=AKJ63_01415 PE=4 SV=1	KKTNLVKKACKKFKK	(200-214)	K	53.33	0.5905
tr|A0A133UBV3|A0A133UBV3_9EURY DDE_Tnp_1 domain-containing protein OS=candidate division MSBL1 archaeon SCGC-AAA259D18 OX=1698262 GN=AKJ63_01140 PE=4 SV=1	KKTNPVKKTCKKFKK	(200-214)	K	53.33	0.5905
tr|A0A133UAG5|A0A133UAG5_9EURY Uncharacterized protein OS=candidate division MSBL1 archaeon SCGC-AAA259D18 OX=1698262 GN=AKJ63_01795 PE=4 SV=1	LPPLSRTLLLTLIGGGTLVLL	(65-85)	L	42.86	0.6869
tr|A0A133UB69|A0A133UB69_9EURY Uncharacterized protein OS=candidate division MSBL1 archaeon SCGC-AAA259D18 OX=1698262 GN=AKJ63_01520 PE=4 SV=1	LSILLLLAAGLVSREVGLL	(7-25)	L	42.11	0.5329
tr|A0A133UB69|A0A133UB69_9EURY Uncharacterized protein OS=candidate division MSBL1 archaeon SCGC-AAA259D18 OX=1698262 GN=AKJ63_01520 PE=4 SV=1	LMPVLGWVLLHLLEVGSLGLKTGVLML	(230-256)	L	37.04	0.8211
tr|A0A133UBJ2|A0A133UBJ2_9EURY DDE_5 domain-containing protein OS=candidate division MSBL1 archaeon SCGC-AAA259D18 OX=1698262 GN=AKJ63_01300 PE=4 SV=1	LAMLLLLEMKLKLGEETPAL	(375-394)	L	40.0	0.5991
tr|A0A133UBK5|A0A133UBK5_9EURY Uncharacterized protein OS=candidate division MSBL1 archaeon SCGC-AAA259D18 OX=1698262 GN=AKJ63_01310 PE=4 SV=1	LLFCLLGLSEKLSKRRDLKL	(37-56)	L	40.0	0.7251
tr|A0A133UC87|A0A133UC87_9EURY Uncharacterized protein OS=candidate division MSBL1 archaeon SCGC-AAA259D18 OX=1698262 GN=AKJ63_00870 PE=4 SV=1	LRNYLFLISLLFLIDGLYL	(86-104)	L	42.11	0.8284
tr|A0A133UCB9|A0A133UCB9_9EURY Uncharacterized protein OS=candidate division MSBL1 archaeon SCGC-AAA259D18 OX=1698262 GN=AKJ63_00635 PE=4 SV=1	LSLLPPFLVWMPELMGLSLLLLWVPLILATAL	(228-259)	L	40.62	0.787
tr|A0A133UCD0|A0A133UCD0_9EURY ORC1-type DNA replication protein OS=candidate division MSBL1 archaeon SCGC-AAA259D18 OX=1698262 GN=AKJ63_00705 PE=3 SV=1	LGDLSKHELLFLLGLSRRL	(293-311)	L	42.11	0.7468
tr|A0A133UCG1|A0A133UCG1_9EURY Histidine kinase domain-containing protein OS=candidate division MSBL1 archaeon SCGC-AAA259D18 OX=1698262 GN=AKJ63_00485 PE=4 SV=1	LLLTTDLHDIWMRLPVLGLL	(88-107)	L	40.0	0.6249
tr|A0A133UCH4|A0A133UCH4_9EURY Uncharacterized protein OS=candidate division MSBL1 archaeon SCGC-AAA259D18 OX=1698262 GN=AKJ63_00415 PE=4 SV=1	LGYPLYLLLNVGLPLL	(26-41)	L	50.0	0.6429
tr|A0A133UCJ6|A0A133UCJ6_9EURY PDZ domain-containing protein OS=candidate division MSBL1 archaeon SCGC-AAA259D18 OX=1698262 GN=AKJ63_00610 PE=4 SV=1	LKWMFALNLLIALFNLLPLKPL	(345-366)	L	40.91	0.77
tr|A0A133UAS4|A0A133UAS4_9EURY Transcription initiation factor IIB OS=candidate division MSBL1 archaeon SCGC-AAA259D18 OX=1698262 GN=tfb PE=3 SV=1	RSLSPERRSRMYRLRKWQRRIR	(100-121)	R	40.91	0.7559
tr|A0A133UAT3|A0A133UAT3_9EURY 50S ribosomal protein L15e OS=candidate division MSBL1 archaeon SCGC-AAA259D18 OX=1698262 GN=AKJ63_01725 PE=3 SV=1	RARVRRGGRRKERPRKGRRPKR	(57-78)	R	50.0	0.8061
tr|A0A133UC68|A0A133UC68_9EURY Phage_integrase domain-containing protein OS=candidate division MSBL1 archaeon SCGC-AAA259D18 OX=1698262 GN=AKJ63_00905 PE=4 SV=1	RRRRMRASRPQTQDRAGR	(95-112)	R	44.44	0.5887
tr|A0A133UCC8|A0A133UCC8_9EURY Uncharacterized protein OS=candidate division MSBL1 archaeon SCGC-AAA259D18 OX=1698262 GN=AKJ63_00695 PE=4 SV=1	RRGRGRRGYGRRPAVR	(20-35)	R	50.0	0.6664
tr|A0A133UCF9|A0A133UCF9_9EURY Uncharacterized protein OS=candidate division MSBL1 archaeon SCGC-AAA259D18 OX=1698262 GN=AKJ63_00495 PE=4 SV=1	RFRRKWARRIRLVLFSRRKGKMRGRGR	(26-52)	R	40.74	0.7675
tr|A0A133UBS9|A0A133UBS9_9EURY Uncharacterized protein OS=candidate division MSBL1 archaeon SCGC-AAA259D18 OX=1698262 GN=AKJ63_01150 PE=4 SV=1	SDPGVASSLGDHSLSLSSS	(419-437)	S	42.11	0.6153
tr|A0A133UBU6|A0A133UBU6_9EURY Uncharacterized protein OS=candidate division MSBL1 archaeon SCGC-AAA259D18 OX=1698262 GN=AKJ63_01120 PE=4 SV=1	SGMIYRSRSESLSSFQVSESSPCSNVLPSDS	(208-238)	S	38.71	0.8315
tr|A0A133UCI4|A0A133UCI4_9EURY Prok-JAB domain-containing protein OS=candidate division MSBL1 archaeon SCGC-AAA259D18 OX=1698262 GN=AKJ63_00355 PE=4 SV=1	SSQSCGSVHSHSSSVPEPS	(63-81)	S	47.37	0.6739
tr|A0A133UBS9|A0A133UBS9_9EURY Uncharacterized protein OS=candidate division MSBL1 archaeon SCGC-AAA259D18 OX=1698262 GN=AKJ63_01150 PE=4 SV=1	TTSDTDYKIEWITTNTTT	(89-106)	T	44.44	0.4592
tr|A0A133UBS9|A0A133UBS9_9EURY Uncharacterized protein OS=candidate division MSBL1 archaeon SCGC-AAA259D18 OX=1698262 GN=AKJ63_01150 PE=4 SV=1	TYTRGDWKTKTTTVTVT	(388-404)	T	47.06	0.6088
tr|A0A133U9S5|A0A133U9S5_9EURY CDP-archaeol synthase OS=candidate division MSBL1 archaeon SCGC-AAA259D18 OX=1698262 GN=carS PE=3 SV=1	VVVVPELEVIIILLVVTPFV	(127-146)	V	40.0	0.5866
tr|A0A133UB33|A0A133UB33_9EURY Uncharacterized protein OS=candidate division MSBL1 archaeon SCGC-AAA259D18 OX=1698262 GN=AKJ63_01485 PE=4 SV=1	VIVGVVVVLAIIGVAAFSV	(13-31)	V	42.11	0.5867
